order_id,date,region,category,quantity,unit_price,discount_rate,rating,age,amount,discount_amount,net_amount
1,2025-02-02,부산,전자제품,2,135529,0.0,1.0,59.0,271058,0.0,271058.0
2,2025-10-10,부산,의류,3,112412,0.3,2.0,25.0,337236,101170.8,236065.2
3,2025-08-27,대구,전자제품,7,35007,0.15,4.0,34.0,245049,36757.35,208291.65
4,2025-06-10,광주,의류,1,149392,0.3,3.0,25.0,149392,44817.6,104574.4
5,2025-06-08,부산,의류,1,148937,0.1,1.0,41.0,148937,14893.7,134043.3
6,2025-11-10,광주,전자제품,3,10941,0.25,5.0,34.0,32823,8205.75,24617.25
7,2025-02-01,광주,식품,5,8721,0.1,1.0,61.0,43605,4360.5,39244.5
8,2025-09-12,서울,전자제품,6,40513,0.15,1.0,58.0,243078,36461.7,206616.3
9,2025-03-15,제주,의류,4,120127,0.1,2.0,64.0,480508,48050.8,432457.2
10,2025-02-04,서울,식품,4,91673,0.15,1.0,39.0,366692,55003.8,311688.2
11,2025-07-12,광주,식품,7,79328,0.05,3.0,46.0,555296,27764.8,527531.2
12,2025-12-23,대구,전자제품,2,65203,0.15,3.0,63.0,130406,19560.9,110845.1
13,2025-09-26,광주,식품,7,74550,0.25,5.0,55.0,521850,130462.5,391387.5
14,2025-10-05,광주,식품,3,97446,0.05,1.0,68.0,292338,14616.9,277721.1
15,2025-09-19,광주,전자제품,2,14247,0.25,2.0,69.0,28494,7123.5,21370.5
16,2025-10-14,광주,생활용품,7,90029,0.25,4.0,21.0,630203,157550.75,472652.25
17,2025-07-07,제주,식품,5,37021,0.0,4.0,30.0,185105,0.0,185105.0
18,2025-02-16,광주,전자제품,4,119259,0.2,2.0,55.0,477036,95407.2,381628.8
19,2025-11-03,제주,의류,3,33333,0.15,5.0,23.0,99999,14999.85,84999.15
20,2025-06-14,대구,식품,4,15280,0.2,5.0,22.0,61120,12224.0,48896.0
21,2025-07-02,부산,식품,6,68037,0.1,4.0,25.0,408222,40822.2,367399.8
22,2025-05-16,부산,의류,2,68889,0.05,4.0,21.0,137778,6888.9,130889.1
23,2025-03-08,광주,전자제품,2,80190,0.1,3.0,53.0,160380,16038.0,144342.0
24,2025-12-05,대구,의류,3,129708,0.05,3.0,32.0,389124,19456.2,369667.8
25,2025-10-13,서울,전자제품,4,106478,0.1,3.0,67.0,425912,42591.2,383320.8
26,2025-08-24,부산,전자제품,6,57600,0.3,5.0,23.0,345600,103680.0,241920.0
27,2025-05-27,제주,전자제품,2,110360,0.25,1.0,42.0,220720,55180.0,165540.0
28,2025-10-28,광주,전자제품,6,78049,0.05,1.0,53.0,468294,23414.7,444879.3
29,2025-07-19,광주,식품,7,37445,0.15,3.0,37.0,262115,39317.25,222797.75
30,2025-06-11,서울,생활용품,4,8128,0.0,3.0,55.0,32512,0.0,32512.0
31,2025-06-14,서울,생활용품,7,5579,0.0,1.0,62.0,39053,0.0,39053.0
32,2025-03-24,부산,전자제품,7,37505,0.2,4.0,51.0,262535,52507.0,210028.0
33,2025-02-03,제주,생활용품,6,123767,0.1,1.0,50.0,742602,74260.2,668341.8
34,2025-07-22,대구,의류,3,72230,0.2,2.0,48.0,216690,43338.0,173352.0
35,2025-11-21,광주,의류,3,70504,0.05,3.0,70.0,211512,10575.6,200936.4
36,2025-01-24,대구,생활용품,7,62850,0.0,1.0,59.0,439950,0.0,439950.0
37,2025-11-10,대구,식품,4,42115,0.25,4.0,21.0,168460,42115.0,126345.0
38,2025-10-30,광주,식품,1,108625,0.05,3.0,58.0,108625,5431.25,103193.75
39,2025-04-12,제주,의류,6,6850,0.0,3.0,26.0,41100,0.0,41100.0
40,2025-08-19,대구,의류,3,93723,0.25,3.0,64.0,281169,70292.25,210876.75
41,2025-03-02,대구,의류,7,140853,0.2,4.0,35.0,985971,197194.2,788776.8
42,2025-10-04,제주,전자제품,6,132641,0.3,4.0,54.0,795846,238753.8,557092.2
43,2025-09-13,부산,생활용품,1,58550,0.2,4.0,57.0,58550,11710.0,46840.0
44,2025-05-10,제주,식품,7,128942,0.15,2.0,36.0,902594,135389.1,767204.9
45,2025-01-25,대구,생활용품,7,39456,0.2,4.0,69.0,276192,55238.4,220953.6
46,2025-12-21,제주,식품,6,39977,0.25,1.0,45.0,239862,59965.5,179896.5
47,2025-06-12,대구,전자제품,2,54805,0.2,1.0,40.0,109610,21922.0,87688.0
48,2025-11-22,광주,생활용품,5,7557,0.1,5.0,44.0,37785,3778.5,34006.5
49,2025-09-05,부산,의류,7,43513,0.3,1.0,34.0,304591,91377.3,213213.7
50,2025-10-12,광주,전자제품,6,128899,0.2,1.0,23.0,773394,154678.8,618715.2
51,2025-10-05,부산,전자제품,4,115545,0.3,2.0,70.0,462180,138654.0,323526.0
52,2025-03-13,광주,전자제품,5,52722,0.15,5.0,61.0,263610,39541.5,224068.5
53,2025-05-13,광주,전자제품,3,50305,0.15,5.0,61.0,150915,22637.25,128277.75
54,2025-06-20,대구,생활용품,2,55331,0.25,4.0,66.0,110662,27665.5,82996.5
55,2025-07-01,대구,전자제품,5,22250,0.2,1.0,50.0,111250,22250.0,89000.0
56,2025-01-16,부산,전자제품,4,27967,0.25,4.0,70.0,111868,27967.0,83901.0
57,2025-07-19,광주,생활용품,2,148947,0.3,5.0,70.0,297894,89368.2,208525.8
58,2025-02-26,대구,생활용품,5,105486,0.05,2.0,31.0,527430,26371.5,501058.5
59,2025-09-29,대구,전자제품,3,103245,0.05,2.0,41.0,309735,15486.75,294248.25
60,2025-09-07,서울,의류,5,45616,0.05,5.0,23.0,228080,11404.0,216676.0
61,2025-12-03,서울,의류,3,129114,0.2,1.0,55.0,387342,77468.4,309873.6
62,2025-09-29,서울,의류,7,30627,0.25,5.0,23.0,214389,53597.25,160791.75
63,2025-05-14,제주,식품,6,145460,0.3,3.0,58.0,872760,261828.0,610932.0
64,2025-12-20,제주,생활용품,4,77992,0.0,4.0,60.0,311968,0.0,311968.0
65,2025-05-30,서울,생활용품,5,52967,0.0,2.0,39.0,264835,0.0,264835.0
66,2025-04-29,서울,의류,2,0,0.2,4.0,51.0,0,0.0,0.0
67,2025-11-27,광주,생활용품,7,65495,0.05,5.0,68.0,458465,22923.25,435541.75
68,2025-05-16,대구,전자제품,2,44092,0.15,3.0,58.0,88184,13227.6,74956.4
69,2025-01-28,부산,의류,7,104126,0.0,2.0,41.0,728882,0.0,728882.0
70,2025-06-21,광주,생활용품,6,109696,0.0,1.0,65.0,658176,0.0,658176.0
71,2025-10-18,부산,의류,2,92474,0.15,5.0,20.0,184948,27742.2,157205.8
72,2025-03-11,서울,생활용품,1,71986,0.2,5.0,29.0,71986,14397.2,57588.8
73,2025-06-18,부산,식품,6,52676,0.3,4.0,35.0,316056,94816.8,221239.2
74,2025-02-17,제주,생활용품,7,63547,0.15,1.0,37.0,444829,66724.35,378104.65
75,2025-09-08,광주,생활용품,6,131785,0.2,5.0,53.0,790710,158142.0,632568.0
76,2025-06-23,서울,의류,1,57130,0.3,3.0,59.0,57130,17139.0,39991.0
77,2025-05-01,대구,의류,5,145243,0.15,2.0,20.0,726215,108932.25,617282.75
78,2025-03-24,제주,의류,3,26109,0.05,2.0,31.0,78327,3916.35,74410.65
79,2025-07-26,제주,식품,7,28594,0.25,5.0,61.0,200158,50039.5,150118.5
80,2025-09-02,광주,의류,6,53232,0.0,4.0,44.0,319392,0.0,319392.0
81,2025-12-10,서울,생활용품,6,5431,0.05,3.0,34.0,32586,1629.3,30956.7
82,2025-06-09,부산,전자제품,3,132492,0.0,4.0,41.0,397476,0.0,397476.0
83,2025-02-28,부산,전자제품,3,54357,0.2,5.0,50.0,163071,32614.2,130456.8
84,2025-10-31,서울,식품,6,19814,0.05,4.0,49.0,118884,5944.2,112939.8
85,2025-08-18,서울,식품,1,94690,0.1,2.0,61.0,94690,9469.0,85221.0
86,2025-09-13,부산,의류,1,143954,0.2,1.0,70.0,143954,28790.8,115163.2
87,2025-02-05,대구,식품,1,149093,0.1,1.0,60.0,149093,14909.3,134183.7
88,2025-04-25,부산,의류,4,20587,0.1,2.0,23.0,82348,8234.8,74113.2
89,2025-10-08,대구,전자제품,1,119970,0.15,4.0,40.0,119970,17995.5,101974.5
90,2025-10-31,부산,식품,5,57494,0.0,1.0,43.0,287470,0.0,287470.0
91,2025-06-08,서울,의류,2,126254,0.3,1.0,51.0,252508,75752.4,176755.6
92,2025-10-21,제주,식품,7,92915,0.3,5.0,68.0,650405,195121.5,455283.5
93,2025-11-04,대구,의류,4,111102,0.2,3.0,,444408,88881.6,355526.4
94,2025-05-22,부산,의류,1,126487,0.0,1.0,36.0,126487,0.0,126487.0
95,2025-11-24,제주,식품,5,134828,0.15,,65.0,674140,101121.0,573019.0
96,2025-04-16,제주,식품,3,25819,0.1,5.0,57.0,77457,7745.7,69711.3
97,2025-03-29,제주,생활용품,2,109956,0.05,3.0,42.0,219912,10995.6,208916.4
98,2025-09-07,서울,생활용품,5,25459,0.3,1.0,67.0,127295,38188.5,89106.5
99,2025-08-21,광주,전자제품,7,141869,0.1,4.0,34.0,993083,99308.3,893774.7
100,2025-02-21,제주,의류,7,96115,0.2,5.0,30.0,672805,134561.0,538244.0
101,2025-10-31,제주,식품,4,32935,0.2,5.0,19.0,131740,26348.0,105392.0
102,2025-03-14,부산,전자제품,6,47448,0.1,3.0,22.0,284688,28468.8,256219.2
103,2025-10-21,제주,의류,2,134875,0.1,5.0,63.0,269750,26975.0,242775.0
104,2025-01-03,대구,전자제품,6,98453,0.3,5.0,22.0,590718,177215.4,413502.6
105,2025-10-18,대구,식품,7,38243,0.25,1.0,58.0,267701,66925.25,200775.75
106,2025-10-15,대구,의류,4,123985,0.15,4.0,21.0,495940,74391.0,421549.0
107,2025-10-12,광주,생활용품,4,109156,0.15,4.0,30.0,436624,65493.6,371130.4
108,2025-08-31,서울,식품,4,16146,0.0,4.0,36.0,64584,0.0,64584.0
109,2025-06-22,대구,생활용품,1,46075,0.05,3.0,29.0,46075,2303.75,43771.25
110,2025-09-15,제주,생활용품,7,127452,0.0,4.0,24.0,892164,0.0,892164.0
111,2025-04-12,대구,식품,6,55870,0.25,3.0,70.0,335220,83805.0,251415.0
112,2025-10-12,부산,전자제품,7,10449,0.3,2.0,39.0,73143,21942.9,51200.1
113,2025-07-22,서울,의류,1,92564,0.05,3.0,40.0,92564,4628.2,87935.8
114,2025-06-17,대구,전자제품,6,135330,0.05,5.0,57.0,811980,40599.0,771381.0
115,2025-07-04,광주,생활용품,3,85683,0.1,5.0,66.0,257049,25704.9,231344.1
116,2025-07-27,대구,식품,6,146465,0.25,4.0,33.0,878790,219697.5,659092.5
117,2025-01-14,제주,생활용품,7,21547,0.1,2.0,42.0,150829,15082.9,135746.1
118,2025-02-21,광주,의류,7,101781,0.0,2.0,43.0,712467,0.0,712467.0
119,2025-03-31,대구,식품,7,99212,0.2,2.0,31.0,694484,138896.8,555587.2
120,2025-02-11,서울,생활용품,1,147718,0.05,2.0,24.0,147718,7385.9,140332.1
121,2025-06-10,대구,생활용품,3,80567,0.2,5.0,66.0,241701,48340.2,193360.8
122,2025-09-01,서울,생활용품,3,124189,0.25,3.0,55.0,372567,93141.75,279425.25
123,2025-08-27,광주,전자제품,4,26084,0.0,2.0,53.0,104336,0.0,104336.0
124,2025-06-21,서울,식품,7,11433,0.3,5.0,34.0,80031,24009.3,56021.7
125,2025-11-09,제주,생활용품,5,108889,0.2,2.0,53.0,544445,108889.0,435556.0
126,2025-07-26,부산,생활용품,4,5552,0.0,4.0,25.0,22208,0.0,22208.0
127,2025-01-29,대구,식품,6,131851,0.05,4.0,24.0,791106,39555.3,751550.7
128,2025-10-07,서울,전자제품,2,8015,0.05,2.0,68.0,16030,801.5,15228.5
129,2025-07-29,부산,식품,5,104836,0.3,5.0,30.0,524180,157254.0,366926.0
130,2025-08-20,제주,의류,4,70526,0.25,4.0,58.0,282104,70526.0,211578.0
131,2025-07-26,부산,의류,2,98591,0.1,5.0,32.0,197182,19718.2,177463.8
132,2025-07-22,대구,생활용품,5,95391,0.15,1.0,52.0,476955,71543.25,405411.75
133,2025-02-03,제주,전자제품,6,69421,0.1,2.0,50.0,416526,41652.6,374873.4
134,2025-07-24,광주,식품,6,74813,0.1,2.0,56.0,448878,44887.8,403990.2
135,2025-10-18,서울,식품,6,77989,0.2,4.0,68.0,467934,93586.8,374347.2
136,2025-04-21,부산,생활용품,6,103184,0.05,5.0,40.0,619104,30955.2,588148.8
137,2025-08-09,부산,전자제품,4,107989,0.25,1.0,63.0,431956,107989.0,323967.0
138,2025-01-12,부산,전자제품,1,70192,0.3,1.0,33.0,70192,21057.6,49134.4
139,2025-05-07,부산,식품,7,56113,0.3,4.0,69.0,392791,117837.3,274953.7
140,2025-06-09,대구,전자제품,4,11171,0.05,2.0,44.0,44684,2234.2,42449.8
141,2025-12-25,부산,의류,5,117987,0.1,4.0,62.0,589935,58993.5,530941.5
142,2025-03-20,부산,의류,1,37794,0.05,1.0,61.0,37794,1889.7,35904.3
143,2025-04-11,대구,의류,7,67958,0.2,3.0,51.0,475706,95141.2,380564.8
144,2025-05-30,부산,생활용품,7,148931,0.1,1.0,69.0,1042517,104251.7,938265.3
145,2025-12-29,부산,식품,7,118799,0.1,5.0,53.0,831593,83159.3,748433.7
146,2025-11-08,대구,식품,2,55150,0.0,1.0,50.0,110300,0.0,110300.0
147,2025-01-13,제주,식품,6,73864,0.15,1.0,31.0,443184,66477.6,376706.4
148,2025-03-27,대구,생활용품,5,52091,0.15,1.0,37.0,260455,39068.25,221386.75
149,2025-10-27,대구,의류,2,95797,0.15,2.0,18.0,191594,28739.1,162854.9
150,2025-01-22,제주,전자제품,4,0,0.1,3.0,56.0,0,0.0,0.0
151,2025-11-09,광주,의류,4,143134,0.25,4.0,50.0,572536,143134.0,429402.0
152,2025-04-13,부산,의류,5,148136,0.2,5.0,54.0,740680,148136.0,592544.0
153,2025-12-01,부산,전자제품,1,48291,0.05,5.0,51.0,48291,2414.55,45876.45
154,2025-04-18,대구,의류,4,38416,0.1,1.0,31.0,153664,15366.4,138297.6
155,2025-06-08,대구,의류,5,83191,0.2,3.0,70.0,415955,83191.0,332764.0
156,2025-08-30,서울,전자제품,6,98790,0.0,5.0,41.0,592740,0.0,592740.0
157,2025-02-16,서울,전자제품,6,98323,0.1,1.0,55.0,589938,58993.8,530944.2
158,2025-07-23,부산,의류,5,11096,0.3,4.0,25.0,55480,16644.0,38836.0
159,2025-07-04,제주,의류,5,108099,0.15,3.0,49.0,540495,81074.25,459420.75
160,2025-10-14,광주,의류,1,14638,0.15,1.0,39.0,14638,2195.7,12442.3
161,2025-12-30,제주,식품,6,54586,0.2,1.0,67.0,327516,65503.2,262012.8
162,2025-08-31,서울,의류,3,108929,0.1,2.0,58.0,326787,32678.7,294108.3
163,2025-05-30,대구,생활용품,4,133627,0.25,1.0,67.0,534508,133627.0,400881.0
164,2025-05-29,대구,전자제품,4,97100,0.0,1.0,34.0,388400,0.0,388400.0
165,2025-06-02,대구,의류,7,28160,0.15,3.0,52.0,197120,29568.0,167552.0
166,2025-10-25,대구,전자제품,3,103624,0.2,4.0,51.0,310872,62174.4,248697.6
167,2025-04-28,부산,전자제품,3,10371,0.05,3.0,31.0,31113,1555.65,29557.35
168,2025-03-02,서울,생활용품,6,38490,0.25,4.0,35.0,230940,57735.0,173205.0
169,2025-05-03,제주,전자제품,5,22942,0.0,1.0,53.0,114710,0.0,114710.0
170,2025-01-09,제주,의류,3,147809,0.2,2.0,25.0,443427,88685.4,354741.6
171,2025-02-08,서울,의류,3,58412,0.2,4.0,39.0,175236,35047.2,140188.8
172,2025-02-02,대구,생활용품,6,85964,0.25,1.0,57.0,515784,128946.0,386838.0
173,2025-10-09,대구,의류,6,119636,0.05,3.0,62.0,717816,35890.8,681925.2
174,2025-09-21,광주,의류,2,145585,0.05,1.0,49.0,291170,14558.5,276611.5
175,2025-09-12,제주,생활용품,3,149347,0.2,3.0,53.0,448041,89608.2,358432.8
176,2025-06-18,대구,생활용품,6,28804,0.3,4.0,61.0,172824,51847.2,120976.8
177,2025-09-19,광주,의류,1,62119,0.25,5.0,30.0,62119,15529.75,46589.25
178,2025-02-28,제주,전자제품,2,63739,0.05,1.0,53.0,127478,6373.9,121104.1
179,2025-11-25,제주,전자제품,2,120454,0.1,3.0,56.0,240908,24090.8,216817.2
180,2025-07-02,부산,식품,4,53674,0.05,3.0,61.0,214696,10734.8,203961.2
181,2025-12-09,제주,의류,4,38535,0.25,1.0,50.0,154140,38535.0,115605.0
182,2025-02-25,대구,의류,3,114486,0.15,4.0,26.0,343458,51518.7,291939.3
183,2025-07-01,서울,생활용품,1,76793,0.15,1.0,20.0,76793,11518.95,65274.05
184,2025-09-12,광주,전자제품,5,113398,0.0,4.0,50.0,566990,0.0,566990.0
185,2025-06-30,제주,전자제품,6,60087,0.2,2.0,32.0,360522,72104.4,288417.6
186,2025-06-12,부산,전자제품,2,75549,0.15,1.0,37.0,151098,22664.7,128433.3
187,2025-03-02,대구,의류,5,6323,0.0,1.0,42.0,31615,0.0,31615.0
188,2025-05-20,부산,의류,6,7341,0.05,3.0,57.0,44046,2202.3,41843.7
189,2025-03-29,서울,전자제품,4,5050,0.25,2.0,36.0,20200,5050.0,15150.0
190,2025-04-21,제주,생활용품,5,30405,0.25,3.0,48.0,152025,38006.25,114018.75
191,2025-09-07,서울,식품,2,55406,0.15,5.0,44.0,110812,16621.8,94190.2
192,2025-08-19,대구,의류,7,12288,0.25,5.0,20.0,86016,21504.0,64512.0
193,2025-08-10,서울,생활용품,7,28309,0.25,4.0,54.0,198163,49540.75,148622.25
194,2025-05-13,광주,전자제품,5,127817,0.2,3.0,46.0,639085,127817.0,511268.0
195,2025-12-17,제주,생활용품,7,128913,0.05,1.0,29.0,902391,45119.55,857271.45
196,2025-02-01,광주,생활용품,5,47017,0.1,3.0,57.0,235085,23508.5,211576.5
197,2025-05-06,광주,생활용품,5,142239,0.25,1.0,23.0,711195,177798.75,533396.25
198,2025-02-13,제주,전자제품,6,22098,0.1,1.0,31.0,132588,13258.8,119329.2
199,2025-05-04,제주,식품,1,9553,0.2,2.0,30.0,9553,1910.6,7642.4
200,2025-12-18,제주,전자제품,2,56355,0.25,4.0,52.0,112710,28177.5,84532.5
201,2025-05-14,부산,식품,2,43386,0.15,4.0,70.0,86772,13015.8,73756.2
202,2025-11-28,대구,생활용품,5,16207,0.15,4.0,62.0,81035,12155.25,68879.75
203,2025-06-30,제주,생활용품,2,127881,0.05,2.0,25.0,255762,12788.1,242973.9
204,2025-09-13,부산,생활용품,3,146935,0.15,,21.0,440805,66120.75,374684.25
205,2025-06-16,광주,식품,4,44207,0.0,5.0,59.0,176828,0.0,176828.0
206,2025-04-08,서울,생활용품,6,50676,0.0,4.0,48.0,304056,0.0,304056.0
207,2025-10-06,제주,생활용품,4,109166,0.15,4.0,37.0,436664,65499.6,371164.4
208,2025-12-20,광주,생활용품,1,140295,0.05,5.0,65.0,140295,7014.75,133280.25
209,2025-04-07,광주,생활용품,5,46593,0.1,4.0,27.0,232965,23296.5,209668.5
210,2025-10-12,제주,의류,3,103996,0.1,5.0,24.0,311988,31198.8,280789.2
211,2025-04-06,부산,전자제품,1,8354,0.15,2.0,44.0,8354,1253.1,7100.9
212,2025-09-19,대구,식품,5,87086,0.2,2.0,32.0,435430,87086.0,348344.0
213,2025-10-15,제주,생활용품,2,148138,0.15,1.0,30.0,296276,44441.4,251834.6
214,2025-06-14,서울,식품,4,73947,0.25,1.0,51.0,295788,73947.0,221841.0
215,2025-09-26,제주,전자제품,7,98023,0.15,3.0,34.0,686161,102924.15,583236.85
216,2025-04-10,부산,생활용품,2,104670,0.3,5.0,49.0,209340,62802.0,146538.0
217,2025-01-29,대구,식품,7,96682,0.3,2.0,48.0,676774,203032.2,473741.8
218,2025-02-05,대구,생활용품,4,104510,0.1,4.0,60.0,418040,41804.0,376236.0
219,2025-06-13,광주,식품,7,133574,0.25,1.0,69.0,935018,233754.5,701263.5
220,2025-11-26,제주,식품,6,6525,0.15,5.0,51.0,39150,5872.5,33277.5
221,2025-02-16,부산,식품,6,133268,0.3,3.0,33.0,799608,239882.4,559725.6
222,2025-06-16,서울,식품,2,136629,0.25,3.0,48.0,273258,68314.5,204943.5
223,2025-09-14,대구,식품,6,136083,0.1,2.0,43.0,816498,81649.8,734848.2
224,2025-03-15,광주,식품,3,58355,0.1,5.0,41.0,175065,17506.5,157558.5
225,2025-09-21,광주,생활용품,7,89535,0.3,3.0,36.0,626745,188023.5,438721.5
226,2025-04-22,광주,식품,7,56224,0.15,1.0,22.0,393568,59035.2,334532.8
227,2025-10-23,부산,식품,5,126846,0.2,3.0,31.0,634230,126846.0,507384.0
228,2025-07-31,제주,생활용품,7,63956,0.2,3.0,49.0,447692,89538.4,358153.6
229,2025-07-19,서울,식품,4,50386,0.05,4.0,21.0,201544,10077.2,191466.8
230,2025-03-06,서울,전자제품,1,104366,0.05,3.0,26.0,104366,5218.3,99147.7
231,2025-06-19,서울,전자제품,7,12158,0.3,2.0,48.0,85106,25531.8,59574.2
232,2025-11-09,제주,식품,4,59522,0.05,1.0,70.0,238088,11904.4,226183.6
233,2025-01-08,서울,의류,1,34911,0.3,5.0,26.0,34911,10473.3,24437.7
234,2025-10-04,광주,생활용품,1,59205,0.1,1.0,22.0,59205,5920.5,53284.5
235,2025-06-29,제주,전자제품,6,70068,0.25,2.0,36.0,420408,105102.0,315306.0
236,2025-09-20,광주,의류,7,14202,0.2,1.0,22.0,99414,19882.8,79531.2
237,2025-08-31,제주,식품,5,130377,0.0,2.0,65.0,651885,0.0,651885.0
238,2025-06-07,서울,식품,4,65413,0.05,1.0,59.0,261652,13082.6,248569.4
239,2025-04-23,대구,식품,3,57027,0.3,2.0,24.0,171081,51324.3,119756.7
240,2025-08-17,대구,식품,3,26674,0.05,5.0,23.0,80022,4001.1,76020.9
241,2025-02-21,광주,전자제품,3,149390,0.05,2.0,46.0,448170,22408.5,425761.5
242,2025-08-02,광주,전자제품,2,129061,0.05,5.0,39.0,258122,12906.1,245215.9
243,2025-02-04,대구,의류,1,74873,0.2,4.0,54.0,74873,14974.6,59898.4
244,2025-08-26,부산,전자제품,4,53504,0.25,5.0,67.0,214016,53504.0,160512.0
245,2025-08-18,서울,식품,2,72786,0.3,4.0,35.0,145572,43671.6,101900.4
246,2025-01-31,대구,전자제품,2,144326,0.3,5.0,59.0,288652,86595.6,202056.4
247,2025-10-04,부산,전자제품,2,37102,0.3,3.0,35.0,74204,22261.2,51942.8
248,2025-06-01,대구,전자제품,6,104257,0.3,5.0,30.0,625542,187662.6,437879.4
249,2025-10-15,광주,식품,5,136017,0.15,1.0,69.0,680085,102012.75,578072.25
250,2025-01-16,대구,전자제품,4,114642,0.25,5.0,31.0,458568,114642.0,343926.0
251,2025-03-07,대구,전자제품,5,131173,0.2,1.0,25.0,655865,131173.0,524692.0
252,2025-06-30,서울,식품,4,142424,0.0,1.0,49.0,569696,0.0,569696.0
253,2025-03-10,광주,식품,4,13699,0.0,4.0,49.0,54796,0.0,54796.0
254,2025-05-01,대구,전자제품,6,39645,0.0,2.0,43.0,237870,0.0,237870.0
255,2025-08-30,서울,전자제품,6,25940,0.1,1.0,22.0,155640,15564.0,140076.0
256,2025-02-22,부산,생활용품,2,87257,0.15,5.0,24.0,174514,26177.1,148336.9
257,2025-09-05,광주,의류,6,64078,0.2,3.0,58.0,384468,76893.6,307574.4
258,2025-02-07,제주,전자제품,2,10905,0.15,3.0,26.0,21810,3271.5,18538.5
259,2025-03-05,대구,식품,1,85849,0.1,2.0,32.0,85849,8584.9,77264.1
260,2025-08-03,제주,식품,3,19610,0.25,4.0,60.0,58830,14707.5,44122.5
261,2025-10-17,서울,생활용품,3,64060,0.3,2.0,35.0,192180,57654.0,134526.0
262,2025-03-04,부산,생활용품,6,58155,0.05,3.0,36.0,348930,17446.5,331483.5
263,2025-04-20,제주,생활용품,5,134572,0.05,1.0,66.0,672860,33643.0,639217.0
264,2025-12-04,서울,전자제품,1,103963,0.3,2.0,60.0,103963,31188.9,72774.1
265,2025-12-28,광주,식품,4,95509,0.3,1.0,55.0,382036,114610.8,267425.2
266,2025-08-01,부산,식품,6,125596,0.1,2.0,28.0,753576,75357.6,678218.4
267,2025-06-13,부산,의류,6,31176,0.15,2.0,33.0,187056,28058.4,158997.6
268,2025-05-07,대구,생활용품,4,42178,0.2,4.0,49.0,168712,33742.4,134969.6
269,2025-08-12,부산,식품,5,114088,0.2,5.0,62.0,570440,114088.0,456352.0
270,2025-08-04,제주,의류,4,113616,0.3,3.0,44.0,454464,136339.2,318124.8
271,2025-04-18,제주,식품,2,8097,0.0,5.0,57.0,16194,0.0,16194.0
272,2025-01-09,대구,전자제품,4,37522,0.15,2.0,35.0,150088,22513.2,127574.8
273,2025-02-25,대구,식품,5,37929,0.05,3.0,37.0,189645,9482.25,180162.75
274,2025-12-16,서울,의류,1,5878,0.25,4.0,50.0,5878,1469.5,4408.5
275,2025-06-02,부산,식품,5,100890,0.2,1.0,48.0,504450,100890.0,403560.0
276,2025-06-26,서울,의류,2,12889,0.25,3.0,24.0,25778,6444.5,19333.5
277,2025-06-20,제주,의류,1,126999,0.3,5.0,38.0,126999,38099.7,88899.3
278,2025-10-13,부산,식품,6,89906,0.25,3.0,63.0,539436,134859.0,404577.0
279,2025-01-24,부산,생활용품,3,115451,0.25,5.0,46.0,346353,86588.25,259764.75
280,2025-01-31,제주,전자제품,3,77086,0.25,4.0,57.0,231258,57814.5,173443.5
281,2025-04-11,광주,생활용품,5,145688,0.2,1.0,61.0,728440,145688.0,582752.0
282,2025-06-27,광주,전자제품,4,44211,0.1,3.0,33.0,176844,17684.4,159159.6
283,2025-09-02,서울,식품,5,85906,0.1,2.0,30.0,429530,42953.0,386577.0
284,2025-06-29,대구,생활용품,7,5949,0.1,5.0,48.0,41643,4164.3,37478.7
285,2025-06-11,대구,의류,5,125770,0.2,2.0,43.0,628850,125770.0,503080.0
286,2025-12-09,부산,식품,1,87362,0.25,3.0,65.0,87362,21840.5,65521.5
287,2025-02-28,광주,생활용품,2,30506,0.1,4.0,27.0,61012,6101.2,54910.8
288,2025-07-28,제주,전자제품,4,123553,0.2,5.0,40.0,494212,98842.4,395369.6
289,2025-07-17,부산,의류,4,148438,0.1,3.0,20.0,593752,59375.2,534376.8
290,2025-06-22,부산,의류,3,14939,0.2,5.0,37.0,44817,8963.4,35853.6
291,2025-10-22,부산,전자제품,2,127634,0.25,1.0,49.0,255268,63817.0,191451.0
292,2025-04-08,제주,생활용품,1,111789,0.1,5.0,60.0,111789,11178.9,100610.1
293,2025-12-15,서울,생활용품,2,56390,0.1,2.0,62.0,112780,11278.0,101502.0
294,2025-05-02,제주,전자제품,7,97009,0.05,4.0,18.0,679063,33953.15,645109.85
295,2025-07-18,광주,전자제품,3,118884,0.15,3.0,64.0,356652,53497.8,303154.2
296,2025-07-10,대구,전자제품,7,74506,0.15,4.0,54.0,521542,78231.3,443310.7
297,2025-11-07,대구,식품,3,101638,0.05,1.0,28.0,304914,15245.7,289668.3
298,2025-06-10,제주,식품,3,12009,0.3,3.0,29.0,36027,10808.1,25218.9
299,2025-04-14,광주,의류,4,139170,0.3,1.0,59.0,556680,167004.0,389676.0
300,2025-01-08,부산,의류,7,138918,0.1,3.0,54.0,972426,97242.6,875183.4
301,2025-05-13,서울,전자제품,4,35487,0.3,3.0,28.0,141948,42584.4,99363.6
302,2025-10-29,광주,식품,1,74229,0.05,2.0,41.0,74229,3711.45,70517.55
303,2025-01-04,서울,생활용품,2,39615,0.1,3.0,63.0,79230,7923.0,71307.0
304,2025-11-24,서울,생활용품,7,62943,0.0,2.0,19.0,440601,0.0,440601.0
305,2025-07-18,제주,식품,2,44914,0.2,1.0,45.0,89828,17965.6,71862.4
306,2025-02-21,대구,전자제품,6,129914,0.15,1.0,64.0,779484,116922.6,662561.4
307,2025-04-21,광주,전자제품,7,105739,0.05,2.0,18.0,740173,37008.65,703164.35
308,2025-07-22,부산,식품,2,127609,0.1,4.0,46.0,255218,25521.8,229696.2
309,2025-04-26,서울,식품,4,119970,0.3,3.0,47.0,479880,143964.0,335916.0
310,2025-02-09,서울,식품,5,110453,0.2,1.0,34.0,552265,110453.0,441812.0
311,2025-09-01,부산,전자제품,6,29165,0.05,3.0,46.0,174990,8749.5,166240.5
312,2025-09-03,서울,식품,6,125258,0.0,3.0,55.0,751548,0.0,751548.0
313,2025-02-13,대구,식품,1,118548,0.0,2.0,33.0,118548,0.0,118548.0
314,2025-04-13,부산,식품,3,23027,0.05,1.0,44.0,69081,3454.05,65626.95
315,2025-03-31,대구,전자제품,7,17724,0.25,2.0,46.0,124068,31017.0,93051.0
316,2025-08-29,대구,생활용품,3,115333,0.0,1.0,19.0,345999,0.0,345999.0
317,2025-09-24,부산,식품,2,61576,0.05,2.0,29.0,123152,6157.6,116994.4
318,2025-09-23,대구,식품,5,52565,0.0,3.0,52.0,262825,0.0,262825.0
319,2025-12-09,서울,생활용품,2,62496,0.2,5.0,43.0,124992,24998.4,99993.6
320,2025-10-08,부산,의류,2,130787,0.25,5.0,69.0,261574,65393.5,196180.5
321,2025-04-28,제주,전자제품,6,57736,0.15,4.0,63.0,346416,51962.4,294453.6
322,2025-02-09,제주,전자제품,1,58683,0.3,2.0,29.0,58683,17604.9,41078.1
323,2025-08-13,대구,전자제품,7,62895,0.2,5.0,70.0,440265,88053.0,352212.0
324,2025-12-01,제주,의류,2,12874,0.25,5.0,63.0,25748,6437.0,19311.0
325,2025-12-22,대구,식품,1,10431,0.1,2.0,40.0,10431,1043.1,9387.9
326,2025-03-26,서울,식품,6,65085,0.3,1.0,50.0,390510,117153.0,273357.0
327,2025-03-28,제주,의류,2,7438,0.2,3.0,32.0,14876,2975.2,11900.8
328,2025-01-14,대구,의류,3,114733,0.0,3.0,22.0,344199,0.0,344199.0
329,2025-02-21,광주,전자제품,3,66536,0.0,4.0,30.0,199608,0.0,199608.0
330,2025-07-22,광주,전자제품,4,77635,0.3,1.0,56.0,310540,93162.0,217378.0
331,2025-07-19,부산,생활용품,4,53730,0.05,3.0,48.0,214920,10746.0,204174.0
332,2025-05-16,광주,생활용품,2,115727,0.15,2.0,41.0,231454,34718.1,196735.9
333,2025-04-24,대구,생활용품,2,66989,0.25,3.0,43.0,133978,33494.5,100483.5
334,2025-10-30,부산,생활용품,2,10114,0.25,1.0,60.0,20228,5057.0,15171.0
335,2025-06-17,부산,식품,1,75804,0.0,3.0,54.0,75804,0.0,75804.0
336,2025-10-23,광주,생활용품,5,30688,0.2,1.0,51.0,153440,30688.0,122752.0
337,2025-12-18,부산,생활용품,4,91278,0.3,5.0,44.0,365112,109533.6,255578.4
338,2025-04-26,서울,생활용품,1,86723,0.1,4.0,18.0,86723,8672.3,78050.7
339,2025-03-15,제주,전자제품,3,73813,0.15,5.0,35.0,221439,33215.85,188223.15
340,2025-12-14,부산,전자제품,5,60870,0.05,4.0,24.0,304350,15217.5,289132.5
341,2025-08-20,광주,식품,2,91418,0.25,5.0,59.0,182836,45709.0,137127.0
342,2025-04-17,광주,의류,3,103626,0.0,2.0,36.0,310878,0.0,310878.0
343,2025-08-15,제주,생활용품,6,132393,0.15,1.0,30.0,794358,119153.7,675204.3
344,2025-07-07,광주,식품,5,144571,0.1,5.0,43.0,722855,72285.5,650569.5
345,2025-11-27,광주,생활용품,5,17056,0.2,4.0,43.0,85280,17056.0,68224.0
346,2025-04-04,제주,생활용품,3,100680,0.15,4.0,67.0,302040,45306.0,256734.0
347,2025-12-28,제주,생활용품,4,17274,0.3,2.0,27.0,69096,20728.8,48367.2
348,2025-12-08,서울,전자제품,6,65518,0.3,2.0,61.0,393108,117932.4,275175.6
349,2025-03-07,광주,전자제품,7,112487,0.05,4.0,29.0,787409,39370.45,748038.55
350,2025-03-02,서울,전자제품,1,83643,0.0,3.0,60.0,83643,0.0,83643.0
351,2025-07-14,제주,의류,6,122131,0.15,1.0,46.0,732786,109917.9,622868.1
352,2025-01-17,서울,의류,7,137360,0.2,2.0,46.0,961520,192304.0,769216.0
353,2025-04-20,부산,식품,7,146213,0.25,2.0,55.0,1023491,255872.75,767618.25
354,2025-06-08,서울,전자제품,2,102584,0.15,5.0,22.0,205168,30775.2,174392.8
355,2025-12-20,광주,의류,4,102644,0.2,2.0,60.0,410576,82115.2,328460.8
356,2025-12-29,서울,의류,1,121461,0.0,3.0,57.0,121461,0.0,121461.0
357,2025-02-25,서울,식품,1,38790,0.25,3.0,,38790,9697.5,29092.5
358,2025-11-22,대구,식품,4,48720,0.1,1.0,22.0,194880,19488.0,175392.0
359,2025-02-03,제주,의류,2,54484,0.1,3.0,56.0,108968,10896.8,98071.2
360,2025-10-01,대구,의류,2,112927,0.1,2.0,22.0,225854,22585.4,203268.6
361,2025-11-05,대구,의류,3,55924,0.0,5.0,48.0,167772,0.0,167772.0
362,2025-11-22,광주,생활용품,4,25217,0.15,2.0,31.0,100868,15130.2,85737.8
363,2025-03-23,대구,식품,2,120805,0.1,2.0,56.0,241610,24161.0,217449.0
364,2025-11-23,부산,의류,6,113718,0.05,3.0,66.0,682308,34115.4,648192.6
365,2025-02-12,대구,생활용품,5,91158,0.05,2.0,62.0,455790,22789.5,433000.5
366,2025-07-09,서울,전자제품,6,132826,0.0,3.0,57.0,796956,0.0,796956.0
367,2025-06-21,부산,식품,7,119818,0.3,4.0,52.0,838726,251617.8,587108.2
368,2025-04-26,광주,전자제품,5,135534,0.1,5.0,22.0,677670,67767.0,609903.0
369,2025-01-09,부산,식품,3,42666,0.3,5.0,68.0,127998,38399.4,89598.6
370,2025-10-09,서울,전자제품,7,21905,0.25,2.0,66.0,153335,38333.75,115001.25
371,2025-05-03,서울,의류,4,54523,0.15,4.0,21.0,218092,32713.8,185378.2
372,2025-08-30,제주,전자제품,4,125333,0.25,2.0,59.0,501332,125333.0,375999.0
373,2025-05-30,부산,의류,3,139079,0.05,5.0,23.0,417237,20861.85,396375.15
374,2025-05-17,서울,의류,1,20940,0.05,1.0,49.0,20940,1047.0,19893.0
375,2025-11-20,광주,생활용품,7,129049,0.3,5.0,31.0,903343,271002.9,632340.1
376,2025-02-04,대구,식품,6,74368,0.2,2.0,24.0,446208,89241.6,356966.4
377,2025-09-26,대구,식품,5,123606,0.2,4.0,30.0,618030,123606.0,494424.0
378,2025-09-30,제주,전자제품,2,103966,0.3,4.0,34.0,207932,62379.6,145552.4
379,2025-05-19,부산,의류,7,13702,0.0,2.0,36.0,95914,0.0,95914.0
380,2025-04-06,대구,전자제품,2,75216,0.05,5.0,33.0,150432,7521.6,142910.4
381,2025-01-02,광주,전자제품,2,17898,0.3,2.0,42.0,35796,10738.8,25057.2
382,2025-12-08,광주,생활용품,1,54287,0.0,4.0,51.0,54287,0.0,54287.0
383,2025-12-12,부산,의류,3,114847,0.15,5.0,42.0,344541,51681.15,292859.85
384,2025-03-29,광주,전자제품,3,104154,0.0,1.0,49.0,312462,0.0,312462.0
385,2025-01-12,광주,의류,6,107174,0.1,5.0,38.0,643044,64304.4,578739.6
386,2025-02-14,서울,식품,3,100828,0.05,5.0,32.0,302484,15124.2,287359.8
387,2025-01-25,서울,전자제품,7,7133,0.05,2.0,25.0,49931,2496.55,47434.45
388,2025-10-31,광주,식품,3,89520,0.25,5.0,34.0,268560,67140.0,201420.0
389,2025-11-22,서울,생활용품,4,75327,0.05,1.0,28.0,301308,15065.4,286242.6
390,2025-02-25,제주,전자제품,5,81622,0.25,1.0,45.0,408110,102027.5,306082.5
391,2025-09-30,서울,식품,6,35853,0.3,4.0,52.0,215118,64535.4,150582.6
392,2025-03-07,제주,생활용품,6,107332,0.15,5.0,62.0,643992,96598.8,547393.2
393,2025-05-15,광주,식품,7,93094,0.15,1.0,33.0,651658,97748.7,553909.3
394,2025-08-07,대구,전자제품,7,63440,0.1,4.0,24.0,444080,44408.0,399672.0
395,2025-09-20,부산,식품,1,13202,0.2,1.0,61.0,13202,2640.4,10561.6
396,2025-11-16,부산,의류,1,14971,0.25,4.0,56.0,14971,3742.75,11228.25
397,2025-01-17,광주,생활용품,4,57055,0.3,5.0,34.0,228220,68466.0,159754.0
398,2025-03-13,광주,의류,2,82931,0.05,3.0,70.0,165862,8293.1,157568.9
399,2025-04-13,부산,전자제품,4,149551,0.2,1.0,52.0,598204,119640.8,478563.2
400,2025-04-24,대구,생활용품,5,109901,0.0,2.0,57.0,549505,0.0,549505.0
401,2025-12-31,제주,생활용품,2,75381,0.15,3.0,36.0,150762,22614.3,128147.7
402,2025-10-11,부산,의류,1,48378,0.0,4.0,41.0,48378,0.0,48378.0
403,2025-04-27,광주,생활용품,7,29448,0.15,3.0,36.0,206136,30920.4,175215.6
404,2025-12-21,서울,생활용품,3,25409,0.25,3.0,56.0,76227,19056.75,57170.25
405,2025-07-02,제주,전자제품,6,15423,0.25,4.0,61.0,92538,23134.5,69403.5
406,2025-07-02,서울,식품,5,137217,0.25,5.0,63.0,686085,171521.25,514563.75
407,2025-06-08,부산,의류,5,7301,0.2,4.0,35.0,36505,7301.0,29204.0
408,2025-02-22,대구,식품,6,130244,0.2,1.0,58.0,781464,156292.8,625171.2
409,2025-12-08,부산,의류,2,89609,0.0,1.0,54.0,179218,0.0,179218.0
410,2025-01-06,서울,의류,2,94673,0.25,2.0,18.0,189346,47336.5,142009.5
411,2025-03-05,광주,전자제품,7,144005,0.2,2.0,60.0,1008035,201607.0,806428.0
412,2025-03-25,서울,의류,5,119058,0.05,4.0,24.0,595290,29764.5,565525.5
413,2025-04-12,제주,전자제품,3,26333,0.2,5.0,24.0,78999,15799.8,63199.2
414,2025-02-18,서울,의류,5,145477,0.1,3.0,23.0,727385,72738.5,654646.5
415,2025-01-07,부산,식품,3,30531,0.15,5.0,47.0,91593,13738.95,77854.05
416,2025-09-05,제주,전자제품,7,87543,0.25,3.0,19.0,612801,153200.25,459600.75
417,2025-12-20,서울,생활용품,4,97894,0.1,4.0,44.0,391576,39157.6,352418.4
418,2025-02-14,서울,식품,3,40406,0.3,4.0,55.0,121218,36365.4,84852.6
419,2025-04-19,광주,전자제품,5,96389,0.1,2.0,46.0,481945,48194.5,433750.5
420,2025-07-04,서울,식품,6,97628,0.15,4.0,32.0,585768,87865.2,497902.8
421,2025-12-05,제주,생활용품,3,147081,0.0,3.0,35.0,441243,0.0,441243.0
422,2025-09-11,대구,전자제품,6,0,0.0,3.0,56.0,0,0.0,0.0
423,2025-10-07,제주,식품,2,62955,0.05,2.0,35.0,125910,6295.5,119614.5
424,2025-08-01,부산,식품,2,105072,0.3,2.0,53.0,210144,63043.2,147100.8
425,2025-06-02,서울,생활용품,6,124036,0.05,5.0,54.0,744216,37210.8,707005.2
426,2025-03-14,제주,전자제품,5,8804,0.1,4.0,45.0,44020,4402.0,39618.0
427,2025-11-12,광주,전자제품,1,104300,0.25,1.0,37.0,104300,26075.0,78225.0
428,2025-10-21,제주,의류,5,137985,0.1,3.0,21.0,689925,68992.5,620932.5
429,2025-01-10,부산,전자제품,3,22435,0.25,4.0,57.0,67305,16826.25,50478.75
430,2025-09-19,대구,의류,2,114283,0.0,4.0,34.0,228566,0.0,228566.0
431,2025-01-31,대구,식품,3,13752,0.0,5.0,42.0,41256,0.0,41256.0
432,2025-09-27,대구,의류,4,63265,0.0,4.0,19.0,253060,0.0,253060.0
433,2025-10-29,부산,전자제품,7,123826,0.0,1.0,57.0,866782,0.0,866782.0
434,2025-02-17,부산,의류,4,148187,0.2,3.0,66.0,592748,118549.6,474198.4
435,2025-06-08,광주,의류,3,110527,0.0,2.0,64.0,331581,0.0,331581.0
436,2025-02-15,서울,전자제품,6,109644,0.2,1.0,34.0,657864,131572.8,526291.2
437,2025-07-27,부산,식품,4,42577,0.2,5.0,22.0,170308,34061.6,136246.4
438,2025-12-05,부산,전자제품,1,124689,0.05,1.0,23.0,124689,6234.45,118454.55
439,2025-01-30,서울,전자제품,5,100540,0.0,2.0,38.0,502700,0.0,502700.0
440,2025-05-26,서울,의류,4,141760,0.05,2.0,18.0,567040,28352.0,538688.0
441,2025-12-22,대구,식품,5,92416,0.05,3.0,27.0,462080,23104.0,438976.0
442,2025-04-20,서울,생활용품,2,10738,0.15,4.0,50.0,21476,3221.4,18254.6
443,2025-02-18,부산,식품,4,79089,0.3,2.0,20.0,316356,94906.8,221449.2
444,2025-06-28,대구,의류,5,117291,0.15,4.0,50.0,586455,87968.25,498486.75
445,2025-07-05,제주,의류,5,119251,0.2,1.0,63.0,596255,119251.0,477004.0
446,2025-08-30,서울,의류,5,61020,0.1,5.0,70.0,305100,30510.0,274590.0
447,2025-04-25,대구,생활용품,7,29797,0.0,5.0,69.0,208579,0.0,208579.0
448,2025-12-15,서울,의류,4,131016,0.05,3.0,33.0,524064,26203.2,497860.8
449,2025-07-10,대구,의류,4,124359,0.15,1.0,52.0,497436,74615.4,422820.6
450,2025-04-15,대구,의류,4,132440,0.3,4.0,20.0,529760,158928.0,370832.0
451,2025-12-17,광주,식품,3,102238,0.05,4.0,30.0,306714,15335.7,291378.3
452,2025-12-04,대구,의류,3,125150,0.3,4.0,59.0,375450,112635.0,262815.0
453,2025-07-02,제주,생활용품,5,63405,0.2,2.0,28.0,317025,63405.0,253620.0
454,2025-01-10,서울,의류,3,117984,0.1,3.0,34.0,353952,35395.2,318556.8
455,2025-08-06,서울,의류,6,75798,0.2,3.0,39.0,454788,90957.6,363830.4
456,2025-07-22,서울,전자제품,6,120171,0.2,4.0,35.0,721026,144205.2,576820.8
457,2025-02-24,부산,식품,7,26216,0.2,2.0,57.0,183512,36702.4,146809.6
458,2025-08-20,서울,전자제품,1,48000,0.3,3.0,66.0,48000,14400.0,33600.0
459,2025-11-03,서울,전자제품,3,36087,0.2,5.0,46.0,108261,21652.2,86608.8
460,2025-02-08,부산,식품,6,63946,0.0,3.0,48.0,383676,0.0,383676.0
461,2025-09-22,제주,식품,4,123103,0.1,3.0,56.0,492412,49241.2,443170.8
462,2025-02-21,제주,의류,5,21683,0.3,5.0,39.0,108415,32524.5,75890.5
463,2025-10-01,서울,생활용품,6,110923,0.05,5.0,42.0,665538,33276.9,632261.1
464,2025-06-02,제주,생활용품,7,125436,0.15,3.0,68.0,878052,131707.8,746344.2
465,2025-01-03,부산,식품,2,102313,0.15,2.0,38.0,204626,30693.9,173932.1
466,2025-12-19,대구,식품,2,98671,0.15,1.0,32.0,197342,29601.3,167740.7
467,2025-03-02,부산,의류,4,25071,0.3,5.0,19.0,100284,30085.2,70198.8
468,2025-08-06,대구,식품,4,93844,0.15,3.0,19.0,375376,56306.4,319069.6
469,2025-03-08,광주,생활용품,7,37832,0.0,3.0,58.0,264824,0.0,264824.0
470,2025-12-07,광주,생활용품,1,40681,0.05,5.0,30.0,40681,2034.05,38646.95
471,2025-09-27,대구,의류,2,129916,0.2,2.0,57.0,259832,51966.4,207865.6
472,2025-10-21,광주,전자제품,7,94180,0.25,1.0,20.0,659260,164815.0,494445.0
473,2025-06-07,광주,의류,5,149049,0.2,4.0,60.0,745245,149049.0,596196.0
474,2025-06-20,서울,생활용품,5,70910,0.25,5.0,39.0,354550,88637.5,265912.5
475,2025-08-20,부산,전자제품,2,0,0.05,1.0,61.0,0,0.0,0.0
476,2025-10-14,서울,전자제품,5,149314,0.0,5.0,62.0,746570,0.0,746570.0
477,2025-11-06,광주,의류,3,95263,0.3,3.0,48.0,285789,85736.7,200052.3
478,2025-01-07,대구,식품,6,130145,0.15,3.0,69.0,780870,117130.5,663739.5
479,2025-08-31,광주,의류,1,11451,0.25,5.0,68.0,11451,2862.75,8588.25
480,2025-02-09,대구,식품,2,81268,0.3,2.0,55.0,162536,48760.8,113775.2
481,2025-04-16,부산,생활용품,5,123456,0.05,4.0,44.0,617280,30864.0,586416.0
482,2025-10-30,서울,식품,5,122226,0.3,1.0,67.0,611130,183339.0,427791.0
483,2025-04-02,제주,식품,6,108677,0.1,4.0,69.0,652062,65206.2,586855.8
484,2025-10-18,부산,전자제품,6,28853,0.2,1.0,39.0,173118,34623.6,138494.4
485,2025-06-18,서울,전자제품,1,84290,0.1,1.0,35.0,84290,8429.0,75861.0
486,2025-03-26,부산,전자제품,1,19703,0.05,2.0,34.0,19703,985.15,18717.85
487,2025-05-02,제주,생활용품,3,121281,0.3,2.0,67.0,363843,109152.9,254690.1
488,2025-07-13,부산,식품,7,96444,0.1,4.0,26.0,675108,67510.8,607597.2
489,2025-10-07,제주,전자제품,4,33105,0.0,5.0,18.0,132420,0.0,132420.0
490,2025-08-10,대구,식품,7,110384,0.05,5.0,44.0,772688,38634.4,734053.6
491,2025-12-07,제주,의류,1,109302,0.3,4.0,68.0,109302,32790.6,76511.4
492,2025-11-13,광주,생활용품,7,12693,0.25,1.0,35.0,88851,22212.75,66638.25
493,2025-10-02,서울,생활용품,1,17934,0.2,4.0,44.0,17934,3586.8,14347.2
494,2025-08-09,대구,전자제품,6,34139,0.25,3.0,23.0,204834,51208.5,153625.5
495,2025-04-16,대구,생활용품,7,15165,0.2,3.0,61.0,106155,21231.0,84924.0
496,2025-05-31,부산,식품,3,82904,0.3,3.0,67.0,248712,74613.6,174098.4
497,2025-02-13,대구,생활용품,3,132590,0.0,5.0,51.0,397770,0.0,397770.0
498,2025-05-17,서울,전자제품,5,14108,0.0,2.0,24.0,70540,0.0,70540.0
499,2025-12-05,광주,의류,6,94107,0.2,5.0,23.0,564642,112928.4,451713.6
500,2025-06-05,제주,생활용품,1,66488,0.3,3.0,57.0,66488,19946.4,46541.6
501,2025-02-11,서울,전자제품,2,126263,0.2,4.0,24.0,252526,50505.2,202020.8
502,2025-08-26,대구,생활용품,6,74902,0.3,5.0,21.0,449412,134823.6,314588.4
503,2025-12-18,광주,전자제품,6,101962,0.1,5.0,65.0,611772,61177.2,550594.8
504,2025-11-13,서울,생활용품,2,138663,0.2,3.0,45.0,277326,55465.2,221860.8
505,2025-04-11,부산,의류,7,24744,0.15,2.0,49.0,173208,25981.2,147226.8
506,2025-06-15,부산,생활용품,7,50773,0.3,1.0,53.0,355411,106623.3,248787.7
507,2025-07-13,서울,생활용품,7,44109,0.2,2.0,36.0,308763,61752.6,247010.4
508,2025-04-01,제주,식품,2,29457,0.15,4.0,30.0,58914,8837.1,50076.9
509,2025-04-09,대구,식품,5,98946,0.05,4.0,45.0,494730,24736.5,469993.5
510,2025-03-28,광주,의류,2,6088,0.1,1.0,22.0,12176,1217.6,10958.4
511,2025-12-30,대구,전자제품,2,60966,0.0,3.0,33.0,121932,0.0,121932.0
512,2025-09-30,제주,식품,1,22633,0.05,5.0,49.0,22633,1131.65,21501.35
513,2025-11-03,제주,전자제품,4,94211,0.15,5.0,67.0,376844,56526.6,320317.4
514,2025-10-26,광주,생활용품,5,113876,0.0,5.0,49.0,569380,0.0,569380.0
515,2025-12-17,부산,전자제품,2,72694,0.15,5.0,57.0,145388,21808.2,123579.8
516,2025-02-08,대구,식품,2,69514,0.0,1.0,34.0,139028,0.0,139028.0
517,2025-11-18,제주,식품,2,70214,0.05,4.0,21.0,140428,7021.4,133406.6
518,2025-01-25,대구,식품,2,33815,0.2,3.0,37.0,67630,13526.0,54104.0
519,2025-06-23,대구,생활용품,6,59457,0.0,3.0,54.0,356742,0.0,356742.0
520,2025-08-05,서울,생활용품,2,140289,0.1,4.0,20.0,280578,28057.8,252520.2
521,2025-05-11,제주,의류,2,10967,0.05,5.0,63.0,21934,1096.7,20837.3
522,2025-02-23,광주,생활용품,3,119193,0.0,3.0,33.0,357579,0.0,357579.0
523,2025-03-12,부산,전자제품,2,28886,0.05,4.0,54.0,57772,2888.6,54883.4
524,2025-10-29,대구,생활용품,7,10000000,0.0,3.0,64.0,70000000,0.0,70000000.0
525,2025-04-27,대구,전자제품,2,46412,0.0,4.0,50.0,92824,0.0,92824.0
526,2025-04-24,서울,전자제품,4,43999,0.2,5.0,27.0,175996,35199.2,140796.8
527,2025-12-04,제주,전자제품,4,50848,0.0,5.0,31.0,203392,0.0,203392.0
528,2025-02-22,제주,전자제품,2,128169,0.3,2.0,42.0,256338,76901.4,179436.6
529,2025-12-01,제주,생활용품,4,136176,0.15,5.0,69.0,544704,81705.6,462998.4
530,2025-12-03,부산,식품,2,105403,0.1,3.0,53.0,210806,21080.6,189725.4
531,2025-08-07,부산,생활용품,4,26198,0.3,3.0,50.0,104792,31437.6,73354.4
532,2025-03-02,서울,식품,1,142105,0.25,1.0,60.0,142105,35526.25,106578.75
533,2025-02-26,광주,전자제품,4,127885,0.1,3.0,25.0,511540,51154.0,460386.0
534,2025-04-14,부산,식품,3,16056,0.3,2.0,22.0,48168,14450.4,33717.6
535,2025-07-30,제주,전자제품,3,61160,0.15,1.0,48.0,183480,27522.0,155958.0
536,2025-02-26,제주,식품,1,117435,0.2,5.0,49.0,117435,23487.0,93948.0
537,2025-06-16,서울,의류,7,17929,0.3,1.0,31.0,125503,37650.9,87852.1
538,2025-02-12,제주,생활용품,1,16079,0.25,4.0,51.0,16079,4019.75,12059.25
539,2025-07-17,서울,의류,2,92867,0.2,4.0,26.0,185734,37146.8,148587.2
540,2025-01-08,대구,전자제품,1,53816,0.2,4.0,28.0,53816,10763.2,43052.8
541,2025-09-16,대구,의류,7,69036,0.2,5.0,65.0,483252,96650.4,386601.6
542,2025-01-21,제주,의류,3,113847,0.3,1.0,19.0,341541,102462.3,239078.7
543,2025-03-13,광주,전자제품,4,84002,0.2,1.0,47.0,336008,67201.6,268806.4
544,2025-03-05,제주,생활용품,6,108097,0.1,5.0,62.0,648582,64858.2,583723.8
545,2025-10-31,대구,생활용품,1,23278,0.0,1.0,55.0,23278,0.0,23278.0
546,2025-01-20,제주,의류,1,5307,0.25,2.0,41.0,5307,1326.75,3980.25
547,2025-06-06,제주,식품,2,41492,0.15,,34.0,82984,12447.6,70536.4
548,2025-08-04,제주,식품,5,34281,0.1,3.0,21.0,171405,17140.5,154264.5
549,2025-07-08,대구,식품,7,51984,0.3,2.0,24.0,363888,109166.4,254721.6
550,2025-09-06,부산,전자제품,5,117893,0.05,2.0,48.0,589465,29473.25,559991.75
551,2025-10-21,제주,식품,7,27036,0.0,5.0,46.0,189252,0.0,189252.0
552,2025-05-24,광주,전자제품,7,23291,0.25,3.0,37.0,163037,40759.25,122277.75
553,2025-10-30,제주,전자제품,2,34107,0.3,5.0,33.0,68214,20464.2,47749.8
554,2025-04-27,대구,의류,2,52325,0.25,3.0,22.0,104650,26162.5,78487.5
555,2025-12-26,제주,전자제품,2,33604,0.3,4.0,24.0,67208,20162.4,47045.6
556,2025-07-04,광주,식품,6,31664,0.3,2.0,33.0,189984,56995.2,132988.8
557,2025-09-26,광주,식품,5,89042,0.2,1.0,66.0,445210,89042.0,356168.0
558,2025-11-16,서울,전자제품,7,21161,0.3,3.0,35.0,148127,44438.1,103688.9
559,2025-10-17,대구,생활용품,4,0,0.1,4.0,24.0,0,0.0,0.0
560,2025-11-07,광주,생활용품,7,126311,0.25,3.0,48.0,884177,221044.25,663132.75
561,2025-07-15,광주,의류,7,7640,0.0,5.0,24.0,53480,0.0,53480.0
562,2025-01-16,제주,의류,6,13894,0.15,4.0,39.0,83364,12504.6,70859.4
563,2025-06-29,부산,전자제품,6,15070,0.1,3.0,56.0,90420,9042.0,81378.0
564,2025-03-08,부산,생활용품,1,82727,0.3,3.0,23.0,82727,24818.1,57908.9
565,2025-11-21,제주,생활용품,6,105743,0.15,2.0,66.0,634458,95168.7,539289.3
566,2025-03-28,제주,식품,7,105437,0.05,5.0,51.0,738059,36902.95,701156.05
567,2025-03-25,서울,의류,3,105063,0.15,1.0,66.0,315189,47278.35,267910.65
568,2025-04-02,부산,생활용품,6,13350,0.0,1.0,56.0,80100,0.0,80100.0
569,2025-08-23,제주,의류,3,54959,0.0,4.0,69.0,164877,0.0,164877.0
570,2025-07-28,서울,전자제품,2,96847,0.15,1.0,44.0,193694,29054.1,164639.9
571,2025-12-13,광주,식품,6,103898,0.2,3.0,18.0,623388,124677.6,498710.4
572,2025-06-01,서울,전자제품,2,53439,0.2,1.0,21.0,106878,21375.6,85502.4
573,2025-04-14,서울,식품,4,127778,0.0,4.0,27.0,511112,0.0,511112.0
574,2025-01-18,광주,생활용품,7,125864,0.2,1.0,23.0,881048,176209.6,704838.4
575,2025-01-03,광주,전자제품,2,116015,0.0,2.0,60.0,232030,0.0,232030.0
576,2025-05-17,대구,생활용품,2,120661,0.25,3.0,68.0,241322,60330.5,180991.5
577,2025-12-04,제주,식품,7,146399,0.0,2.0,50.0,1024793,0.0,1024793.0
578,2025-07-11,부산,식품,6,120117,0.0,2.0,28.0,720702,0.0,720702.0
579,2025-11-23,대구,의류,4,89891,0.15,1.0,69.0,359564,53934.6,305629.4
580,2025-02-07,광주,전자제품,3,62806,0.25,1.0,34.0,188418,47104.5,141313.5
581,2025-02-04,광주,전자제품,7,57493,0.25,1.0,64.0,402451,100612.75,301838.25
582,2025-11-01,부산,식품,6,124270,0.2,2.0,54.0,745620,149124.0,596496.0
583,2025-02-08,광주,전자제품,7,47905,0.05,1.0,41.0,335335,16766.75,318568.25
584,2025-01-19,대구,생활용품,1,96348,0.3,3.0,59.0,96348,28904.4,67443.6
585,2025-05-28,대구,의류,4,77895,0.0,5.0,53.0,311580,0.0,311580.0
586,2025-12-04,제주,생활용품,6,59909,0.1,4.0,66.0,359454,35945.4,323508.6
587,2025-09-09,부산,생활용품,1,70366,0.25,2.0,50.0,70366,17591.5,52774.5
588,2025-02-06,광주,식품,4,16697,0.2,3.0,38.0,66788,13357.6,53430.4
589,2025-11-02,제주,생활용품,1,107872,0.25,4.0,23.0,107872,26968.0,80904.0
590,2025-11-04,광주,전자제품,7,14688,0.25,5.0,70.0,102816,25704.0,77112.0
591,2025-10-20,제주,식품,5,15700,0.3,3.0,59.0,78500,23550.0,54950.0
592,2025-11-26,대구,의류,2,41453,0.15,1.0,23.0,82906,12435.9,70470.1
593,2025-03-29,부산,식품,4,82043,0.25,5.0,50.0,328172,82043.0,246129.0
594,2025-12-24,제주,의류,1,48440,0.05,3.0,,48440,2422.0,46018.0
595,2025-04-28,광주,생활용품,6,132635,0.05,1.0,55.0,795810,39790.5,756019.5
596,2025-10-20,부산,식품,2,139492,0.0,2.0,32.0,278984,0.0,278984.0
597,2025-07-31,부산,식품,5,62026,0.05,3.0,25.0,310130,15506.5,294623.5
598,2025-10-12,부산,의류,1,149992,0.0,5.0,67.0,149992,0.0,149992.0
599,2025-08-18,제주,생활용품,2,17907,0.25,5.0,37.0,35814,8953.5,26860.5
600,2025-08-23,서울,생활용품,7,25832,0.15,1.0,64.0,180824,27123.6,153700.4
601,2025-08-13,광주,생활용품,3,55368,0.15,4.0,42.0,166104,24915.6,141188.4
602,2025-10-12,대구,전자제품,1,141702,0.2,5.0,58.0,141702,28340.4,113361.6
603,2025-09-27,서울,전자제품,5,78023,0.1,4.0,30.0,390115,39011.5,351103.5
604,2025-02-19,광주,의류,2,107449,0.15,4.0,49.0,214898,32234.7,182663.3
605,2025-10-29,광주,식품,5,99640,0.0,4.0,47.0,498200,0.0,498200.0
606,2025-07-15,광주,의류,6,77298,0.2,3.0,29.0,463788,92757.6,371030.4
607,2025-04-28,대구,생활용품,5,140096,0.3,4.0,54.0,700480,210144.0,490336.0
608,2025-07-07,부산,의류,2,143430,0.0,3.0,42.0,286860,0.0,286860.0
609,2025-12-19,서울,식품,2,69982,0.0,5.0,52.0,139964,0.0,139964.0
610,2025-11-10,서울,생활용품,2,10000000,0.0,2.0,19.0,20000000,0.0,20000000.0
611,2025-11-01,부산,식품,5,95471,0.2,4.0,24.0,477355,95471.0,381884.0
612,2025-06-18,광주,의류,5,91080,0.25,1.0,55.0,455400,113850.0,341550.0
613,2025-10-14,서울,전자제품,4,19723,0.25,3.0,70.0,78892,19723.0,59169.0
614,2025-05-21,제주,의류,3,35381,0.25,5.0,24.0,106143,26535.75,79607.25
615,2025-09-08,대구,식품,1,148556,0.2,2.0,19.0,148556,29711.2,118844.8
616,2025-08-22,부산,전자제품,6,40444,0.2,4.0,31.0,242664,48532.8,194131.2
617,2025-04-02,제주,전자제품,5,99504,0.05,3.0,20.0,497520,24876.0,472644.0
618,2025-04-08,서울,의류,5,137168,0.25,1.0,30.0,685840,171460.0,514380.0
619,2025-01-23,제주,전자제품,1,92355,0.05,1.0,54.0,92355,4617.75,87737.25
620,2025-02-21,부산,전자제품,3,36180,0.3,1.0,59.0,108540,32562.0,75978.0
621,2025-06-08,부산,전자제품,3,129652,0.0,3.0,51.0,388956,0.0,388956.0
622,2025-06-24,대구,전자제품,5,9684,0.3,2.0,39.0,48420,14526.0,33894.0
623,2025-03-02,제주,식품,6,109852,0.15,5.0,26.0,659112,98866.8,560245.2
624,2025-06-02,부산,식품,7,43603,0.2,4.0,46.0,305221,61044.2,244176.8
625,2025-08-09,제주,의류,4,97841,0.05,1.0,69.0,391364,19568.2,371795.8
626,2025-03-26,부산,의류,3,74681,0.1,3.0,29.0,224043,22404.3,201638.7
627,2025-05-04,부산,의류,3,87517,0.3,4.0,46.0,262551,78765.3,183785.7
628,2025-05-15,광주,생활용품,6,60385,0.0,4.0,35.0,362310,0.0,362310.0
629,2025-07-04,광주,전자제품,3,81694,0.05,1.0,36.0,245082,12254.1,232827.9
630,2025-05-14,부산,의류,3,140692,0.2,1.0,45.0,422076,84415.2,337660.8
631,2025-09-26,서울,전자제품,6,124829,0.25,3.0,26.0,748974,187243.5,561730.5
632,2025-04-30,부산,생활용품,4,65693,0.15,5.0,28.0,262772,39415.8,223356.2
633,2025-06-08,대구,식품,4,141487,0.0,1.0,20.0,565948,0.0,565948.0
634,2025-05-19,서울,식품,6,133913,0.05,1.0,54.0,803478,40173.9,763304.1
635,2025-03-08,서울,전자제품,3,95962,0.3,1.0,66.0,287886,86365.8,201520.2
636,2025-09-08,제주,의류,1,91226,0.05,2.0,41.0,91226,4561.3,86664.7
637,2025-03-27,서울,식품,6,10164,0.2,5.0,50.0,60984,12196.8,48787.2
638,2025-04-19,대구,생활용품,4,80998,0.3,5.0,70.0,323992,97197.6,226794.4
639,2025-10-17,광주,전자제품,3,35834,0.1,2.0,58.0,107502,10750.2,96751.8
640,2025-12-13,부산,식품,1,28228,0.0,4.0,31.0,28228,0.0,28228.0
641,2025-09-02,대구,생활용품,7,129461,0.25,1.0,59.0,906227,226556.75,679670.25
642,2025-12-01,서울,생활용품,6,44299,0.25,3.0,38.0,265794,66448.5,199345.5
643,2025-11-08,광주,생활용품,2,94241,0.2,4.0,68.0,188482,37696.4,150785.6
644,2025-06-25,광주,의류,5,130740,0.3,5.0,67.0,653700,196110.0,457590.0
645,2025-10-09,제주,생활용품,4,91691,0.25,5.0,20.0,366764,91691.0,275073.0
646,2025-04-30,제주,전자제품,3,118094,0.2,1.0,64.0,354282,70856.4,283425.6
647,2025-06-18,부산,생활용품,3,117389,0.1,3.0,30.0,352167,35216.7,316950.3
648,2025-07-15,서울,의류,1,69876,0.0,1.0,43.0,69876,0.0,69876.0
649,2025-12-17,부산,식품,7,138657,0.25,1.0,57.0,970599,242649.75,727949.25
650,2025-11-06,서울,전자제품,7,136809,0.25,1.0,24.0,957663,239415.75,718247.25
651,2025-06-28,대구,의류,7,53971,0.2,5.0,18.0,377797,75559.4,302237.6
652,2025-08-27,서울,전자제품,3,123781,0.2,2.0,39.0,371343,74268.6,297074.4
653,2025-03-15,제주,의류,7,31541,0.25,4.0,48.0,220787,55196.75,165590.25
654,2025-10-21,광주,전자제품,2,21252,0.05,4.0,49.0,42504,2125.2,40378.8
655,2025-07-21,부산,식품,6,81853,0.0,5.0,68.0,491118,0.0,491118.0
656,2025-07-14,제주,전자제품,1,92860,0.2,3.0,31.0,92860,18572.0,74288.0
657,2025-10-07,광주,식품,3,89614,0.3,5.0,55.0,268842,80652.6,188189.4
658,2025-08-20,대구,식품,5,120833,0.0,3.0,28.0,604165,0.0,604165.0
659,2025-01-27,서울,전자제품,7,61683,0.0,4.0,41.0,431781,0.0,431781.0
660,2025-04-16,부산,생활용품,2,122210,0.2,4.0,46.0,244420,48884.0,195536.0
661,2025-03-06,대구,생활용품,4,135806,0.1,3.0,40.0,543224,54322.4,488901.6
662,2025-09-26,광주,식품,6,18244,0.3,2.0,27.0,109464,32839.2,76624.8
663,2025-01-13,부산,전자제품,4,70136,0.15,1.0,28.0,280544,42081.6,238462.4
664,2025-03-15,광주,생활용품,5,37568,0.15,1.0,64.0,187840,28176.0,159664.0
665,2025-08-07,부산,의류,3,100190,0.0,3.0,68.0,300570,0.0,300570.0
666,2025-09-11,부산,의류,1,64891,0.3,2.0,21.0,64891,19467.3,45423.7
667,2025-07-03,대구,의류,2,45834,0.1,2.0,30.0,91668,9166.8,82501.2
668,2025-11-11,서울,전자제품,4,41486,0.15,4.0,70.0,165944,24891.6,141052.4
669,2025-12-02,대구,식품,1,56437,0.2,1.0,24.0,56437,11287.4,45149.6
670,2025-02-18,부산,전자제품,2,20796,0.3,3.0,46.0,41592,12477.6,29114.4
671,2025-12-14,부산,의류,7,20164,0.25,3.0,33.0,141148,35287.0,105861.0
672,2025-08-13,광주,생활용품,1,96176,0.25,5.0,70.0,96176,24044.0,72132.0
673,2025-08-21,부산,의류,2,141705,0.0,1.0,57.0,283410,0.0,283410.0
674,2025-02-04,광주,의류,5,78584,0.0,5.0,57.0,392920,0.0,392920.0
675,2025-08-15,광주,의류,4,139468,0.25,4.0,21.0,557872,139468.0,418404.0
676,2025-09-22,광주,생활용품,2,27473,0.3,4.0,26.0,54946,16483.8,38462.2
677,2025-07-31,부산,전자제품,1,146120,0.2,4.0,60.0,146120,29224.0,116896.0
678,2025-01-31,제주,식품,7,90025,0.3,4.0,30.0,630175,189052.5,441122.5
679,2025-07-10,부산,식품,4,112841,0.1,3.0,41.0,451364,45136.4,406227.6
680,2025-12-08,부산,의류,5,13992,0.1,3.0,23.0,69960,6996.0,62964.0
681,2025-09-22,제주,식품,1,92590,0.05,2.0,19.0,92590,4629.5,87960.5
682,2025-02-20,부산,생활용품,2,60541,0.25,5.0,56.0,121082,30270.5,90811.5
683,2025-12-17,광주,식품,1,135280,0.2,2.0,27.0,135280,27056.0,108224.0
684,2025-12-16,서울,생활용품,7,119915,0.05,3.0,26.0,839405,41970.25,797434.75
685,2025-03-03,광주,생활용품,6,130314,0.3,2.0,62.0,781884,234565.2,547318.8
686,2025-10-20,제주,전자제품,4,134058,0.0,2.0,55.0,536232,0.0,536232.0
687,2025-05-29,광주,생활용품,5,109497,0.25,5.0,29.0,547485,136871.25,410613.75
688,2025-08-05,대구,생활용품,2,40559,0.05,1.0,63.0,81118,4055.9,77062.1
689,2025-06-12,제주,전자제품,7,46022,0.25,5.0,69.0,322154,80538.5,241615.5
690,2025-10-13,부산,식품,4,129629,0.15,5.0,39.0,518516,77777.4,440738.6
691,2025-12-30,부산,생활용품,4,92229,0.05,2.0,42.0,368916,18445.8,350470.2
692,2025-10-18,서울,생활용품,7,134305,0.0,2.0,53.0,940135,0.0,940135.0
693,2025-12-06,광주,식품,1,120280,0.2,1.0,25.0,120280,24056.0,96224.0
694,2025-12-12,광주,의류,3,92998,0.05,4.0,65.0,278994,13949.7,265044.3
695,2025-02-02,광주,전자제품,1,27107,0.15,4.0,24.0,27107,4066.05,23040.95
696,2025-04-03,광주,의류,3,147416,0.3,5.0,57.0,442248,132674.4,309573.6
697,2025-09-21,서울,의류,2,40236,0.3,2.0,48.0,80472,24141.6,56330.4
698,2025-08-04,광주,식품,4,40695,0.15,2.0,24.0,162780,24417.0,138363.0
699,2025-01-19,광주,식품,5,26179,0.25,4.0,41.0,130895,32723.75,98171.25
700,2025-02-04,부산,생활용품,2,15001,0.25,2.0,33.0,30002,7500.5,22501.5
701,2025-07-09,대구,식품,1,59380,0.2,2.0,67.0,59380,11876.0,47504.0
702,2025-08-13,제주,식품,2,127300,0.05,1.0,46.0,254600,12730.0,241870.0
703,2025-03-03,대구,식품,6,130542,0.25,5.0,37.0,783252,195813.0,587439.0
704,2025-03-04,광주,식품,5,76185,0.0,3.0,32.0,380925,0.0,380925.0
705,2025-02-17,대구,식품,7,50626,0.15,4.0,25.0,354382,53157.3,301224.7
706,2025-07-26,광주,의류,7,55236,0.25,4.0,44.0,386652,96663.0,289989.0
707,2025-01-03,광주,생활용품,2,138241,0.15,3.0,45.0,276482,41472.3,235009.7
708,2025-07-28,광주,의류,6,13008,0.1,2.0,68.0,78048,7804.8,70243.2
709,2025-06-23,광주,전자제품,1,13330,0.1,2.0,52.0,13330,1333.0,11997.0
710,2025-06-20,제주,식품,1,14370,0.15,3.0,42.0,14370,2155.5,12214.5
711,2025-09-05,부산,의류,6,133750,0.25,1.0,37.0,802500,200625.0,601875.0
712,2025-07-10,제주,의류,3,18153,0.3,3.0,31.0,54459,16337.7,38121.3
713,2025-09-23,광주,생활용품,7,141524,0.25,1.0,52.0,990668,247667.0,743001.0
714,2025-10-06,대구,식품,1,31628,0.1,2.0,25.0,31628,3162.8,28465.2
715,2025-12-02,부산,식품,4,84510,0.0,4.0,18.0,338040,0.0,338040.0
716,2025-10-19,대구,의류,3,145709,0.15,1.0,65.0,437127,65569.05,371557.95
717,2025-07-08,광주,전자제품,7,21801,0.3,1.0,19.0,152607,45782.1,106824.9
718,2025-06-29,부산,의류,5,45803,0.2,2.0,30.0,229015,45803.0,183212.0
719,2025-03-28,부산,생활용품,6,110497,0.1,4.0,47.0,662982,66298.2,596683.8
720,2025-08-07,제주,의류,3,123472,0.0,5.0,28.0,370416,0.0,370416.0
721,2025-02-20,대구,식품,7,136563,0.05,1.0,53.0,955941,47797.05,908143.95
722,2025-12-06,광주,생활용품,6,7815,0.25,2.0,47.0,46890,11722.5,35167.5
723,2025-11-05,서울,의류,6,117667,0.2,1.0,21.0,706002,141200.4,564801.6
724,2025-02-13,서울,의류,4,51663,0.15,1.0,42.0,206652,30997.8,175654.2
725,2025-10-14,제주,생활용품,7,85871,0.1,5.0,62.0,601097,60109.7,540987.3
726,2025-02-12,서울,전자제품,5,136398,0.05,3.0,38.0,681990,34099.5,647890.5
727,2025-09-21,광주,생활용품,1,135823,0.3,4.0,53.0,135823,40746.9,95076.1
728,2025-02-02,제주,의류,7,31831,0.15,4.0,48.0,222817,33422.55,189394.45
729,2025-06-28,대구,의류,1,73247,0.25,3.0,42.0,73247,18311.75,54935.25
730,2025-08-29,제주,전자제품,5,46183,0.15,4.0,,230915,34637.25,196277.75
731,2025-09-24,대구,생활용품,2,94154,0.15,2.0,43.0,188308,28246.2,160061.8
732,2025-06-02,제주,전자제품,7,124845,0.2,3.0,21.0,873915,174783.0,699132.0
733,2025-12-03,부산,생활용품,6,51101,0.1,2.0,41.0,306606,30660.6,275945.4
734,2025-10-10,대구,생활용품,6,22601,0.3,3.0,39.0,135606,40681.8,94924.2
735,2025-03-18,부산,식품,5,14326,0.15,2.0,59.0,71630,10744.5,60885.5
736,2025-09-02,광주,식품,4,12711,0.25,4.0,56.0,50844,12711.0,38133.0
737,2025-09-24,서울,전자제품,7,58131,0.3,5.0,48.0,406917,122075.1,284841.9
738,2025-05-02,제주,식품,3,145067,0.1,5.0,38.0,435201,43520.1,391680.9
739,2025-09-27,서울,전자제품,4,41503,0.05,5.0,51.0,166012,8300.6,157711.4
740,2025-11-24,부산,생활용품,3,63695,0.3,4.0,70.0,191085,57325.5,133759.5
741,2025-10-26,대구,의류,1,102875,0.25,4.0,62.0,102875,25718.75,77156.25
742,2025-10-06,서울,전자제품,7,100391,0.25,4.0,30.0,702737,175684.25,527052.75
743,2025-08-20,대구,생활용품,4,44155,0.3,5.0,32.0,176620,52986.0,123634.0
744,2025-04-09,제주,전자제품,1,23431,0.0,1.0,44.0,23431,0.0,23431.0
745,2025-10-18,제주,의류,6,27701,0.3,1.0,53.0,166206,49861.8,116344.2
746,2025-05-13,서울,전자제품,7,36925,0.0,3.0,53.0,258475,0.0,258475.0
747,2025-07-14,대구,전자제품,5,17493,0.05,4.0,59.0,87465,4373.25,83091.75
748,2025-04-25,대구,전자제품,3,71697,0.05,5.0,47.0,215091,10754.55,204336.45
749,2025-04-25,서울,식품,7,98638,0.0,1.0,61.0,690466,0.0,690466.0
750,2025-02-27,광주,의류,6,102897,0.0,1.0,20.0,617382,0.0,617382.0
751,2025-12-17,대구,생활용품,2,136809,0.0,5.0,29.0,273618,0.0,273618.0
752,2025-02-23,광주,생활용품,3,47521,0.15,2.0,45.0,142563,21384.45,121178.55
753,2025-02-01,부산,의류,7,99944,0.1,1.0,45.0,699608,69960.8,629647.2
754,2025-12-08,부산,의류,7,133272,0.1,4.0,69.0,932904,93290.4,839613.6
755,2025-07-22,광주,식품,5,9115,0.05,5.0,52.0,45575,2278.75,43296.25
756,2025-06-09,광주,식품,1,118266,0.3,5.0,39.0,118266,35479.8,82786.2
757,2025-09-27,서울,생활용품,2,17783,0.1,5.0,49.0,35566,3556.6,32009.4
758,2025-05-20,부산,의류,3,84976,0.15,1.0,24.0,254928,38239.2,216688.8
759,2025-02-16,대구,의류,4,125458,0.0,1.0,38.0,501832,0.0,501832.0
760,2025-09-24,제주,전자제품,7,71586,0.05,5.0,19.0,501102,25055.1,476046.9
761,2025-03-06,부산,식품,6,86165,0.05,4.0,25.0,516990,25849.5,491140.5
762,2025-07-21,부산,의류,2,94834,0.3,2.0,39.0,189668,56900.4,132767.6
763,2025-12-13,제주,식품,1,88790,0.05,2.0,18.0,88790,4439.5,84350.5
764,2025-12-08,광주,의류,2,111091,0.15,5.0,27.0,222182,33327.3,188854.7
765,2025-05-12,제주,생활용품,2,129582,0.15,5.0,65.0,259164,38874.6,220289.4
766,2025-10-12,광주,전자제품,7,24567,0.0,5.0,62.0,171969,0.0,171969.0
767,2025-08-12,제주,생활용품,1,65303,0.1,3.0,48.0,65303,6530.3,58772.7
768,2025-06-24,서울,생활용품,6,128633,0.0,4.0,68.0,771798,0.0,771798.0
769,2025-02-21,부산,식품,5,60300,0.05,1.0,19.0,301500,15075.0,286425.0
770,2025-05-18,부산,생활용품,1,0,0.2,5.0,67.0,0,0.0,0.0
771,2025-08-26,서울,전자제품,5,112617,0.15,2.0,44.0,563085,84462.75,478622.25
772,2025-12-27,광주,식품,5,140625,0.15,5.0,37.0,703125,105468.75,597656.25
773,2025-01-02,광주,전자제품,1,41482,0.05,1.0,59.0,41482,2074.1,39407.9
774,2025-09-19,서울,의류,2,143554,0.2,5.0,42.0,287108,57421.6,229686.4
775,2025-11-05,서울,생활용품,3,107916,0.3,3.0,49.0,323748,97124.4,226623.6
776,2025-12-14,서울,의류,2,9453,0.25,3.0,34.0,18906,4726.5,14179.5
777,2025-06-04,대구,의류,5,129930,0.05,4.0,45.0,649650,32482.5,617167.5
778,2025-02-13,대구,전자제품,5,60750,0.2,3.0,24.0,303750,60750.0,243000.0
779,2025-04-09,부산,생활용품,2,45919,0.05,5.0,29.0,91838,4591.9,87246.1
780,2025-11-07,제주,전자제품,1,81302,0.3,1.0,47.0,81302,24390.6,56911.4
781,2025-11-17,부산,의류,5,88551,0.15,4.0,68.0,442755,66413.25,376341.75
782,2025-08-21,대구,의류,4,83241,0.25,2.0,27.0,332964,83241.0,249723.0
783,2025-02-14,대구,생활용품,2,13009,0.15,1.0,48.0,26018,3902.7,22115.3
784,2025-02-14,부산,생활용품,2,124247,0.2,4.0,21.0,248494,49698.8,198795.2
785,2025-06-24,제주,의류,1,54554,0.3,4.0,,54554,16366.2,38187.8
786,2025-08-03,제주,의류,6,25460,0.0,1.0,63.0,152760,0.0,152760.0
787,2025-01-12,서울,식품,6,87043,0.3,4.0,35.0,522258,156677.4,365580.6
788,2025-09-08,대구,의류,4,95260,0.15,5.0,60.0,381040,57156.0,323884.0
789,2025-07-18,서울,의류,3,20009,0.0,4.0,38.0,60027,0.0,60027.0
790,2025-01-05,대구,의류,2,141677,0.15,2.0,67.0,283354,42503.1,240850.9
791,2025-02-04,광주,의류,3,92088,0.0,1.0,51.0,276264,0.0,276264.0
792,2025-06-15,대구,식품,7,149521,0.15,1.0,35.0,1046647,156997.05,889649.95
793,2025-09-21,부산,전자제품,1,102218,0.15,4.0,32.0,102218,15332.7,86885.3
794,2025-10-29,부산,전자제품,6,6462,0.1,2.0,,38772,3877.2,34894.8
795,2025-06-07,부산,식품,3,35216,0.15,2.0,43.0,105648,15847.2,89800.8
796,2025-04-18,부산,식품,2,146023,0.2,1.0,39.0,292046,58409.2,233636.8
797,2025-12-20,부산,의류,6,86145,0.25,3.0,49.0,516870,129217.5,387652.5
798,2025-06-17,광주,생활용품,7,22720,0.1,1.0,21.0,159040,15904.0,143136.0
799,2025-04-26,서울,의류,7,15770,0.0,3.0,,110390,0.0,110390.0
800,2025-06-11,서울,생활용품,2,82858,0.15,3.0,42.0,165716,24857.4,140858.6
801,2025-01-05,대구,의류,5,91149,0.3,5.0,33.0,455745,136723.5,319021.5
802,2025-04-21,광주,생활용품,3,40723,0.1,2.0,47.0,122169,12216.9,109952.1
803,2025-07-08,부산,생활용품,2,33258,0.0,2.0,36.0,66516,0.0,66516.0
804,2025-12-02,부산,전자제품,3,92927,0.3,5.0,40.0,278781,83634.3,195146.7
805,2025-09-27,광주,의류,1,68155,0.1,5.0,59.0,68155,6815.5,61339.5
806,2025-10-13,부산,의류,2,10368,0.1,3.0,59.0,20736,2073.6,18662.4
807,2025-07-18,광주,생활용품,5,13360,0.1,2.0,33.0,66800,6680.0,60120.0
808,2025-02-10,서울,의류,5,39558,0.25,4.0,36.0,197790,49447.5,148342.5
809,2025-05-23,서울,전자제품,2,86791,0.05,4.0,51.0,173582,8679.1,164902.9
810,2025-12-30,대구,전자제품,4,48583,0.2,4.0,66.0,194332,38866.4,155465.6
811,2025-01-17,부산,전자제품,6,7169,0.1,4.0,46.0,43014,4301.4,38712.6
812,2025-11-17,광주,전자제품,7,137763,0.1,1.0,21.0,964341,96434.1,867906.9
813,2025-09-07,대구,전자제품,4,105550,0.05,2.0,49.0,422200,21110.0,401090.0
814,2025-04-14,부산,생활용품,2,89626,0.25,1.0,56.0,179252,44813.0,134439.0
815,2025-10-11,서울,식품,5,40416,0.15,2.0,67.0,202080,30312.0,171768.0
816,2025-11-02,서울,의류,2,107691,0.3,5.0,67.0,215382,64614.6,150767.4
817,2025-01-16,광주,생활용품,1,142208,0.25,2.0,54.0,142208,35552.0,106656.0
818,2025-02-08,부산,의류,3,103022,0.25,4.0,47.0,309066,77266.5,231799.5
819,2025-08-31,대구,식품,3,47881,0.15,3.0,26.0,143643,21546.45,122096.55
820,2025-12-31,제주,식품,2,61882,0.3,1.0,64.0,123764,37129.2,86634.8
821,2025-01-09,제주,생활용품,1,139724,0.2,2.0,43.0,139724,27944.8,111779.2
822,2025-08-31,부산,의류,7,7033,0.15,4.0,54.0,49231,7384.65,41846.35
823,2025-02-19,서울,생활용품,5,37087,0.1,4.0,56.0,185435,18543.5,166891.5
824,2025-08-26,광주,전자제품,6,20518,0.3,2.0,18.0,123108,36932.4,86175.6
825,2025-08-16,광주,전자제품,1,97977,0.05,5.0,37.0,97977,4898.85,93078.15
826,2025-02-03,부산,전자제품,6,71527,0.3,1.0,53.0,429162,128748.6,300413.4
827,2025-09-06,대구,의류,3,24311,0.05,3.0,43.0,72933,3646.65,69286.35
828,2025-11-24,서울,의류,6,141488,0.25,2.0,52.0,848928,212232.0,636696.0
829,2025-11-12,광주,식품,4,85000,0.05,5.0,47.0,340000,17000.0,323000.0
830,2025-01-11,광주,식품,2,41070,0.25,4.0,18.0,82140,20535.0,61605.0
831,2025-03-31,부산,의류,2,142149,0.25,1.0,34.0,284298,71074.5,213223.5
832,2025-03-29,대구,생활용품,1,106256,0.25,2.0,39.0,106256,26564.0,79692.0
833,2025-06-15,부산,생활용품,6,23832,0.3,4.0,38.0,142992,42897.6,100094.4
834,2025-02-22,서울,식품,4,124857,0.15,3.0,20.0,499428,74914.2,424513.8
835,2025-11-08,서울,의류,6,13558,0.25,3.0,18.0,81348,20337.0,61011.0
836,2025-10-11,제주,전자제품,6,136484,0.15,1.0,33.0,818904,122835.6,696068.4
837,2025-10-23,대구,생활용품,2,62051,0.0,3.0,63.0,124102,0.0,124102.0
838,2025-03-14,서울,전자제품,3,47555,0.1,1.0,70.0,142665,14266.5,128398.5
839,2025-01-06,서울,식품,1,12757,0.0,2.0,62.0,12757,0.0,12757.0
840,2025-11-29,부산,의류,1,140036,0.2,2.0,67.0,140036,28007.2,112028.8
841,2025-04-16,제주,생활용품,7,86147,0.05,4.0,67.0,603029,30151.45,572877.55
842,2025-08-28,부산,전자제품,5,93158,0.1,3.0,54.0,465790,46579.0,419211.0
843,2025-11-28,제주,의류,4,128304,0.3,3.0,24.0,513216,153964.8,359251.2
844,2025-01-14,대구,전자제품,2,78719,0.25,5.0,37.0,157438,39359.5,118078.5
845,2025-01-02,광주,전자제품,5,47031,0.1,2.0,57.0,235155,23515.5,211639.5
846,2025-01-02,광주,식품,4,117867,0.15,4.0,39.0,471468,70720.2,400747.8
847,2025-02-27,서울,의류,2,81877,0.2,5.0,32.0,163754,32750.8,131003.2
848,2025-01-19,서울,식품,1,39613,0.1,1.0,20.0,39613,3961.3,35651.7
849,2025-10-27,제주,생활용품,4,127460,0.25,4.0,35.0,509840,127460.0,382380.0
850,2025-08-10,제주,의류,4,122824,0.05,1.0,35.0,491296,24564.8,466731.2
851,2025-12-24,서울,식품,6,40858,0.1,4.0,61.0,245148,24514.8,220633.2
852,2025-10-20,광주,식품,3,99245,0.05,2.0,59.0,297735,14886.75,282848.25
853,2025-12-18,제주,식품,1,138531,0.2,2.0,23.0,138531,27706.2,110824.8
854,2025-03-29,제주,전자제품,7,120908,0.2,5.0,45.0,846356,169271.2,677084.8
855,2025-04-16,부산,의류,3,33820,0.25,1.0,65.0,101460,25365.0,76095.0
856,2025-11-07,제주,생활용품,6,129080,0.1,3.0,43.0,774480,77448.0,697032.0
857,2025-03-31,광주,식품,1,13173,0.05,4.0,68.0,13173,658.65,12514.35
858,2025-01-21,제주,식품,1,94515,0.0,5.0,22.0,94515,0.0,94515.0
859,2025-09-02,서울,생활용품,1,79154,0.3,2.0,35.0,79154,23746.2,55407.8
860,2025-10-20,광주,의류,6,10326,0.1,2.0,66.0,61956,6195.6,55760.4
861,2025-12-20,서울,식품,2,110274,0.25,3.0,55.0,220548,55137.0,165411.0
862,2025-12-05,부산,전자제품,6,48173,0.1,3.0,33.0,289038,28903.8,260134.2
863,2025-02-13,서울,생활용품,7,128580,0.1,1.0,,900060,90006.0,810054.0
864,2025-10-09,대구,의류,5,132313,0.05,3.0,38.0,661565,33078.25,628486.75
865,2025-11-05,제주,의류,7,90617,0.25,1.0,60.0,634319,158579.75,475739.25
866,2025-09-12,광주,식품,7,95909,0.1,4.0,35.0,671363,67136.3,604226.7
867,2025-10-27,부산,전자제품,6,12553,0.1,4.0,35.0,75318,7531.8,67786.2
868,2025-11-02,대구,식품,6,134059,0.2,3.0,35.0,804354,160870.8,643483.2
869,2025-06-12,부산,생활용품,5,103826,0.15,2.0,37.0,519130,77869.5,441260.5
870,2025-01-15,광주,식품,2,60757,0.25,2.0,49.0,121514,30378.5,91135.5
871,2025-06-16,부산,의류,1,17433,0.0,4.0,60.0,17433,0.0,17433.0
872,2025-03-15,서울,생활용품,3,78185,0.3,3.0,51.0,234555,70366.5,164188.5
873,2025-02-11,대구,전자제품,4,135623,0.05,5.0,19.0,542492,27124.6,515367.4
874,2025-02-15,제주,전자제품,3,130076,0.0,5.0,49.0,390228,0.0,390228.0
875,2025-09-12,대구,전자제품,1,19303,0.0,3.0,40.0,19303,0.0,19303.0
876,2025-07-04,부산,생활용품,4,115495,0.1,2.0,21.0,461980,46198.0,415782.0
877,2025-07-17,서울,의류,4,16864,0.1,5.0,35.0,67456,6745.6,60710.4
878,2025-09-29,제주,생활용품,7,59738,0.0,4.0,69.0,418166,0.0,418166.0
879,2025-07-20,광주,생활용품,7,69840,0.2,1.0,36.0,488880,97776.0,391104.0
880,2025-08-18,서울,식품,5,8281,0.2,5.0,55.0,41405,8281.0,33124.0
881,2025-02-01,서울,전자제품,6,24904,0.25,2.0,28.0,149424,37356.0,112068.0
882,2025-11-07,서울,식품,3,132650,0.0,3.0,64.0,397950,0.0,397950.0
883,2025-06-13,부산,의류,7,96263,0.0,1.0,61.0,673841,0.0,673841.0
884,2025-02-26,제주,식품,7,119022,0.05,3.0,26.0,833154,41657.7,791496.3
885,2025-10-24,서울,전자제품,1,87854,0.15,4.0,54.0,87854,13178.1,74675.9
886,2025-09-26,제주,생활용품,5,70128,0.2,1.0,67.0,350640,70128.0,280512.0
887,2025-01-20,서울,식품,4,7640,0.05,2.0,65.0,30560,1528.0,29032.0
888,2025-03-12,광주,의류,2,84205,0.1,4.0,56.0,168410,16841.0,151569.0
889,2025-01-06,부산,생활용품,3,116731,0.15,5.0,56.0,350193,52528.95,297664.05
890,2025-04-09,제주,의류,7,34625,0.15,5.0,44.0,242375,36356.25,206018.75
891,2025-02-06,대구,의류,7,76197,0.15,4.0,25.0,533379,80006.85,453372.15
892,2025-09-17,부산,전자제품,3,64755,0.2,5.0,19.0,194265,38853.0,155412.0
893,2025-07-10,부산,의류,4,131288,0.25,1.0,33.0,525152,131288.0,393864.0
894,2025-12-24,제주,생활용품,4,28663,0.25,2.0,31.0,114652,28663.0,85989.0
895,2025-10-01,대구,생활용품,6,20269,0.3,3.0,66.0,121614,36484.2,85129.8
896,2025-08-12,부산,전자제품,4,35532,0.1,5.0,62.0,142128,14212.8,127915.2
897,2025-07-05,광주,전자제품,3,27650,0.1,4.0,35.0,82950,8295.0,74655.0
898,2025-01-20,대구,전자제품,7,127724,0.05,2.0,38.0,894068,44703.4,849364.6
899,2025-01-26,광주,생활용품,3,42786,0.1,1.0,57.0,128358,12835.8,115522.2
900,2025-08-13,대구,식품,2,57558,0.15,4.0,53.0,115116,17267.4,97848.6
901,2025-01-02,서울,의류,3,42289,0.2,2.0,64.0,126867,25373.4,101493.6
902,2025-01-16,서울,식품,3,123135,0.0,2.0,56.0,369405,0.0,369405.0
903,2025-03-21,서울,의류,4,101288,0.3,2.0,54.0,405152,121545.6,283606.4
904,2025-11-19,대구,생활용품,5,73715,0.0,2.0,59.0,368575,0.0,368575.0
905,2025-06-17,대구,식품,1,120842,0.1,2.0,65.0,120842,12084.2,108757.8
906,2025-09-16,광주,생활용품,7,15262,0.15,4.0,38.0,106834,16025.1,90808.9
907,2025-05-31,제주,식품,2,103377,0.1,1.0,31.0,206754,20675.4,186078.6
908,2025-03-05,서울,전자제품,1,57421,0.05,3.0,66.0,57421,2871.05,54549.95
909,2025-05-16,제주,전자제품,5,59991,0.15,5.0,26.0,299955,44993.25,254961.75
910,2025-02-03,제주,식품,2,27949,0.0,5.0,33.0,55898,0.0,55898.0
911,2025-10-09,광주,의류,6,19076,0.25,5.0,25.0,114456,28614.0,85842.0
912,2025-03-08,대구,생활용품,7,105569,0.2,2.0,62.0,738983,147796.6,591186.4
913,2025-05-18,서울,생활용품,5,128268,0.25,1.0,66.0,641340,160335.0,481005.0
914,2025-12-24,서울,의류,6,137153,0.25,5.0,40.0,822918,205729.5,617188.5
915,2025-08-05,서울,식품,4,40316,0.3,3.0,23.0,161264,48379.2,112884.8
916,2025-06-17,광주,전자제품,3,115646,0.05,3.0,30.0,346938,17346.9,329591.1
917,2025-07-18,대구,생활용품,5,21126,0.25,3.0,48.0,105630,26407.5,79222.5
918,2025-10-14,서울,식품,3,117874,0.15,1.0,36.0,353622,53043.3,300578.7
919,2025-04-03,서울,생활용품,7,87097,0.0,4.0,57.0,609679,0.0,609679.0
920,2025-08-21,서울,의류,4,129971,0.3,2.0,60.0,519884,155965.2,363918.8
921,2025-11-15,광주,생활용품,4,14799,0.25,2.0,41.0,59196,14799.0,44397.0
922,2025-07-28,광주,생활용품,5,117617,0.05,4.0,50.0,588085,29404.25,558680.75
923,2025-06-12,광주,의류,2,72729,0.3,4.0,21.0,145458,43637.4,101820.6
924,2025-02-22,서울,의류,4,87443,0.25,5.0,25.0,349772,87443.0,262329.0
925,2025-04-01,서울,전자제품,6,83146,0.15,4.0,35.0,498876,74831.4,424044.6
926,2025-12-12,서울,전자제품,6,108570,0.05,1.0,24.0,651420,32571.0,618849.0
927,2025-07-17,광주,의류,2,91858,0.25,3.0,18.0,183716,45929.0,137787.0
928,2025-04-20,광주,의류,1,65313,0.3,3.0,54.0,65313,19593.9,45719.1
929,2025-06-02,부산,의류,2,68126,0.05,2.0,19.0,136252,6812.6,129439.4
930,2025-07-30,서울,식품,6,15264,0.0,3.0,30.0,91584,0.0,91584.0
931,2025-07-16,부산,의류,2,110014,0.05,3.0,56.0,220028,11001.4,209026.6
932,2025-09-13,제주,생활용품,1,107309,0.1,4.0,29.0,107309,10730.9,96578.1
933,2025-04-04,서울,전자제품,5,87214,0.1,5.0,30.0,436070,43607.0,392463.0
934,2025-08-25,광주,식품,7,109641,0.3,4.0,57.0,767487,230246.1,537240.9
935,2025-06-11,대구,생활용품,2,44002,0.3,5.0,19.0,88004,26401.2,61602.8
936,2025-12-10,서울,전자제품,1,37439,0.2,5.0,35.0,37439,7487.8,29951.2
937,2025-02-27,제주,식품,1,139094,0.05,4.0,46.0,139094,6954.7,132139.3
938,2025-02-24,대구,식품,1,143322,0.05,2.0,21.0,143322,7166.1,136155.9
939,2025-06-18,광주,의류,2,128646,0.0,3.0,52.0,257292,0.0,257292.0
940,2025-07-05,서울,식품,2,12614,0.25,1.0,40.0,25228,6307.0,18921.0
941,2025-09-10,부산,생활용품,5,84575,0.05,5.0,34.0,422875,21143.75,401731.25
942,2025-05-28,광주,전자제품,2,111714,0.3,1.0,48.0,223428,67028.4,156399.6
943,2025-11-30,광주,식품,4,10385,0.2,2.0,20.0,41540,8308.0,33232.0
944,2025-06-23,서울,의류,3,145430,0.15,5.0,49.0,436290,65443.5,370846.5
945,2025-02-17,광주,전자제품,5,119128,0.3,1.0,42.0,595640,178692.0,416948.0
946,2025-02-13,제주,생활용품,5,49827,0.05,3.0,21.0,249135,12456.75,236678.25
947,2025-12-22,광주,의류,5,78437,0.15,3.0,59.0,392185,58827.75,333357.25
948,2025-02-18,부산,생활용품,7,137308,0.05,2.0,42.0,961156,48057.8,913098.2
949,2025-12-12,제주,식품,2,128778,0.05,2.0,21.0,257556,12877.8,244678.2
950,2025-04-12,광주,식품,4,124834,0.3,4.0,37.0,499336,149800.8,349535.2
951,2025-02-04,서울,생활용품,3,147680,0.2,4.0,57.0,443040,88608.0,354432.0
952,2025-04-22,서울,전자제품,4,112896,0.05,3.0,41.0,451584,22579.2,429004.8
953,2025-08-13,제주,식품,1,140624,0.0,3.0,38.0,140624,0.0,140624.0
954,2025-06-06,부산,식품,3,143300,0.1,2.0,20.0,429900,42990.0,386910.0
955,2025-10-14,서울,식품,7,7829,0.25,4.0,21.0,54803,13700.75,41102.25
956,2025-08-12,대구,식품,6,0,0.05,1.0,33.0,0,0.0,0.0
957,2025-05-27,대구,의류,3,53425,0.25,1.0,32.0,160275,40068.75,120206.25
958,2025-08-20,대구,전자제품,1,76758,0.0,4.0,52.0,76758,0.0,76758.0
959,2025-12-21,광주,생활용품,5,29321,0.1,1.0,42.0,146605,14660.5,131944.5
960,2025-05-31,제주,생활용품,3,102974,0.15,4.0,24.0,308922,46338.3,262583.7
961,2025-02-26,광주,전자제품,3,126044,0.0,1.0,52.0,378132,0.0,378132.0
962,2025-05-30,서울,생활용품,1,64714,0.1,2.0,68.0,64714,6471.4,58242.6
963,2025-11-03,서울,식품,3,106242,0.05,5.0,63.0,318726,15936.3,302789.7
964,2025-03-21,서울,전자제품,2,52108,0.0,2.0,70.0,104216,0.0,104216.0
965,2025-12-13,부산,식품,1,113676,0.0,5.0,43.0,113676,0.0,113676.0
966,2025-08-03,부산,생활용품,5,16925,0.05,2.0,37.0,84625,4231.25,80393.75
967,2025-08-08,제주,생활용품,7,132615,0.25,4.0,20.0,928305,232076.25,696228.75
968,2025-04-26,부산,의류,1,59811,0.0,4.0,54.0,59811,0.0,59811.0
969,2025-12-02,서울,생활용품,1,78200,0.15,4.0,41.0,78200,11730.0,66470.0
970,2025-01-14,제주,식품,1,121464,0.0,2.0,51.0,121464,0.0,121464.0
971,2025-04-20,부산,생활용품,4,9328,0.05,4.0,33.0,37312,1865.6,35446.4
972,2025-06-02,제주,의류,6,142089,0.05,2.0,26.0,852534,42626.7,809907.3
973,2025-06-24,광주,전자제품,3,94095,0.1,5.0,54.0,282285,28228.5,254056.5
974,2025-06-23,제주,전자제품,1,146397,0.25,2.0,38.0,146397,36599.25,109797.75
975,2025-02-23,제주,식품,1,84921,0.1,5.0,46.0,84921,8492.1,76428.9
976,2025-03-24,서울,전자제품,5,34946,0.0,5.0,69.0,174730,0.0,174730.0
977,2025-02-04,광주,식품,3,89445,0.05,4.0,32.0,268335,13416.75,254918.25
978,2025-07-28,대구,생활용품,3,87858,0.1,3.0,24.0,263574,26357.4,237216.6
979,2025-05-09,광주,전자제품,2,138500,0.05,3.0,55.0,277000,13850.0,263150.0
980,2025-07-26,광주,의류,7,88484,0.15,2.0,48.0,619388,92908.2,526479.8
981,2025-08-04,대구,생활용품,3,63910,0.1,2.0,39.0,191730,19173.0,172557.0
982,2025-09-14,부산,식품,5,30527,0.25,3.0,49.0,152635,38158.75,114476.25
983,2025-07-19,제주,의류,6,52270,0.05,3.0,66.0,313620,15681.0,297939.0
984,2025-08-25,광주,식품,1,89336,0.2,4.0,26.0,89336,17867.2,71468.8
985,2025-08-03,제주,식품,2,58500,0.0,5.0,59.0,117000,0.0,117000.0
986,2025-08-27,부산,생활용품,7,57600,0.3,5.0,46.0,403200,120960.0,282240.0
987,2025-08-14,제주,의류,7,7109,0.3,4.0,60.0,49763,14928.9,34834.1
988,2025-04-26,부산,식품,3,141649,0.05,5.0,66.0,424947,21247.35,403699.65
989,2025-03-31,대구,생활용품,2,126321,0.05,5.0,26.0,252642,12632.1,240009.9
990,2025-10-15,제주,생활용품,3,42004,0.0,3.0,24.0,126012,0.0,126012.0
991,2025-05-06,부산,생활용품,7,24926,0.3,3.0,18.0,174482,52344.6,122137.4
992,2025-07-20,부산,생활용품,5,126070,0.0,3.0,28.0,630350,0.0,630350.0
993,2025-03-13,제주,식품,1,126317,0.0,1.0,36.0,126317,0.0,126317.0
994,2025-06-07,제주,식품,6,135044,0.0,2.0,31.0,810264,0.0,810264.0
995,2025-07-13,부산,전자제품,2,84375,0.1,2.0,61.0,168750,16875.0,151875.0
996,2025-08-17,부산,의류,3,111702,0.3,4.0,57.0,335106,100531.8,234574.2
997,2025-07-12,부산,생활용품,4,110785,0.05,2.0,36.0,443140,22157.0,420983.0
998,2025-05-12,서울,의류,3,36128,0.15,4.0,48.0,108384,16257.6,92126.4
999,2025-12-18,대구,의류,5,80976,0.2,2.0,34.0,404880,80976.0,323904.0
1000,2025-07-07,부산,생활용품,2,42753,0.25,2.0,44.0,85506,21376.5,64129.5
1001,2025-10-23,제주,전자제품,7,114311,0.2,1.0,33.0,800177,160035.4,640141.6
1002,2025-09-26,서울,식품,5,145813,0.3,3.0,59.0,729065,218719.5,510345.5
1003,2025-07-23,광주,의류,3,16097,0.2,1.0,30.0,48291,9658.2,38632.8
1004,2025-11-20,대구,전자제품,7,15995,0.25,2.0,69.0,111965,27991.25,83973.75
1005,2025-02-16,광주,생활용품,4,43311,0.1,3.0,67.0,173244,17324.4,155919.6
1006,2025-12-03,서울,전자제품,3,21977,0.1,4.0,28.0,65931,6593.1,59337.9
1007,2025-11-07,대구,생활용품,1,6307,0.25,3.0,48.0,6307,1576.75,4730.25
1008,2025-07-03,광주,의류,7,146893,0.3,2.0,61.0,1028251,308475.3,719775.7
1009,2025-09-25,부산,생활용품,6,89455,0.0,5.0,62.0,536730,0.0,536730.0
1010,2025-07-09,제주,생활용품,2,117650,0.15,2.0,37.0,235300,35295.0,200005.0
1011,2025-04-09,대구,의류,7,87090,0.25,2.0,47.0,609630,152407.5,457222.5
1012,2025-10-19,부산,생활용품,6,113226,0.0,1.0,25.0,679356,0.0,679356.0
1013,2025-03-31,서울,식품,3,104494,0.1,2.0,31.0,313482,31348.2,282133.8
1014,2025-04-25,서울,의류,7,28230,0.15,2.0,31.0,197610,29641.5,167968.5
1015,2025-07-09,대구,생활용품,4,26811,0.0,2.0,33.0,107244,0.0,107244.0
1016,2025-11-02,대구,전자제품,5,75896,0.3,1.0,39.0,379480,113844.0,265636.0
1017,2025-05-21,제주,식품,2,58801,0.1,1.0,54.0,117602,11760.2,105841.8
1018,2025-06-30,광주,전자제품,1,126911,0.25,4.0,65.0,126911,31727.75,95183.25
1019,2025-01-16,서울,의류,4,49399,0.1,3.0,48.0,197596,19759.6,177836.4
1020,2025-02-12,대구,생활용품,3,52686,0.1,4.0,43.0,158058,15805.8,142252.2
1021,2025-01-21,대구,전자제품,7,81705,0.3,3.0,55.0,571935,171580.5,400354.5
1022,2025-01-27,서울,의류,1,32951,0.25,3.0,50.0,32951,8237.75,24713.25
1023,2025-11-14,광주,식품,6,129477,0.15,3.0,41.0,776862,116529.3,660332.7
1024,2025-11-04,대구,생활용품,5,6587,0.15,2.0,19.0,32935,4940.25,27994.75
1025,2025-10-27,서울,전자제품,7,127894,0.25,2.0,46.0,895258,223814.5,671443.5
1026,2025-01-21,대구,전자제품,7,95269,0.2,5.0,21.0,666883,133376.6,533506.4
1027,2025-01-29,광주,전자제품,7,133749,0.3,3.0,50.0,936243,280872.9,655370.1
1028,2025-04-13,부산,식품,3,47602,0.1,5.0,67.0,142806,14280.6,128525.4
1029,2025-07-26,부산,식품,5,135542,0.0,4.0,60.0,677710,0.0,677710.0
1030,2025-05-02,서울,생활용품,2,130233,0.05,4.0,62.0,260466,13023.3,247442.7
1031,2025-06-27,부산,식품,4,71224,0.15,5.0,42.0,284896,42734.4,242161.6
1032,2025-03-05,제주,전자제품,2,46110,0.1,4.0,43.0,92220,9222.0,82998.0
1033,2025-09-24,광주,의류,2,33576,0.25,5.0,45.0,67152,16788.0,50364.0
1034,2025-04-25,서울,전자제품,4,26978,0.3,4.0,28.0,107912,32373.6,75538.4
1035,2025-01-25,대구,식품,1,89552,0.05,4.0,69.0,89552,4477.6,85074.4
1036,2025-09-29,서울,의류,4,144265,0.3,4.0,20.0,577060,173118.0,403942.0
1037,2025-11-26,대구,식품,3,87028,0.2,5.0,70.0,261084,52216.8,208867.2
1038,2025-01-06,서울,의류,2,144893,0.05,2.0,69.0,289786,14489.3,275296.7
1039,2025-06-09,광주,식품,4,114582,0.05,5.0,67.0,458328,22916.4,435411.6
1040,2025-10-29,대구,생활용품,6,104329,0.05,3.0,18.0,625974,31298.7,594675.3
1041,2025-09-15,광주,식품,5,110120,0.15,1.0,68.0,550600,82590.0,468010.0
1042,2025-11-09,대구,생활용품,1,139616,0.0,1.0,30.0,139616,0.0,139616.0
1043,2025-06-01,부산,의류,4,129422,0.0,4.0,31.0,517688,0.0,517688.0
1044,2025-05-16,부산,의류,5,28466,0.25,5.0,54.0,142330,35582.5,106747.5
1045,2025-09-16,부산,전자제품,5,89815,0.15,4.0,39.0,449075,67361.25,381713.75
1046,2025-02-26,대구,전자제품,3,71749,0.15,4.0,67.0,215247,32287.05,182959.95
1047,2025-03-29,대구,의류,1,132485,0.1,5.0,44.0,132485,13248.5,119236.5
1048,2025-08-08,광주,식품,1,34603,0.15,5.0,24.0,34603,5190.45,29412.55
1049,2025-09-01,서울,식품,3,123897,0.1,5.0,30.0,371691,37169.1,334521.9
1050,2025-02-13,부산,생활용품,5,74424,0.0,1.0,59.0,372120,0.0,372120.0
1051,2025-07-05,제주,식품,6,140178,0.15,5.0,48.0,841068,126160.2,714907.8
1052,2025-05-14,제주,식품,5,119721,0.0,3.0,35.0,598605,0.0,598605.0
1053,2025-07-03,제주,의류,3,55020,0.2,4.0,29.0,165060,33012.0,132048.0
1054,2025-12-16,부산,생활용품,4,127515,0.3,4.0,54.0,510060,153018.0,357042.0
1055,2025-01-28,서울,생활용품,1,32176,0.2,4.0,32.0,32176,6435.2,25740.8
1056,2025-12-30,서울,의류,6,5603,0.2,5.0,23.0,33618,6723.6,26894.4
1057,2025-06-14,서울,전자제품,3,78489,0.3,1.0,47.0,235467,70640.1,164826.9
1058,2025-10-09,제주,전자제품,4,61478,0.05,5.0,63.0,245912,12295.6,233616.4
1059,2025-06-04,제주,의류,4,23232,0.25,2.0,34.0,92928,23232.0,69696.0
1060,2025-04-24,제주,의류,3,149140,0.05,2.0,55.0,447420,22371.0,425049.0
1061,2025-10-09,광주,전자제품,2,10664,0.0,4.0,41.0,21328,0.0,21328.0
1062,2025-09-08,부산,의류,7,90451,0.05,5.0,68.0,633157,31657.85,601499.15
1063,2025-02-22,대구,생활용품,1,42847,0.15,1.0,50.0,42847,6427.05,36419.95
1064,2025-09-15,제주,전자제품,7,47948,0.0,,44.0,335636,0.0,335636.0
1065,2025-10-02,제주,생활용품,1,35608,0.05,2.0,30.0,35608,1780.4,33827.6
1066,2025-05-22,대구,식품,1,61404,0.0,5.0,65.0,61404,0.0,61404.0
1067,2025-12-04,제주,식품,7,101769,0.05,1.0,20.0,712383,35619.15,676763.85
1068,2025-08-22,부산,의류,7,51772,0.25,4.0,46.0,362404,90601.0,271803.0
1069,2025-05-02,대구,전자제품,7,109641,0.05,3.0,32.0,767487,38374.35,729112.65
1070,2025-01-04,제주,전자제품,6,69902,0.05,5.0,45.0,419412,20970.6,398441.4
1071,2025-09-04,부산,생활용품,4,118856,0.0,3.0,,475424,0.0,475424.0
1072,2025-03-18,광주,식품,1,69451,0.1,1.0,23.0,69451,6945.1,62505.9
1073,2025-10-04,대구,전자제품,5,58008,0.25,1.0,20.0,290040,72510.0,217530.0
1074,2025-07-11,부산,의류,4,78495,0.15,2.0,61.0,313980,47097.0,266883.0
1075,2025-06-20,부산,전자제품,6,104553,0.05,5.0,55.0,627318,31365.9,595952.1
1076,2025-03-01,광주,생활용품,1,72353,0.1,1.0,39.0,72353,7235.3,65117.7
1077,2025-09-17,대구,전자제품,1,136392,0.2,5.0,29.0,136392,27278.4,109113.6
1078,2025-03-02,부산,의류,5,79837,0.15,3.0,49.0,399185,59877.75,339307.25
1079,2025-06-02,광주,식품,6,47924,0.15,3.0,31.0,287544,43131.6,244412.4
1080,2025-11-02,서울,생활용품,7,9058,0.3,5.0,52.0,63406,19021.8,44384.2
1081,2025-12-02,서울,의류,4,61918,0.25,4.0,39.0,247672,61918.0,185754.0
1082,2025-12-28,제주,생활용품,3,12891,0.05,4.0,59.0,38673,1933.65,36739.35
1083,2025-12-16,광주,전자제품,4,10185,0.2,5.0,52.0,40740,8148.0,32592.0
1084,2025-07-22,대구,식품,4,58816,0.25,3.0,48.0,235264,58816.0,176448.0
1085,2025-03-15,서울,생활용품,5,47099,0.3,5.0,23.0,235495,70648.5,164846.5
1086,2025-11-03,대구,전자제품,2,133317,0.05,4.0,50.0,266634,13331.7,253302.3
1087,2025-10-20,대구,생활용품,3,110873,0.25,5.0,55.0,332619,83154.75,249464.25
1088,2025-12-28,대구,생활용품,4,119671,0.05,3.0,45.0,478684,23934.2,454749.8
1089,2025-08-26,서울,의류,6,84092,0.15,4.0,49.0,504552,75682.8,428869.2
1090,2025-02-21,대구,전자제품,6,20972,0.0,3.0,50.0,125832,0.0,125832.0
1091,2025-07-03,대구,생활용품,6,128396,0.2,5.0,30.0,770376,154075.2,616300.8
1092,2025-06-13,부산,생활용품,2,76750,0.2,4.0,41.0,153500,30700.0,122800.0
1093,2025-11-04,서울,식품,3,67215,0.15,1.0,24.0,201645,30246.75,171398.25
1094,2025-05-24,제주,의류,4,92665,0.1,3.0,59.0,370660,37066.0,333594.0
1095,2025-04-30,광주,전자제품,7,28738,0.05,1.0,25.0,201166,10058.3,191107.7
1096,2025-01-30,광주,식품,3,74772,0.25,4.0,60.0,224316,56079.0,168237.0
1097,2025-11-01,광주,전자제품,7,92837,0.3,4.0,51.0,649859,194957.7,454901.3
1098,2025-10-03,광주,의류,6,106147,0.0,5.0,45.0,636882,0.0,636882.0
1099,2025-01-16,서울,의류,5,77525,0.05,1.0,44.0,387625,19381.25,368243.75
1100,2025-06-08,대구,의류,5,149604,0.2,3.0,25.0,748020,149604.0,598416.0
1101,2025-06-25,제주,의류,6,148580,0.1,2.0,52.0,891480,89148.0,802332.0
1102,2025-06-21,부산,생활용품,5,18988,0.0,3.0,37.0,94940,0.0,94940.0
1103,2025-12-02,제주,전자제품,5,17014,0.0,5.0,59.0,85070,0.0,85070.0
1104,2025-02-24,서울,전자제품,3,79752,0.05,3.0,62.0,239256,11962.8,227293.2
1105,2025-04-22,부산,전자제품,3,125037,0.3,3.0,66.0,375111,112533.3,262577.7
1106,2025-03-08,부산,생활용품,5,79294,0.2,5.0,66.0,396470,79294.0,317176.0
1107,2025-03-31,광주,전자제품,6,36476,0.05,3.0,58.0,218856,10942.8,207913.2
1108,2025-11-28,서울,전자제품,5,86545,0.0,3.0,32.0,432725,0.0,432725.0
1109,2025-12-10,부산,전자제품,7,141753,0.25,3.0,32.0,992271,248067.75,744203.25
1110,2025-01-17,광주,생활용품,5,29210,0.1,5.0,67.0,146050,14605.0,131445.0
1111,2025-08-19,부산,의류,3,69597,0.1,3.0,69.0,208791,20879.1,187911.9
1112,2025-03-26,제주,생활용품,5,97562,0.15,4.0,32.0,487810,73171.5,414638.5
1113,2025-03-12,제주,전자제품,5,62023,0.05,1.0,52.0,310115,15505.75,294609.25
1114,2025-04-17,부산,식품,7,11429,0.25,1.0,66.0,80003,20000.75,60002.25
1115,2025-03-12,대구,의류,2,102101,0.1,1.0,62.0,204202,20420.2,183781.8
1116,2025-06-28,부산,전자제품,2,112463,0.2,3.0,67.0,224926,44985.2,179940.8
1117,2025-12-30,부산,생활용품,2,99998,0.15,4.0,36.0,199996,29999.4,169996.6
1118,2025-08-03,광주,생활용품,1,101158,0.05,2.0,44.0,101158,5057.9,96100.1
1119,2025-09-21,부산,전자제품,5,100227,0.2,5.0,49.0,501135,100227.0,400908.0
1120,2025-06-30,서울,생활용품,7,52911,0.0,1.0,68.0,370377,0.0,370377.0
1121,2025-01-06,부산,식품,5,7413,0.25,4.0,70.0,37065,9266.25,27798.75
1122,2025-01-31,제주,식품,1,148404,0.1,2.0,47.0,148404,14840.4,133563.6
1123,2025-04-09,부산,생활용품,3,34650,0.2,1.0,63.0,103950,20790.0,83160.0
1124,2025-03-30,부산,의류,7,125173,0.05,4.0,38.0,876211,43810.55,832400.45
1125,2025-11-03,광주,전자제품,1,83397,0.1,3.0,50.0,83397,8339.7,75057.3
1126,2025-11-04,서울,생활용품,5,83233,0.1,4.0,60.0,416165,41616.5,374548.5
1127,2025-11-08,부산,의류,4,8042,0.05,5.0,65.0,32168,1608.4,30559.6
1128,2025-08-21,서울,전자제품,7,148624,0.1,3.0,23.0,1040368,104036.8,936331.2
1129,2025-07-23,제주,의류,4,81640,0.0,5.0,21.0,326560,0.0,326560.0
1130,2025-08-25,제주,의류,4,125363,0.1,3.0,29.0,501452,50145.2,451306.8
1131,2025-05-29,광주,식품,6,117780,0.0,2.0,23.0,706680,0.0,706680.0
1132,2025-09-02,부산,식품,6,25006,0.15,2.0,29.0,150036,22505.4,127530.6
1133,2025-10-17,광주,생활용품,4,142401,0.0,2.0,68.0,569604,0.0,569604.0
1134,2025-10-06,광주,전자제품,6,90704,0.0,5.0,50.0,544224,0.0,544224.0
1135,2025-08-13,제주,의류,6,31842,0.15,3.0,23.0,191052,28657.8,162394.2
1136,2025-01-22,서울,생활용품,4,89224,0.1,5.0,55.0,356896,35689.6,321206.4
1137,2025-09-22,광주,생활용품,6,94372,0.3,2.0,67.0,566232,169869.6,396362.4
1138,2025-05-14,서울,식품,3,99677,0.05,4.0,62.0,299031,14951.55,284079.45
1139,2025-09-29,대구,식품,3,51615,0.1,1.0,63.0,154845,15484.5,139360.5
1140,2025-07-16,제주,생활용품,1,141410,0.05,2.0,65.0,141410,7070.5,134339.5
1141,2025-11-18,서울,식품,5,39351,0.3,1.0,57.0,196755,59026.5,137728.5
1142,2025-05-04,서울,의류,2,76345,0.25,5.0,64.0,152690,38172.5,114517.5
1143,2025-12-06,제주,의류,6,126597,0.05,2.0,60.0,759582,37979.1,721602.9
1144,2025-11-05,서울,의류,7,16220,0.05,5.0,54.0,113540,5677.0,107863.0
1145,2025-05-01,광주,의류,7,63516,0.05,3.0,28.0,444612,22230.6,422381.4
1146,2025-06-26,대구,식품,2,74503,0.05,1.0,66.0,149006,7450.3,141555.7
1147,2025-07-13,부산,식품,5,117072,0.05,2.0,22.0,585360,29268.0,556092.0
1148,2025-10-08,제주,식품,6,119230,0.25,2.0,32.0,715380,178845.0,536535.0
1149,2025-09-09,제주,의류,4,120555,0.15,3.0,56.0,482220,72333.0,409887.0
1150,2025-11-07,부산,생활용품,4,56998,0.1,2.0,56.0,227992,22799.2,205192.8
1151,2025-05-16,서울,의류,4,76282,0.05,4.0,64.0,305128,15256.4,289871.6
1152,2025-07-04,서울,의류,3,8930,0.05,4.0,22.0,26790,1339.5,25450.5
1153,2025-06-07,서울,식품,5,124292,0.15,1.0,59.0,621460,93219.0,528241.0
1154,2025-11-28,제주,생활용품,7,48970,0.25,3.0,24.0,342790,85697.5,257092.5
1155,2025-04-22,대구,식품,2,72777,0.15,3.0,50.0,145554,21833.1,123720.9
1156,2025-08-03,광주,식품,1,103912,0.2,2.0,29.0,103912,20782.4,83129.6
1157,2025-02-13,부산,전자제품,1,117596,0.05,4.0,48.0,117596,5879.8,111716.2
1158,2025-11-07,제주,식품,5,17471,0.3,2.0,23.0,87355,26206.5,61148.5
1159,2025-05-21,광주,의류,2,116247,0.25,5.0,19.0,232494,58123.5,174370.5
1160,2025-05-05,광주,전자제품,4,59515,0.3,3.0,69.0,238060,71418.0,166642.0
1161,2025-08-01,대구,전자제품,7,0,0.2,2.0,45.0,0,0.0,0.0
1162,2025-07-02,광주,생활용품,1,24304,0.2,4.0,42.0,24304,4860.8,19443.2
1163,2025-11-06,대구,생활용품,2,108935,0.0,4.0,38.0,217870,0.0,217870.0
1164,2025-07-13,부산,식품,2,74010,0.05,3.0,66.0,148020,7401.0,140619.0
1165,2025-07-08,대구,식품,4,20062,0.0,,59.0,80248,0.0,80248.0
1166,2025-02-08,부산,의류,5,25519,0.15,2.0,43.0,127595,19139.25,108455.75
1167,2025-01-09,제주,생활용품,2,109614,0.2,5.0,24.0,219228,43845.6,175382.4
1168,2025-05-26,광주,식품,1,20810,0.0,4.0,55.0,20810,0.0,20810.0
1169,2025-12-31,광주,전자제품,1,80578,0.25,2.0,28.0,80578,20144.5,60433.5
1170,2025-12-01,광주,식품,6,106181,0.15,5.0,35.0,637086,95562.9,541523.1
1171,2025-08-18,대구,식품,1,137241,0.2,5.0,53.0,137241,27448.2,109792.8
1172,2025-08-19,제주,의류,5,27910,0.3,1.0,68.0,139550,41865.0,97685.0
1173,2025-05-23,부산,전자제품,5,47901,0.2,4.0,29.0,239505,47901.0,191604.0
1174,2025-03-06,대구,의류,1,27445,0.0,3.0,19.0,27445,0.0,27445.0
1175,2025-01-04,서울,전자제품,4,132576,0.25,4.0,40.0,530304,132576.0,397728.0
1176,2025-05-04,부산,생활용품,3,90915,0.3,2.0,54.0,272745,81823.5,190921.5
1177,2025-04-26,대구,의류,4,147580,0.0,2.0,52.0,590320,0.0,590320.0
1178,2025-03-11,대구,전자제품,1,11321,0.15,2.0,68.0,11321,1698.15,9622.85
1179,2025-04-05,제주,생활용품,5,107355,0.15,1.0,29.0,536775,80516.25,456258.75
1180,2025-01-10,광주,의류,6,9783,0.05,5.0,59.0,58698,2934.9,55763.1
1181,2025-08-10,대구,의류,1,20811,0.05,2.0,59.0,20811,1040.55,19770.45
1182,2025-12-05,대구,전자제품,4,67560,0.25,5.0,61.0,270240,67560.0,202680.0
1183,2025-09-10,광주,전자제품,5,58186,0.1,2.0,65.0,290930,29093.0,261837.0
1184,2025-06-13,광주,생활용품,1,57939,0.15,2.0,33.0,57939,8690.85,49248.15
1185,2025-06-03,부산,식품,6,14841,0.25,5.0,34.0,89046,22261.5,66784.5
1186,2025-04-23,대구,의류,4,83970,0.15,2.0,41.0,335880,50382.0,285498.0
1187,2025-02-21,대구,생활용품,3,54400,0.3,4.0,36.0,163200,48960.0,114240.0
1188,2025-08-07,서울,식품,4,149056,0.15,1.0,25.0,596224,89433.6,506790.4
1189,2025-07-26,제주,식품,5,119482,0.3,5.0,35.0,597410,179223.0,418187.0
1190,2025-01-03,대구,생활용품,5,68032,0.05,4.0,37.0,340160,17008.0,323152.0
1191,2025-06-01,부산,전자제품,6,115992,0.3,4.0,58.0,695952,208785.6,487166.4
1192,2025-04-12,광주,식품,1,88529,0.0,1.0,18.0,88529,0.0,88529.0
1193,2025-03-04,광주,생활용품,6,76828,0.25,5.0,57.0,460968,115242.0,345726.0
1194,2025-09-14,제주,전자제품,1,138291,0.2,3.0,59.0,138291,27658.2,110632.8
1195,2025-07-11,서울,식품,5,90181,0.15,2.0,25.0,450905,67635.75,383269.25
1196,2025-08-20,대구,식품,3,75061,0.3,1.0,68.0,225183,67554.9,157628.1
1197,2025-09-18,서울,전자제품,1,87166,0.2,1.0,,87166,17433.2,69732.8
1198,2025-12-25,대구,전자제품,5,118263,0.2,4.0,55.0,591315,118263.0,473052.0
1199,2025-10-21,대구,식품,4,112518,0.25,2.0,58.0,450072,112518.0,337554.0
1200,2025-08-15,대구,생활용품,5,84555,0.25,5.0,60.0,422775,105693.75,317081.25
1201,2025-11-17,제주,전자제품,3,30630,0.05,2.0,39.0,91890,4594.5,87295.5
1202,2025-06-24,대구,의류,2,97395,0.25,1.0,45.0,194790,48697.5,146092.5
1203,2025-12-26,대구,식품,5,67443,0.2,5.0,50.0,337215,67443.0,269772.0
1204,2025-10-05,서울,생활용품,2,140213,0.0,4.0,28.0,280426,0.0,280426.0
1205,2025-08-26,부산,식품,6,136723,0.3,3.0,21.0,820338,246101.4,574236.6
1206,2025-11-26,제주,생활용품,5,5102,0.25,5.0,56.0,25510,6377.5,19132.5
1207,2025-07-08,대구,식품,7,149870,0.3,4.0,31.0,1049090,314727.0,734363.0
1208,2025-09-21,제주,생활용품,1,135637,0.25,1.0,33.0,135637,33909.25,101727.75
1209,2025-04-14,대구,생활용품,5,136540,0.1,3.0,23.0,682700,68270.0,614430.0
1210,2025-12-18,대구,식품,4,77165,0.1,5.0,42.0,308660,30866.0,277794.0
1211,2025-08-16,대구,의류,7,44229,0.05,4.0,48.0,309603,15480.15,294122.85
1212,2025-10-13,대구,전자제품,3,92981,0.1,4.0,65.0,278943,27894.3,251048.7
1213,2025-06-18,서울,식품,7,133046,0.0,1.0,44.0,931322,0.0,931322.0
1214,2025-11-13,서울,식품,2,70258,0.25,3.0,37.0,140516,35129.0,105387.0
1215,2025-01-28,대구,생활용품,6,147880,0.25,1.0,60.0,887280,221820.0,665460.0
1216,2025-02-11,대구,생활용품,4,42833,0.3,4.0,33.0,171332,51399.6,119932.4
1217,2025-07-05,대구,생활용품,7,128691,0.15,2.0,18.0,900837,135125.55,765711.45
1218,2025-09-25,대구,생활용품,2,14571,0.3,2.0,19.0,29142,8742.6,20399.4
1219,2025-10-23,부산,생활용품,2,126719,0.05,3.0,62.0,253438,12671.9,240766.1
1220,2025-06-10,광주,생활용품,4,142044,0.15,1.0,55.0,568176,85226.4,482949.6
1221,2025-08-26,광주,의류,4,106869,0.25,4.0,27.0,427476,106869.0,320607.0
1222,2025-07-21,서울,전자제품,2,95462,0.25,3.0,29.0,190924,47731.0,143193.0
1223,2025-12-17,대구,생활용품,5,64664,0.25,3.0,62.0,323320,80830.0,242490.0
1224,2025-08-27,광주,전자제품,3,131654,0.15,4.0,51.0,394962,59244.3,335717.7
1225,2025-06-02,광주,전자제품,2,23360,0.0,4.0,43.0,46720,0.0,46720.0
1226,2025-12-20,부산,생활용품,4,47167,0.3,5.0,37.0,188668,56600.4,132067.6
1227,2025-02-09,제주,전자제품,5,24018,0.1,1.0,38.0,120090,12009.0,108081.0
1228,2025-12-26,광주,전자제품,1,45310,0.2,3.0,59.0,45310,9062.0,36248.0
1229,2025-02-26,대구,의류,7,80883,0.0,1.0,28.0,566181,0.0,566181.0
1230,2025-04-16,광주,의류,5,53689,0.3,2.0,,268445,80533.5,187911.5
1231,2025-10-27,제주,전자제품,2,65975,0.05,3.0,30.0,131950,6597.5,125352.5
1232,2025-09-25,부산,식품,6,38500,0.3,1.0,30.0,231000,69300.0,161700.0
1233,2025-12-21,서울,전자제품,6,56153,0.25,3.0,37.0,336918,84229.5,252688.5
1234,2025-10-01,대구,식품,7,77206,0.1,5.0,59.0,540442,54044.2,486397.8
1235,2025-08-21,서울,전자제품,6,36001,0.1,1.0,18.0,216006,21600.6,194405.4
1236,2025-05-07,제주,의류,2,140755,0.3,2.0,26.0,281510,84453.0,197057.0
1237,2025-01-02,제주,식품,2,135088,0.2,2.0,37.0,270176,54035.2,216140.8
1238,2025-02-15,광주,생활용품,2,132029,0.2,5.0,25.0,264058,52811.6,211246.4
1239,2025-04-19,제주,전자제품,7,5217,0.2,4.0,38.0,36519,7303.8,29215.2
1240,2025-01-15,서울,생활용품,3,76790,0.05,1.0,40.0,230370,11518.5,218851.5
1241,2025-07-05,광주,생활용품,3,120289,0.0,4.0,50.0,360867,0.0,360867.0
1242,2025-10-11,대구,식품,7,55570,0.0,1.0,35.0,388990,0.0,388990.0
1243,2025-12-18,부산,의류,2,38579,0.1,4.0,46.0,77158,7715.8,69442.2
1244,2025-06-28,부산,식품,3,93695,0.2,2.0,70.0,281085,56217.0,224868.0
1245,2025-11-16,대구,의류,3,5360,0.1,4.0,42.0,16080,1608.0,14472.0
1246,2025-12-26,광주,생활용품,3,93778,0.05,3.0,60.0,281334,14066.7,267267.3
1247,2025-11-10,서울,의류,5,70464,0.1,4.0,32.0,352320,35232.0,317088.0
1248,2025-06-19,광주,의류,6,104146,0.05,2.0,65.0,624876,31243.8,593632.2
1249,2025-04-29,제주,생활용품,2,104014,0.15,3.0,48.0,208028,31204.2,176823.8
1250,2025-12-23,서울,식품,1,82662,0.15,5.0,25.0,82662,12399.3,70262.7
1251,2025-03-30,제주,전자제품,5,89645,0.05,5.0,66.0,448225,22411.25,425813.75
1252,2025-05-31,광주,의류,4,8879,0.0,3.0,55.0,35516,0.0,35516.0
1253,2025-01-28,부산,의류,5,147292,0.0,5.0,36.0,736460,0.0,736460.0
1254,2025-10-17,광주,전자제품,4,16026,0.1,1.0,50.0,64104,6410.4,57693.6
1255,2025-08-26,광주,의류,6,146616,0.05,4.0,68.0,879696,43984.8,835711.2
1256,2025-01-31,광주,전자제품,5,146198,0.25,4.0,23.0,730990,182747.5,548242.5
1257,2025-03-23,서울,식품,6,109103,0.05,2.0,20.0,654618,32730.9,621887.1
1258,2025-07-22,서울,생활용품,6,113204,0.0,2.0,60.0,679224,0.0,679224.0
1259,2025-07-17,광주,의류,4,9346,0.2,3.0,33.0,37384,7476.8,29907.2
1260,2025-10-20,부산,의류,3,142496,0.2,4.0,63.0,427488,85497.6,341990.4
1261,2025-04-08,부산,의류,5,81612,0.2,4.0,58.0,408060,81612.0,326448.0
1262,2025-12-04,대구,전자제품,5,54231,0.05,4.0,66.0,271155,13557.75,257597.25
1263,2025-06-12,광주,생활용품,5,102124,0.2,4.0,58.0,510620,102124.0,408496.0
1264,2025-10-28,서울,식품,4,82568,0.3,5.0,67.0,330272,99081.6,231190.4
1265,2025-03-29,제주,생활용품,3,57431,0.2,5.0,50.0,172293,34458.6,137834.4
1266,2025-01-14,대구,생활용품,1,51683,0.1,3.0,23.0,51683,5168.3,46514.7
1267,2025-01-21,서울,전자제품,3,22132,0.15,1.0,29.0,66396,9959.4,56436.6
1268,2025-05-17,서울,의류,7,136796,0.25,2.0,64.0,957572,239393.0,718179.0
1269,2025-12-14,제주,전자제품,6,101542,0.05,1.0,33.0,609252,30462.6,578789.4
1270,2025-01-18,서울,의류,6,46721,0.25,3.0,68.0,280326,70081.5,210244.5
1271,2025-05-15,대구,식품,6,109857,0.05,5.0,64.0,659142,32957.1,626184.9
1272,2025-02-09,광주,전자제품,7,105603,0.3,3.0,54.0,739221,221766.3,517454.7
1273,2025-12-07,대구,의류,2,25284,0.0,5.0,25.0,50568,0.0,50568.0
1274,2025-09-04,부산,생활용품,6,30383,0.15,3.0,27.0,182298,27344.7,154953.3
1275,2025-10-06,서울,전자제품,1,38473,0.1,3.0,57.0,38473,3847.3,34625.7
1276,2025-09-18,광주,생활용품,2,20261,0.15,1.0,39.0,40522,6078.3,34443.7
1277,2025-08-28,대구,생활용품,1,124327,0.1,4.0,39.0,124327,12432.7,111894.3
1278,2025-10-10,서울,의류,4,27567,0.0,2.0,22.0,110268,0.0,110268.0
1279,2025-01-03,서울,생활용품,1,122645,0.3,3.0,42.0,122645,36793.5,85851.5
1280,2025-11-12,대구,식품,3,81771,0.15,5.0,18.0,245313,36796.95,208516.05
1281,2025-09-28,서울,의류,1,21937,0.2,2.0,25.0,21937,4387.4,17549.6
1282,2025-09-27,부산,의류,1,127459,0.15,5.0,66.0,127459,19118.85,108340.15
1283,2025-05-24,서울,의류,4,30157,0.15,5.0,57.0,120628,18094.2,102533.8
1284,2025-10-20,광주,생활용품,3,149896,0.2,1.0,69.0,449688,89937.6,359750.4
1285,2025-05-20,광주,생활용품,3,7037,0.1,2.0,66.0,21111,2111.1,18999.9
1286,2025-01-18,광주,생활용품,3,95289,0.0,5.0,66.0,285867,0.0,285867.0
1287,2025-11-28,서울,의류,3,50483,0.0,3.0,,151449,0.0,151449.0
1288,2025-03-27,부산,생활용품,1,82373,0.15,4.0,31.0,82373,12355.95,70017.05
1289,2025-02-07,부산,의류,4,126754,0.05,5.0,54.0,507016,25350.8,481665.2
1290,2025-08-15,광주,의류,6,119098,0.15,1.0,50.0,714588,107188.2,607399.8
1291,2025-03-27,제주,전자제품,1,45807,0.2,4.0,40.0,45807,9161.4,36645.6
1292,2025-11-10,부산,식품,2,14242,0.2,5.0,44.0,28484,5696.8,22787.2
1293,2025-06-11,광주,생활용품,6,46126,0.05,3.0,28.0,276756,13837.8,262918.2
1294,2025-01-02,대구,식품,4,122363,0.2,5.0,44.0,489452,97890.4,391561.6
1295,2025-12-14,제주,의류,2,79731,0.3,4.0,69.0,159462,47838.6,111623.4
1296,2025-07-07,서울,생활용품,6,114965,0.1,4.0,40.0,689790,68979.0,620811.0
1297,2025-04-06,제주,식품,3,76733,0.0,1.0,45.0,230199,0.0,230199.0
1298,2025-09-05,대구,식품,5,81784,0.15,4.0,67.0,408920,61338.0,347582.0
1299,2025-07-13,부산,전자제품,4,14386,0.2,5.0,63.0,57544,11508.8,46035.2
1300,2025-01-11,서울,전자제품,2,8333,0.1,2.0,59.0,16666,1666.6,14999.4
1301,2025-10-05,제주,의류,6,106991,0.2,1.0,18.0,641946,128389.2,513556.8
1302,2025-05-27,제주,의류,5,34318,0.25,3.0,62.0,171590,42897.5,128692.5
1303,2025-09-13,서울,식품,2,57297,0.2,5.0,22.0,114594,22918.8,91675.2
1304,2025-11-23,대구,식품,6,58608,0.25,4.0,19.0,351648,87912.0,263736.0
1305,2025-08-11,광주,전자제품,5,96806,0.05,5.0,36.0,484030,24201.5,459828.5
1306,2025-09-03,대구,생활용품,6,141478,0.1,3.0,39.0,848868,84886.8,763981.2
1307,2025-04-03,서울,의류,6,114874,0.15,3.0,24.0,689244,103386.6,585857.4
1308,2025-03-28,부산,전자제품,3,97581,0.05,2.0,49.0,292743,14637.15,278105.85
1309,2025-06-01,부산,의류,7,126059,0.3,5.0,66.0,882413,264723.9,617689.1
1310,2025-11-08,부산,식품,1,78963,0.2,4.0,52.0,78963,15792.6,63170.4
1311,2025-07-11,제주,생활용품,3,26071,0.1,4.0,68.0,78213,7821.3,70391.7
1312,2025-05-08,부산,식품,5,75822,0.25,5.0,65.0,379110,94777.5,284332.5
1313,2025-10-12,광주,생활용품,4,146799,0.3,5.0,61.0,587196,176158.8,411037.2
1314,2025-11-08,제주,의류,2,118097,0.0,5.0,26.0,236194,0.0,236194.0
1315,2025-11-26,광주,전자제품,2,55700,0.15,3.0,51.0,111400,16710.0,94690.0
1316,2025-04-20,광주,생활용품,6,51926,0.1,1.0,22.0,311556,31155.6,280400.4
1317,2025-09-17,서울,의류,7,138112,0.25,3.0,58.0,966784,241696.0,725088.0
1318,2025-08-04,서울,식품,5,18706,0.1,3.0,65.0,93530,9353.0,84177.0
1319,2025-06-13,광주,전자제품,4,140246,0.1,5.0,24.0,560984,56098.4,504885.6
1320,2025-05-25,광주,식품,6,103171,0.25,1.0,44.0,619026,154756.5,464269.5
1321,2025-02-11,광주,의류,2,122128,0.3,5.0,24.0,244256,73276.8,170979.2
1322,2025-04-11,대구,전자제품,7,52707,0.05,4.0,46.0,368949,18447.45,350501.55
1323,2025-07-20,대구,식품,1,99033,0.2,1.0,41.0,99033,19806.6,79226.4
1324,2025-11-20,서울,의류,5,52211,0.25,2.0,65.0,261055,65263.75,195791.25
1325,2025-11-13,부산,의류,3,7494,0.05,1.0,32.0,22482,1124.1,21357.9
1326,2025-03-10,대구,생활용품,7,70934,0.2,5.0,57.0,496538,99307.6,397230.4
1327,2025-09-05,서울,전자제품,2,147082,0.3,4.0,52.0,294164,88249.2,205914.8
1328,2025-01-31,서울,생활용품,5,40196,0.25,4.0,56.0,200980,50245.0,150735.0
1329,2025-09-04,서울,식품,2,28501,0.05,3.0,68.0,57002,2850.1,54151.9
1330,2025-05-05,부산,전자제품,2,138647,0.3,3.0,27.0,277294,83188.2,194105.8
1331,2025-06-14,제주,생활용품,3,136978,0.1,1.0,18.0,410934,41093.4,369840.6
1332,2025-09-19,광주,의류,6,127811,0.15,4.0,50.0,766866,115029.9,651836.1
1333,2025-06-05,제주,의류,2,146596,0.1,1.0,24.0,293192,29319.2,263872.8
1334,2025-10-22,부산,식품,5,148708,0.2,2.0,41.0,743540,148708.0,594832.0
1335,2025-07-14,대구,생활용품,4,138165,0.0,5.0,45.0,552660,0.0,552660.0
1336,2025-12-31,제주,전자제품,7,144860,0.2,1.0,50.0,1014020,202804.0,811216.0
1337,2025-08-21,부산,전자제품,3,112966,0.0,5.0,18.0,338898,0.0,338898.0
1338,2025-04-19,광주,전자제품,2,50596,0.25,1.0,48.0,101192,25298.0,75894.0
1339,2025-10-10,광주,의류,7,71458,0.1,3.0,59.0,500206,50020.6,450185.4
1340,2025-05-29,제주,전자제품,3,60187,0.15,3.0,19.0,180561,27084.15,153476.85
1341,2025-07-14,제주,생활용품,2,78877,0.05,1.0,38.0,157754,7887.7,149866.3
1342,2025-02-19,광주,전자제품,6,106248,0.0,5.0,36.0,637488,0.0,637488.0
1343,2025-02-13,대구,의류,6,40051,0.0,5.0,36.0,240306,0.0,240306.0
1344,2025-07-29,제주,생활용품,1,7297,0.3,2.0,42.0,7297,2189.1,5107.9
1345,2025-03-10,광주,생활용품,6,92396,0.0,2.0,25.0,554376,0.0,554376.0
1346,2025-12-31,부산,식품,5,149114,0.0,4.0,44.0,745570,0.0,745570.0
1347,2025-11-09,광주,전자제품,2,129964,0.15,2.0,22.0,259928,38989.2,220938.8
1348,2025-09-13,대구,생활용품,4,6572,0.3,1.0,23.0,26288,7886.4,18401.6
1349,2025-09-26,부산,식품,2,91816,0.0,4.0,46.0,183632,0.0,183632.0
1350,2025-08-06,대구,생활용품,2,82065,0.05,2.0,65.0,164130,8206.5,155923.5
1351,2025-01-23,광주,전자제품,1,66615,0.15,3.0,55.0,66615,9992.25,56622.75
1352,2025-05-24,제주,의류,2,101962,0.15,4.0,35.0,203924,30588.6,173335.4
1353,2025-06-30,대구,전자제품,5,66836,0.05,3.0,36.0,334180,16709.0,317471.0
1354,2025-12-01,서울,식품,6,137552,0.3,5.0,43.0,825312,247593.6,577718.4
1355,2025-03-22,제주,전자제품,4,136624,0.1,4.0,19.0,546496,54649.6,491846.4
1356,2025-07-01,대구,생활용품,1,98400,0.2,5.0,53.0,98400,19680.0,78720.0
1357,2025-05-06,부산,의류,4,71480,0.15,5.0,25.0,285920,42888.0,243032.0
1358,2025-02-19,광주,전자제품,6,91561,0.2,4.0,56.0,549366,109873.2,439492.8
1359,2025-02-07,부산,식품,6,135508,0.3,3.0,37.0,813048,243914.4,569133.6
1360,2025-05-14,부산,식품,6,48552,0.1,3.0,38.0,291312,29131.2,262180.8
1361,2025-01-31,제주,의류,3,130954,0.25,4.0,41.0,392862,98215.5,294646.5
1362,2025-01-25,제주,식품,5,90684,0.1,1.0,24.0,453420,45342.0,408078.0
1363,2025-05-09,대구,식품,1,14213,0.1,3.0,30.0,14213,1421.3,12791.7
1364,2025-03-15,부산,생활용품,3,113707,0.0,2.0,28.0,341121,0.0,341121.0
1365,2025-07-22,제주,의류,4,34320,0.1,3.0,62.0,137280,13728.0,123552.0
1366,2025-01-07,서울,생활용품,1,79761,0.2,5.0,26.0,79761,15952.2,63808.8
1367,2025-04-21,광주,생활용품,1,142809,0.2,3.0,24.0,142809,28561.8,114247.2
1368,2025-06-15,대구,생활용품,6,118047,0.15,3.0,30.0,708282,106242.3,602039.7
1369,2025-12-18,제주,생활용품,2,106433,0.1,3.0,40.0,212866,21286.6,191579.4
1370,2025-08-20,대구,의류,1,15093,0.05,2.0,49.0,15093,754.65,14338.35
1371,2025-11-18,제주,의류,5,129570,0.3,4.0,40.0,647850,194355.0,453495.0
1372,2025-05-06,서울,의류,2,0,0.1,2.0,46.0,0,0.0,0.0
1373,2025-06-14,광주,전자제품,7,12271,0.1,5.0,45.0,85897,8589.7,77307.3
1374,2025-06-03,서울,생활용품,7,144173,0.3,1.0,26.0,1009211,302763.3,706447.7
1375,2025-11-20,광주,의류,6,32664,0.2,2.0,18.0,195984,39196.8,156787.2
1376,2025-12-17,서울,생활용품,3,51899,0.25,4.0,54.0,155697,38924.25,116772.75
1377,2025-12-18,제주,의류,7,25611,0.1,1.0,68.0,179277,17927.7,161349.3
1378,2025-10-02,광주,식품,2,95169,0.15,3.0,21.0,190338,28550.7,161787.3
1379,2025-07-03,서울,식품,2,130841,0.25,2.0,66.0,261682,65420.5,196261.5
1380,2025-07-17,제주,생활용품,7,80383,0.3,5.0,66.0,562681,168804.3,393876.7
1381,2025-12-24,부산,의류,5,131053,0.25,1.0,59.0,655265,163816.25,491448.75
1382,2025-04-14,대구,생활용품,1,140811,0.15,3.0,48.0,140811,21121.65,119689.35
1383,2025-05-07,서울,의류,7,131520,0.2,3.0,36.0,920640,184128.0,736512.0
1384,2025-11-24,서울,의류,2,28602,0.1,5.0,49.0,57204,5720.4,51483.6
1385,2025-05-22,부산,전자제품,5,34871,0.15,3.0,18.0,174355,26153.25,148201.75
1386,2025-03-27,대구,전자제품,4,48411,0.1,1.0,33.0,193644,19364.4,174279.6
1387,2025-07-24,대구,의류,1,97532,0.0,5.0,38.0,97532,0.0,97532.0
1388,2025-04-29,제주,전자제품,6,130045,0.3,1.0,45.0,780270,234081.0,546189.0
1389,2025-11-22,서울,전자제품,5,50365,0.0,4.0,32.0,251825,0.0,251825.0
1390,2025-11-28,광주,생활용품,7,101600,0.05,2.0,40.0,711200,35560.0,675640.0
1391,2025-04-22,서울,의류,5,32155,0.05,1.0,56.0,160775,8038.75,152736.25
1392,2025-07-13,부산,전자제품,6,83742,0.05,1.0,68.0,502452,25122.6,477329.4
1393,2025-12-26,서울,식품,7,118062,0.15,5.0,61.0,826434,123965.1,702468.9
1394,2025-09-28,서울,식품,7,62260,0.3,5.0,22.0,435820,130746.0,305074.0
1395,2025-03-20,대구,전자제품,4,28659,0.1,4.0,49.0,114636,11463.6,103172.4
1396,2025-08-04,제주,의류,1,64641,0.25,5.0,42.0,64641,16160.25,48480.75
1397,2025-08-15,광주,식품,3,115507,0.25,5.0,45.0,346521,86630.25,259890.75
1398,2025-08-27,제주,생활용품,5,140564,0.25,2.0,59.0,702820,175705.0,527115.0
1399,2025-01-10,대구,전자제품,1,94342,0.2,4.0,35.0,94342,18868.4,75473.6
1400,2025-04-20,서울,생활용품,1,102306,0.25,3.0,46.0,102306,25576.5,76729.5
1401,2025-11-08,부산,전자제품,3,65810,0.25,1.0,65.0,197430,49357.5,148072.5
1402,2025-03-30,제주,생활용품,7,139720,0.2,3.0,47.0,978040,195608.0,782432.0
1403,2025-04-20,서울,생활용품,3,131140,0.15,1.0,47.0,393420,59013.0,334407.0
1404,2025-04-28,서울,식품,7,145967,0.0,4.0,66.0,1021769,0.0,1021769.0
1405,2025-03-06,제주,식품,6,130192,0.15,2.0,19.0,781152,117172.8,663979.2
1406,2025-02-26,서울,전자제품,3,84316,0.25,1.0,37.0,252948,63237.0,189711.0
1407,2025-05-07,제주,식품,2,144262,0.1,4.0,44.0,288524,28852.4,259671.6
1408,2025-11-16,광주,의류,6,93434,0.05,2.0,18.0,560604,28030.2,532573.8
1409,2025-01-01,광주,의류,6,92231,0.2,3.0,43.0,553386,110677.2,442708.8
1410,2025-04-14,대구,전자제품,5,100173,0.0,1.0,67.0,500865,0.0,500865.0
1411,2025-01-23,서울,전자제품,7,31955,0.25,1.0,59.0,223685,55921.25,167763.75
1412,2025-07-24,대구,의류,1,126680,0.3,5.0,19.0,126680,38004.0,88676.0
1413,2025-04-02,제주,의류,3,57602,0.15,3.0,64.0,172806,25920.9,146885.1
1414,2025-10-17,제주,생활용품,5,100566,0.0,3.0,60.0,502830,0.0,502830.0
1415,2025-08-02,대구,생활용품,1,127416,0.05,4.0,64.0,127416,6370.8,121045.2
1416,2025-10-14,제주,의류,7,21623,0.0,4.0,25.0,151361,0.0,151361.0
1417,2025-08-20,광주,의류,5,48622,0.15,1.0,65.0,243110,36466.5,206643.5
1418,2025-06-10,서울,의류,3,141653,0.1,5.0,19.0,424959,42495.9,382463.1
1419,2025-11-11,광주,식품,2,57359,0.25,4.0,19.0,114718,28679.5,86038.5
1420,2025-06-23,광주,의류,1,100836,0.25,2.0,36.0,100836,25209.0,75627.0
1421,2025-12-13,대구,전자제품,5,86436,0.15,2.0,61.0,432180,64827.0,367353.0
1422,2025-12-30,광주,생활용품,7,131138,0.3,1.0,63.0,917966,275389.8,642576.2
1423,2025-08-03,제주,생활용품,1,78996,0.15,2.0,51.0,78996,11849.4,67146.6
1424,2025-09-04,대구,식품,3,66587,0.0,2.0,19.0,199761,0.0,199761.0
1425,2025-04-04,부산,식품,5,7382,0.3,2.0,64.0,36910,11073.0,25837.0
1426,2025-10-25,제주,식품,4,73834,0.1,4.0,31.0,295336,29533.6,265802.4
1427,2025-09-03,제주,생활용품,5,89843,0.3,2.0,57.0,449215,134764.5,314450.5
1428,2025-11-26,광주,전자제품,5,104884,0.25,3.0,32.0,524420,131105.0,393315.0
1429,2025-04-08,광주,식품,7,118126,0.3,3.0,47.0,826882,248064.6,578817.4
1430,2025-10-15,서울,의류,5,117579,0.2,1.0,23.0,587895,117579.0,470316.0
1431,2025-06-21,대구,의류,5,71592,0.2,1.0,,357960,71592.0,286368.0
1432,2025-03-09,서울,식품,3,16376,0.05,1.0,22.0,49128,2456.4,46671.6
1433,2025-03-04,대구,전자제품,2,41878,0.05,4.0,68.0,83756,4187.8,79568.2
1434,2025-07-25,제주,의류,1,64065,0.1,4.0,66.0,64065,6406.5,57658.5
1435,2025-04-27,부산,의류,1,146952,0.1,1.0,25.0,146952,14695.2,132256.8
1436,2025-02-07,제주,생활용품,6,116629,0.2,4.0,54.0,699774,139954.8,559819.2
1437,2025-06-05,서울,전자제품,1,134710,0.3,5.0,36.0,134710,40413.0,94297.0
1438,2025-08-27,서울,전자제품,4,148875,0.0,1.0,34.0,595500,0.0,595500.0
1439,2025-04-27,제주,식품,5,24311,0.2,1.0,35.0,121555,24311.0,97244.0
1440,2025-12-15,서울,의류,5,6688,0.25,4.0,30.0,33440,8360.0,25080.0
1441,2025-10-12,광주,전자제품,1,88227,0.15,2.0,68.0,88227,13234.05,74992.95
1442,2025-07-07,광주,전자제품,7,43397,0.05,2.0,20.0,303779,15188.95,288590.05
1443,2025-12-08,부산,식품,4,130981,0.15,3.0,36.0,523924,78588.6,445335.4
1444,2025-06-08,서울,식품,1,72403,0.25,1.0,37.0,72403,18100.75,54302.25
1445,2025-02-20,부산,의류,1,6355,0.3,3.0,40.0,6355,1906.5,4448.5
1446,2025-01-14,서울,전자제품,7,37326,0.2,2.0,33.0,261282,52256.4,209025.6
1447,2025-12-09,광주,생활용품,7,54523,0.15,5.0,53.0,381661,57249.15,324411.85
1448,2025-12-17,제주,전자제품,6,8903,0.2,4.0,66.0,53418,10683.6,42734.4
1449,2025-09-27,제주,식품,3,51020,0.2,2.0,53.0,153060,30612.0,122448.0
1450,2025-02-07,제주,생활용품,7,83234,0.25,4.0,29.0,582638,145659.5,436978.5
1451,2025-04-18,광주,의류,2,134522,0.05,3.0,70.0,269044,13452.2,255591.8
1452,2025-01-15,제주,생활용품,2,99163,0.0,3.0,39.0,198326,0.0,198326.0
1453,2025-01-19,광주,전자제품,6,18521,0.1,4.0,34.0,111126,11112.6,100013.4
1454,2025-03-31,광주,의류,3,65329,0.05,2.0,54.0,195987,9799.35,186187.65
1455,2025-07-28,제주,전자제품,4,116462,0.2,3.0,69.0,465848,93169.6,372678.4
1456,2025-01-24,부산,의류,5,58632,0.15,3.0,35.0,293160,43974.0,249186.0
1457,2025-12-26,대구,식품,2,86654,0.3,4.0,28.0,173308,51992.4,121315.6
1458,2025-06-16,제주,생활용품,7,147914,0.25,2.0,59.0,1035398,258849.5,776548.5
1459,2025-04-07,부산,전자제품,2,24981,0.05,5.0,43.0,49962,2498.1,47463.9
1460,2025-07-08,부산,생활용품,7,74242,0.25,2.0,56.0,519694,129923.5,389770.5
1461,2025-10-16,서울,식품,2,93400,0.25,1.0,42.0,186800,46700.0,140100.0
1462,2025-04-25,부산,의류,3,120720,0.1,3.0,19.0,362160,36216.0,325944.0
1463,2025-01-18,대구,의류,2,126343,0.0,2.0,37.0,252686,0.0,252686.0
1464,2025-01-19,제주,전자제품,4,46640,0.25,3.0,63.0,186560,46640.0,139920.0
1465,2025-11-07,서울,식품,1,72699,0.05,5.0,67.0,72699,3634.95,69064.05
1466,2025-02-10,광주,의류,2,125378,0.05,1.0,37.0,250756,12537.8,238218.2
1467,2025-08-20,광주,생활용품,4,126644,0.15,1.0,54.0,506576,75986.4,430589.6
1468,2025-05-21,제주,생활용품,5,124437,0.0,2.0,23.0,622185,0.0,622185.0
1469,2025-10-11,광주,의류,7,101803,0.1,3.0,29.0,712621,71262.1,641358.9
1470,2025-01-23,서울,식품,6,43817,0.05,1.0,55.0,262902,13145.1,249756.9
1471,2025-11-24,대구,식품,7,58399,0.0,4.0,20.0,408793,0.0,408793.0
1472,2025-09-12,제주,식품,6,100099,0.3,4.0,57.0,600594,180178.2,420415.8
1473,2025-06-13,제주,식품,6,41884,0.05,4.0,69.0,251304,12565.2,238738.8
1474,2025-03-17,광주,식품,3,103892,0.15,3.0,21.0,311676,46751.4,264924.6
1475,2025-12-23,제주,생활용품,7,79676,0.25,5.0,48.0,557732,139433.0,418299.0
1476,2025-04-21,광주,식품,7,69179,0.15,4.0,36.0,484253,72637.95,411615.05
1477,2025-06-29,서울,전자제품,4,56536,0.1,5.0,52.0,226144,22614.4,203529.6
1478,2025-05-24,제주,의류,1,117198,0.25,1.0,65.0,117198,29299.5,87898.5
1479,2025-03-26,서울,의류,1,72496,0.2,4.0,22.0,72496,14499.2,57996.8
1480,2025-06-02,부산,식품,4,49498,0.0,2.0,53.0,197992,0.0,197992.0
1481,2025-02-25,부산,의류,5,60670,0.25,1.0,27.0,303350,75837.5,227512.5
1482,2025-01-01,광주,생활용품,4,75219,0.0,1.0,46.0,300876,0.0,300876.0
1483,2025-04-16,서울,생활용품,7,94547,0.25,1.0,41.0,661829,165457.25,496371.75
1484,2025-02-10,광주,생활용품,4,148572,0.0,1.0,44.0,594288,0.0,594288.0
1485,2025-06-01,제주,의류,5,54367,0.0,3.0,58.0,271835,0.0,271835.0
1486,2025-11-11,광주,전자제품,6,30908,0.0,4.0,50.0,185448,0.0,185448.0
1487,2025-03-01,부산,의류,7,146802,0.25,3.0,36.0,1027614,256903.5,770710.5
1488,2025-01-01,제주,생활용품,5,26428,0.15,1.0,52.0,132140,19821.0,112319.0
1489,2025-02-10,부산,생활용품,4,136051,0.2,4.0,49.0,544204,108840.8,435363.2
1490,2025-07-05,광주,생활용품,1,25618,0.05,1.0,21.0,25618,1280.9,24337.1
1491,2025-04-11,대구,생활용품,5,57760,0.0,5.0,50.0,288800,0.0,288800.0
1492,2025-06-28,서울,의류,2,149726,0.25,2.0,35.0,299452,74863.0,224589.0
1493,2025-01-11,서울,전자제품,3,29025,0.25,1.0,25.0,87075,21768.75,65306.25
1494,2025-05-02,서울,식품,4,28187,0.25,2.0,45.0,112748,28187.0,84561.0
1495,2025-05-30,제주,식품,1,93332,0.0,5.0,45.0,93332,0.0,93332.0
1496,2025-06-07,제주,생활용품,5,32584,0.3,5.0,56.0,162920,48876.0,114044.0
1497,2025-07-21,대구,생활용품,2,8536,0.15,3.0,40.0,17072,2560.8,14511.2
1498,2025-10-12,제주,식품,4,105744,0.05,5.0,57.0,422976,21148.8,401827.2
1499,2025-06-20,서울,식품,3,144112,0.05,2.0,32.0,432336,21616.8,410719.2
1500,2025-11-04,제주,전자제품,3,115127,0.15,3.0,50.0,345381,51807.15,293573.85
1501,2025-07-13,부산,전자제품,3,144815,0.2,3.0,69.0,434445,86889.0,347556.0
1502,2025-04-06,서울,식품,1,81424,0.0,2.0,49.0,81424,0.0,81424.0
1503,2025-03-25,광주,전자제품,2,94037,0.15,2.0,54.0,188074,28211.1,159862.9
1504,2025-04-28,부산,식품,6,147488,0.05,3.0,37.0,884928,44246.4,840681.6
1505,2025-08-07,부산,생활용품,1,78039,0.3,4.0,53.0,78039,23411.7,54627.3
1506,2025-03-30,광주,의류,4,10641,0.2,3.0,62.0,42564,8512.8,34051.2
1507,2025-11-30,부산,의류,1,39629,0.1,1.0,64.0,39629,3962.9,35666.1
1508,2025-06-25,광주,전자제품,4,95019,0.1,3.0,66.0,380076,38007.6,342068.4
1509,2025-11-12,서울,생활용품,5,129312,0.25,5.0,34.0,646560,161640.0,484920.0
1510,2025-09-07,서울,의류,4,92938,0.2,1.0,62.0,371752,74350.4,297401.6
1511,2025-05-02,부산,의류,6,63812,0.1,5.0,36.0,382872,38287.2,344584.8
1512,2025-03-25,광주,식품,2,51580,0.25,1.0,64.0,103160,25790.0,77370.0
1513,2025-09-29,부산,의류,4,104067,0.2,1.0,18.0,416268,83253.6,333014.4
1514,2025-05-01,서울,생활용품,2,135419,0.0,1.0,66.0,270838,0.0,270838.0
1515,2025-04-01,광주,의류,4,45314,0.2,2.0,29.0,181256,36251.2,145004.8
1516,2025-12-06,대구,식품,1,85168,0.3,2.0,28.0,85168,25550.4,59617.6
1517,2025-06-26,대구,의류,2,66973,0.3,5.0,47.0,133946,40183.8,93762.2
1518,2025-01-18,부산,생활용품,5,40719,0.0,3.0,45.0,203595,0.0,203595.0
1519,2025-06-30,서울,식품,6,63765,0.3,4.0,26.0,382590,114777.0,267813.0
1520,2025-06-18,서울,생활용품,2,17812,0.3,5.0,46.0,35624,10687.2,24936.8
1521,2025-11-12,광주,의류,2,81875,0.05,1.0,60.0,163750,8187.5,155562.5
1522,2025-09-17,서울,전자제품,3,20532,0.2,2.0,43.0,61596,12319.2,49276.8
1523,2025-03-11,부산,생활용품,2,73739,0.25,5.0,48.0,147478,36869.5,110608.5
1524,2025-02-24,제주,의류,7,135113,0.0,4.0,62.0,945791,0.0,945791.0
1525,2025-08-09,부산,식품,5,26131,0.25,1.0,27.0,130655,32663.75,97991.25
1526,2025-01-18,광주,전자제품,3,41295,0.1,2.0,35.0,123885,12388.5,111496.5
1527,2025-04-27,부산,생활용품,4,109553,0.1,2.0,65.0,438212,43821.2,394390.8
1528,2025-02-20,제주,생활용품,4,136516,0.05,1.0,26.0,546064,27303.2,518760.8
1529,2025-01-08,제주,전자제품,4,143560,0.15,3.0,31.0,574240,86136.0,488104.0
1530,2025-12-02,대구,의류,3,22417,0.25,4.0,32.0,67251,16812.75,50438.25
1531,2025-02-02,광주,전자제품,7,39671,0.25,2.0,61.0,277697,69424.25,208272.75
1532,2025-01-04,대구,식품,3,147671,0.05,2.0,25.0,443013,22150.65,420862.35
1533,2025-12-07,제주,의류,3,78313,0.25,3.0,37.0,234939,58734.75,176204.25
1534,2025-03-10,부산,전자제품,1,125836,0.25,5.0,39.0,125836,31459.0,94377.0
1535,2025-10-26,제주,의류,4,7089,0.0,4.0,22.0,28356,0.0,28356.0
1536,2025-01-12,광주,식품,6,21853,0.1,5.0,24.0,131118,13111.8,118006.2
1537,2025-02-26,광주,의류,7,34625,0.0,3.0,37.0,242375,0.0,242375.0
1538,2025-02-10,부산,생활용품,4,17478,0.3,1.0,22.0,69912,20973.6,48938.4
1539,2025-09-15,제주,전자제품,1,134166,0.15,1.0,69.0,134166,20124.9,114041.1
1540,2025-08-15,광주,생활용품,6,121499,0.05,1.0,41.0,728994,36449.7,692544.3
1541,2025-06-23,제주,전자제품,5,61602,0.3,3.0,18.0,308010,92403.0,215607.0
1542,2025-03-30,제주,전자제품,7,16319,0.2,2.0,49.0,114233,22846.6,91386.4
1543,2025-02-02,서울,식품,4,20390,0.3,2.0,58.0,81560,24468.0,57092.0
1544,2025-07-27,제주,식품,1,43016,0.25,5.0,50.0,43016,10754.0,32262.0
1545,2025-03-26,제주,전자제품,7,110418,0.3,1.0,48.0,772926,231877.8,541048.2
1546,2025-08-04,부산,식품,5,121182,0.05,1.0,22.0,605910,30295.5,575614.5
1547,2025-09-08,제주,생활용품,6,83203,0.05,2.0,56.0,499218,24960.9,474257.1
1548,2025-11-07,대구,의류,1,136600,0.0,4.0,69.0,136600,0.0,136600.0
1549,2025-06-30,부산,의류,4,139582,0.1,5.0,37.0,558328,55832.8,502495.2
1550,2025-01-02,부산,전자제품,4,116310,0.15,2.0,24.0,465240,69786.0,395454.0
1551,2025-04-13,부산,전자제품,2,16421,0.15,2.0,29.0,32842,4926.3,27915.7
1552,2025-11-08,서울,식품,6,134035,0.2,3.0,53.0,804210,160842.0,643368.0
1553,2025-07-14,광주,생활용품,2,136713,0.25,5.0,52.0,273426,68356.5,205069.5
1554,2025-08-14,광주,생활용품,1,86184,0.25,1.0,65.0,86184,21546.0,64638.0
1555,2025-06-17,광주,전자제품,2,91883,0.15,5.0,39.0,183766,27564.9,156201.1
1556,2025-03-01,대구,식품,7,118044,0.05,5.0,64.0,826308,41315.4,784992.6
1557,2025-11-24,부산,식품,1,90897,0.15,2.0,32.0,90897,13634.55,77262.45
1558,2025-10-10,광주,의류,5,54907,0.3,4.0,45.0,274535,82360.5,192174.5
1559,2025-12-30,제주,전자제품,2,106061,0.25,4.0,52.0,212122,53030.5,159091.5
1560,2025-11-09,서울,식품,3,118856,0.3,1.0,32.0,356568,106970.4,249597.6
1561,2025-04-17,부산,생활용품,4,25522,0.15,3.0,37.0,102088,15313.2,86774.8
1562,2025-04-03,제주,식품,1,103563,0.25,2.0,61.0,103563,25890.75,77672.25
1563,2025-04-01,제주,생활용품,2,30123,0.1,1.0,48.0,60246,6024.6,54221.4
1564,2025-12-02,제주,의류,5,88350,0.0,3.0,50.0,441750,0.0,441750.0
1565,2025-07-23,서울,의류,1,20641,0.25,4.0,51.0,20641,5160.25,15480.75
1566,2025-06-15,대구,식품,4,148884,0.0,3.0,59.0,595536,0.0,595536.0
1567,2025-12-20,서울,생활용품,5,101840,0.2,1.0,69.0,509200,101840.0,407360.0
1568,2025-08-09,제주,전자제품,2,73118,0.3,5.0,39.0,146236,43870.8,102365.2
1569,2025-11-28,대구,생활용품,2,78060,0.0,1.0,36.0,156120,0.0,156120.0
1570,2025-12-26,부산,생활용품,4,94791,0.25,2.0,66.0,379164,94791.0,284373.0
1571,2025-01-29,서울,의류,6,23073,0.3,3.0,43.0,138438,41531.4,96906.6
1572,2025-05-12,광주,생활용품,1,78936,0.2,5.0,67.0,78936,15787.2,63148.8
1573,2025-09-25,제주,의류,3,108804,0.2,4.0,64.0,326412,65282.4,261129.6
1574,2025-10-24,제주,의류,7,42774,0.3,1.0,57.0,299418,89825.4,209592.6
1575,2025-02-24,제주,전자제품,3,74513,0.25,3.0,56.0,223539,55884.75,167654.25
1576,2025-04-27,제주,전자제품,3,52903,0.0,5.0,67.0,158709,0.0,158709.0
1577,2025-07-20,광주,전자제품,6,28346,0.25,2.0,32.0,170076,42519.0,127557.0
1578,2025-10-19,제주,전자제품,4,146924,0.25,5.0,42.0,587696,146924.0,440772.0
1579,2025-02-11,제주,생활용품,3,90948,0.05,3.0,46.0,272844,13642.2,259201.8
1580,2025-08-08,대구,전자제품,6,61856,0.2,4.0,,371136,74227.2,296908.8
1581,2025-04-19,광주,전자제품,1,54046,0.25,4.0,45.0,54046,13511.5,40534.5
1582,2025-03-20,제주,생활용품,5,103514,0.25,5.0,52.0,517570,129392.5,388177.5
1583,2025-07-08,서울,식품,3,20691,0.3,4.0,44.0,62073,18621.9,43451.1
1584,2025-06-01,광주,생활용품,7,87229,0.25,3.0,52.0,610603,152650.75,457952.25
1585,2025-08-21,부산,생활용품,6,38386,0.0,3.0,23.0,230316,0.0,230316.0
1586,2025-04-26,서울,의류,7,134022,0.15,4.0,44.0,938154,140723.1,797430.9
1587,2025-10-28,서울,생활용품,1,118723,0.05,3.0,67.0,118723,5936.15,112786.85
1588,2025-01-29,서울,생활용품,2,114865,0.0,1.0,31.0,229730,0.0,229730.0
1589,2025-11-11,제주,전자제품,7,26141,0.05,5.0,42.0,182987,9149.35,173837.65
1590,2025-01-11,광주,전자제품,3,16694,0.3,2.0,51.0,50082,15024.6,35057.4
1591,2025-09-26,서울,식품,6,71474,0.2,4.0,51.0,428844,85768.8,343075.2
1592,2025-05-07,광주,의류,5,56539,0.25,3.0,27.0,282695,70673.75,212021.25
1593,2025-05-20,광주,생활용품,4,110022,0.15,1.0,23.0,440088,66013.2,374074.8
1594,2025-01-07,대구,전자제품,1,108228,0.1,5.0,57.0,108228,10822.8,97405.2
1595,2025-09-14,광주,전자제품,1,62595,0.15,1.0,46.0,62595,9389.25,53205.75
1596,2025-03-02,제주,식품,6,28396,0.3,5.0,66.0,170376,51112.8,119263.2
1597,2025-08-29,대구,식품,1,52011,0.1,5.0,70.0,52011,5201.1,46809.9
1598,2025-09-22,광주,생활용품,1,77999,0.1,3.0,26.0,77999,7799.9,70199.1
1599,2025-11-05,대구,식품,2,41762,0.25,5.0,37.0,83524,20881.0,62643.0
1600,2025-09-16,부산,생활용품,7,51076,0.1,5.0,61.0,357532,35753.2,321778.8
1601,2025-04-21,제주,전자제품,5,39911,0.3,5.0,33.0,199555,59866.5,139688.5
1602,2025-09-27,대구,전자제품,6,14389,0.3,4.0,28.0,86334,25900.2,60433.8
1603,2025-10-29,광주,생활용품,5,92179,0.0,5.0,26.0,460895,0.0,460895.0
1604,2025-04-26,광주,전자제품,4,149587,0.2,4.0,44.0,598348,119669.6,478678.4
1605,2025-02-15,광주,전자제품,2,143029,0.0,5.0,38.0,286058,0.0,286058.0
1606,2025-11-21,광주,의류,4,139758,0.3,1.0,67.0,559032,167709.6,391322.4
1607,2025-02-23,광주,전자제품,4,100542,0.0,3.0,69.0,402168,0.0,402168.0
1608,2025-08-05,대구,전자제품,7,113392,0.3,3.0,22.0,793744,238123.2,555620.8
1609,2025-03-28,광주,식품,7,14309,0.25,5.0,65.0,100163,25040.75,75122.25
1610,2025-02-15,대구,의류,6,34148,0.15,3.0,22.0,204888,30733.2,174154.8
1611,2025-10-11,부산,의류,6,107390,0.05,3.0,56.0,644340,32217.0,612123.0
1612,2025-02-22,광주,의류,6,148337,0.05,4.0,68.0,890022,44501.1,845520.9
1613,2025-09-02,제주,전자제품,5,136695,0.15,4.0,36.0,683475,102521.25,580953.75
1614,2025-09-10,광주,식품,6,96465,0.25,3.0,26.0,578790,144697.5,434092.5
1615,2025-01-22,광주,식품,1,20791,0.3,5.0,21.0,20791,6237.3,14553.7
1616,2025-03-05,제주,식품,1,145081,0.15,5.0,36.0,145081,21762.15,123318.85
1617,2025-10-17,부산,의류,4,51109,0.05,4.0,68.0,204436,10221.8,194214.2
1618,2025-07-05,서울,전자제품,1,11173,0.15,5.0,42.0,11173,1675.95,9497.05
1619,2025-02-14,부산,의류,3,116392,0.25,1.0,40.0,349176,87294.0,261882.0
1620,2025-12-28,광주,생활용품,2,30153,0.15,3.0,18.0,60306,9045.9,51260.1
1621,2025-04-07,제주,의류,7,48732,0.3,1.0,53.0,341124,102337.2,238786.8
1622,2025-01-02,대구,식품,5,103201,0.0,4.0,27.0,516005,0.0,516005.0
1623,2025-12-04,광주,식품,1,144983,0.15,1.0,54.0,144983,21747.45,123235.55
1624,2025-01-07,서울,의류,5,136541,0.0,3.0,61.0,682705,0.0,682705.0
1625,2025-07-21,광주,의류,6,28726,0.2,4.0,59.0,172356,34471.2,137884.8
1626,2025-12-29,광주,식품,3,30488,0.2,4.0,45.0,91464,18292.8,73171.2
1627,2025-07-30,대구,전자제품,7,122317,0.1,1.0,52.0,856219,85621.9,770597.1
1628,2025-08-02,광주,의류,7,50979,0.25,3.0,38.0,356853,89213.25,267639.75
1629,2025-05-22,대구,의류,7,16302,0.3,4.0,55.0,114114,34234.2,79879.8
1630,2025-02-16,대구,전자제품,1,90286,0.15,5.0,54.0,90286,13542.9,76743.1
1631,2025-07-29,광주,의류,4,100267,0.15,5.0,27.0,401068,60160.2,340907.8
1632,2025-11-24,광주,전자제품,6,149951,0.05,5.0,35.0,899706,44985.3,854720.7
1633,2025-02-03,부산,의류,4,75518,0.0,2.0,59.0,302072,0.0,302072.0
1634,2025-11-18,부산,의류,4,120952,0.1,4.0,41.0,483808,48380.8,435427.2
1635,2025-06-01,대구,전자제품,3,82487,0.15,1.0,30.0,247461,37119.15,210341.85
1636,2025-07-15,부산,의류,3,138917,0.25,2.0,70.0,416751,104187.75,312563.25
1637,2025-03-02,부산,전자제품,5,75669,0.3,2.0,64.0,378345,113503.5,264841.5
1638,2025-08-15,부산,식품,1,102877,0.0,3.0,59.0,102877,0.0,102877.0
1639,2025-03-08,부산,의류,6,144670,0.05,5.0,40.0,868020,43401.0,824619.0
1640,2025-04-10,대구,식품,6,132219,0.15,5.0,47.0,793314,118997.1,674316.9
1641,2025-09-21,대구,생활용품,1,63148,0.1,5.0,68.0,63148,6314.8,56833.2
1642,2025-01-19,광주,생활용품,6,78522,0.2,5.0,45.0,471132,94226.4,376905.6
1643,2025-06-13,부산,생활용품,4,90944,0.1,1.0,61.0,363776,36377.6,327398.4
1644,2025-08-06,제주,전자제품,3,23003,0.1,5.0,62.0,69009,6900.9,62108.1
1645,2025-02-18,대구,전자제품,4,38848,0.15,5.0,60.0,155392,23308.8,132083.2
1646,2025-04-18,광주,전자제품,4,107886,0.2,4.0,49.0,431544,86308.8,345235.2
1647,2025-05-06,서울,의류,2,15395,0.0,1.0,36.0,30790,0.0,30790.0
1648,2025-08-31,서울,식품,5,92214,0.3,4.0,35.0,461070,138321.0,322749.0
1649,2025-12-23,대구,의류,5,75299,0.1,4.0,60.0,376495,37649.5,338845.5
1650,2025-11-02,부산,식품,3,75376,0.05,1.0,40.0,226128,11306.4,214821.6
1651,2025-03-11,대구,전자제품,4,127661,0.2,2.0,31.0,510644,102128.8,408515.2
1652,2025-01-07,서울,의류,5,44873,0.0,4.0,27.0,224365,0.0,224365.0
1653,2025-01-19,대구,의류,4,119676,0.2,1.0,50.0,478704,95740.8,382963.2
1654,2025-08-06,광주,의류,4,118710,0.0,2.0,68.0,474840,0.0,474840.0
1655,2025-02-27,광주,식품,7,148915,0.05,4.0,38.0,1042405,52120.25,990284.75
1656,2025-03-26,부산,의류,7,123960,0.25,5.0,52.0,867720,216930.0,650790.0
1657,2025-11-06,부산,생활용품,3,78513,0.1,2.0,34.0,235539,23553.9,211985.1
1658,2025-11-15,대구,의류,6,57807,0.3,1.0,39.0,346842,104052.6,242789.4
1659,2025-11-03,대구,생활용품,6,118255,0.1,5.0,39.0,709530,70953.0,638577.0
1660,2025-04-03,광주,식품,1,139527,0.2,5.0,37.0,139527,27905.4,111621.6
1661,2025-08-15,부산,전자제품,5,45717,0.0,5.0,62.0,228585,0.0,228585.0
1662,2025-08-11,광주,생활용품,6,58612,0.3,3.0,66.0,351672,105501.6,246170.4
1663,2025-03-09,제주,식품,1,77075,0.2,4.0,32.0,77075,15415.0,61660.0
1664,2025-07-22,부산,전자제품,3,20596,0.2,1.0,37.0,61788,12357.6,49430.4
1665,2025-07-11,제주,전자제품,6,50560,0.1,4.0,19.0,303360,30336.0,273024.0
1666,2025-05-25,부산,식품,7,29146,0.1,4.0,58.0,204022,20402.2,183619.8
1667,2025-10-02,부산,전자제품,7,116992,0.15,4.0,55.0,818944,122841.6,696102.4
1668,2025-09-05,광주,의류,5,76705,0.05,4.0,62.0,383525,19176.25,364348.75
1669,2025-07-14,광주,의류,1,92551,0.0,5.0,47.0,92551,0.0,92551.0
1670,2025-09-22,대구,식품,1,16580,0.2,4.0,66.0,16580,3316.0,13264.0
1671,2025-10-06,부산,전자제품,6,88151,0.25,1.0,25.0,528906,132226.5,396679.5
1672,2025-07-26,서울,전자제품,6,109170,0.2,4.0,37.0,655020,131004.0,524016.0
1673,2025-04-08,제주,생활용품,2,104960,0.15,4.0,41.0,209920,31488.0,178432.0
1674,2025-10-04,제주,식품,1,120289,0.15,3.0,58.0,120289,18043.35,102245.65
1675,2025-09-19,제주,전자제품,2,21531,0.3,4.0,29.0,43062,12918.6,30143.4
1676,2025-12-25,대구,의류,7,84673,0.15,1.0,35.0,592711,88906.65,503804.35
1677,2025-02-24,제주,생활용품,6,74918,0.2,2.0,22.0,449508,89901.6,359606.4
1678,2025-06-03,대구,전자제품,7,134536,0.1,5.0,68.0,941752,94175.2,847576.8
1679,2025-12-04,서울,생활용품,1,105129,0.0,1.0,42.0,105129,0.0,105129.0
1680,2025-07-07,서울,의류,5,143372,0.1,5.0,18.0,716860,71686.0,645174.0
1681,2025-12-11,부산,식품,7,8680,0.25,2.0,30.0,60760,15190.0,45570.0
1682,2025-01-05,부산,생활용품,4,69899,0.2,4.0,48.0,279596,55919.2,223676.8
1683,2025-01-13,제주,식품,6,106981,0.2,2.0,44.0,641886,128377.2,513508.8
1684,2025-10-18,부산,의류,5,17923,0.25,1.0,45.0,89615,22403.75,67211.25
1685,2025-05-11,광주,전자제품,1,99433,0.05,4.0,21.0,99433,4971.65,94461.35
1686,2025-07-09,부산,전자제품,4,38533,0.25,4.0,64.0,154132,38533.0,115599.0
1687,2025-06-06,광주,생활용품,2,0,0.25,1.0,61.0,0,0.0,0.0
1688,2025-05-29,대구,생활용품,1,100354,0.1,2.0,29.0,100354,10035.4,90318.6
1689,2025-12-09,서울,전자제품,5,66833,0.15,2.0,37.0,334165,50124.75,284040.25
1690,2025-02-04,대구,전자제품,7,63839,0.3,5.0,22.0,446873,134061.9,312811.1
1691,2025-10-09,서울,의류,1,52197,0.05,2.0,24.0,52197,2609.85,49587.15
1692,2025-11-21,제주,생활용품,3,104327,0.1,1.0,62.0,312981,31298.1,281682.9
1693,2025-08-28,광주,의류,5,94712,0.05,5.0,24.0,473560,23678.0,449882.0
1694,2025-05-25,제주,의류,3,101677,0.1,1.0,36.0,305031,30503.1,274527.9
1695,2025-02-28,제주,식품,1,119227,0.05,3.0,70.0,119227,5961.35,113265.65
1696,2025-09-07,부산,전자제품,2,92778,0.25,1.0,35.0,185556,46389.0,139167.0
1697,2025-06-21,광주,생활용품,1,15856,0.3,2.0,54.0,15856,4756.8,11099.2
1698,2025-02-24,서울,생활용품,7,27885,0.3,4.0,23.0,195195,58558.5,136636.5
1699,2025-05-12,제주,식품,4,148768,0.1,1.0,64.0,595072,59507.2,535564.8
1700,2025-12-17,광주,의류,7,46458,0.3,4.0,66.0,325206,97561.8,227644.2
1701,2025-04-07,광주,전자제품,5,67006,0.0,3.0,66.0,335030,0.0,335030.0
1702,2025-03-07,제주,식품,3,59790,0.0,4.0,51.0,179370,0.0,179370.0
1703,2025-09-06,제주,전자제품,7,148584,0.1,1.0,69.0,1040088,104008.8,936079.2
1704,2025-03-14,제주,식품,2,124541,0.1,2.0,54.0,249082,24908.2,224173.8
1705,2025-12-02,서울,전자제품,2,75098,0.3,1.0,37.0,150196,45058.8,105137.2
1706,2025-11-10,서울,의류,6,103922,0.25,5.0,65.0,623532,155883.0,467649.0
1707,2025-12-25,제주,전자제품,4,84978,0.25,5.0,32.0,339912,84978.0,254934.0
1708,2025-11-30,부산,의류,3,98516,0.25,3.0,62.0,295548,73887.0,221661.0
1709,2025-03-30,대구,의류,5,143317,0.25,3.0,67.0,716585,179146.25,537438.75
1710,2025-03-19,서울,생활용품,7,102460,0.15,1.0,41.0,717220,107583.0,609637.0
1711,2025-05-06,광주,전자제품,2,21367,0.0,5.0,30.0,42734,0.0,42734.0
1712,2025-06-21,제주,식품,7,77964,0.0,4.0,26.0,545748,0.0,545748.0
1713,2025-11-18,제주,전자제품,7,123858,0.3,1.0,46.0,867006,260101.8,606904.2
1714,2025-09-25,대구,의류,6,10746,0.15,3.0,53.0,64476,9671.4,54804.6
1715,2025-08-24,광주,전자제품,2,56776,0.3,1.0,49.0,113552,34065.6,79486.4
1716,2025-11-17,대구,의류,1,34162,0.0,3.0,52.0,34162,0.0,34162.0
1717,2025-08-24,대구,생활용품,1,0,0.2,4.0,19.0,0,0.0,0.0
1718,2025-05-19,대구,의류,5,25343,0.05,2.0,20.0,126715,6335.75,120379.25
1719,2025-05-31,제주,전자제품,3,95491,0.1,3.0,31.0,286473,28647.3,257825.7
1720,2025-07-08,부산,식품,7,14279,0.2,4.0,65.0,99953,19990.6,79962.4
1721,2025-02-02,대구,의류,1,138976,0.15,1.0,44.0,138976,20846.4,118129.6
1722,2025-09-28,광주,식품,3,51324,0.0,1.0,35.0,153972,0.0,153972.0
1723,2025-08-27,대구,식품,2,64106,0.3,3.0,53.0,128212,38463.6,89748.4
1724,2025-09-24,서울,생활용품,7,119221,0.2,3.0,40.0,834547,166909.4,667637.6
1725,2025-07-14,부산,생활용품,1,60047,0.1,2.0,25.0,60047,6004.7,54042.3
1726,2025-10-13,광주,식품,3,21694,0.2,3.0,45.0,65082,13016.4,52065.6
1727,2025-12-13,광주,식품,7,136205,0.05,1.0,54.0,953435,47671.75,905763.25
1728,2025-07-28,광주,전자제품,7,21156,0.15,4.0,66.0,148092,22213.8,125878.2
1729,2025-06-12,제주,식품,7,77077,0.1,4.0,37.0,539539,53953.9,485585.1
1730,2025-02-08,광주,의류,5,23018,0.1,2.0,,115090,11509.0,103581.0
1731,2025-10-12,대구,의류,2,106185,0.15,4.0,63.0,212370,31855.5,180514.5
1732,2025-11-26,부산,식품,1,44124,0.3,2.0,37.0,44124,13237.2,30886.8
1733,2025-09-13,부산,전자제품,3,140184,0.0,2.0,26.0,420552,0.0,420552.0
1734,2025-11-12,제주,전자제품,4,34320,0.15,2.0,44.0,137280,20592.0,116688.0
1735,2025-11-11,대구,전자제품,4,102111,0.3,5.0,21.0,408444,122533.2,285910.8
1736,2025-10-19,광주,전자제품,1,7024,0.3,3.0,70.0,7024,2107.2,4916.8
1737,2025-07-03,서울,전자제품,5,21405,0.3,4.0,59.0,107025,32107.5,74917.5
1738,2025-02-06,서울,의류,3,45093,0.1,2.0,41.0,135279,13527.9,121751.1
1739,2025-01-02,부산,생활용품,1,133159,0.15,5.0,46.0,133159,19973.85,113185.15
1740,2025-03-16,서울,생활용품,7,149463,0.2,4.0,39.0,1046241,209248.2,836992.8
1741,2025-06-07,광주,의류,3,93970,0.25,1.0,42.0,281910,70477.5,211432.5
1742,2025-09-29,광주,식품,2,53790,0.3,2.0,67.0,107580,32274.0,75306.0
1743,2025-06-16,대구,생활용품,4,50267,0.05,3.0,56.0,201068,10053.4,191014.6
1744,2025-01-09,부산,전자제품,7,35632,0.0,3.0,53.0,249424,0.0,249424.0
1745,2025-03-18,대구,의류,6,54376,0.05,5.0,69.0,326256,16312.8,309943.2
1746,2025-12-24,서울,생활용품,1,76879,0.05,3.0,26.0,76879,3843.95,73035.05
1747,2025-12-27,대구,의류,5,104361,0.1,3.0,66.0,521805,52180.5,469624.5
1748,2025-05-18,서울,식품,5,38258,0.3,2.0,27.0,191290,57387.0,133903.0
1749,2025-10-21,서울,의류,7,10190,0.05,5.0,31.0,71330,3566.5,67763.5
1750,2025-09-20,서울,생활용품,7,86149,0.1,4.0,52.0,603043,60304.3,542738.7
1751,2025-12-06,서울,전자제품,6,40201,0.1,4.0,25.0,241206,24120.6,217085.4
1752,2025-11-20,대구,의류,5,63095,0.05,4.0,42.0,315475,15773.75,299701.25
1753,2025-08-18,대구,전자제품,3,108206,0.05,4.0,35.0,324618,16230.9,308387.1
1754,2025-05-25,광주,전자제품,7,135042,0.3,4.0,18.0,945294,283588.2,661705.8
1755,2025-08-17,대구,생활용품,7,82482,0.2,2.0,27.0,577374,115474.8,461899.2
1756,2025-04-27,서울,식품,7,139549,0.0,3.0,41.0,976843,0.0,976843.0
1757,2025-05-08,서울,전자제품,7,44014,0.2,1.0,22.0,308098,61619.6,246478.4
1758,2025-08-11,광주,식품,5,108394,0.2,2.0,67.0,541970,108394.0,433576.0
1759,2025-07-28,제주,전자제품,7,147048,0.1,2.0,40.0,1029336,102933.6,926402.4
1760,2025-08-01,부산,생활용품,6,36275,0.25,2.0,57.0,217650,54412.5,163237.5
1761,2025-05-21,부산,생활용품,2,112061,0.25,3.0,28.0,224122,56030.5,168091.5
1762,2025-05-30,부산,전자제품,1,73715,0.25,3.0,47.0,73715,18428.75,55286.25
1763,2025-01-04,부산,전자제품,7,132710,0.2,3.0,24.0,928970,185794.0,743176.0
1764,2025-08-08,부산,생활용품,3,49286,0.15,5.0,28.0,147858,22178.7,125679.3
1765,2025-07-30,대구,생활용품,7,144281,0.05,2.0,54.0,1009967,50498.35,959468.65
1766,2025-12-08,광주,생활용품,3,120751,0.0,1.0,35.0,362253,0.0,362253.0
1767,2025-07-04,광주,의류,3,107238,0.3,4.0,70.0,321714,96514.2,225199.8
1768,2025-06-20,제주,생활용품,6,9230,0.25,2.0,70.0,55380,13845.0,41535.0
1769,2025-01-25,부산,식품,4,16986,0.05,5.0,24.0,67944,3397.2,64546.8
1770,2025-03-13,대구,생활용품,5,101061,0.25,4.0,52.0,505305,126326.25,378978.75
1771,2025-05-04,부산,생활용품,3,74441,0.0,2.0,59.0,223323,0.0,223323.0
1772,2025-05-18,서울,전자제품,5,51868,0.05,3.0,32.0,259340,12967.0,246373.0
1773,2025-05-13,부산,전자제품,4,127081,0.05,5.0,62.0,508324,25416.2,482907.8
1774,2025-05-24,부산,의류,7,74746,0.1,5.0,57.0,523222,52322.2,470899.8
1775,2025-10-08,대구,생활용품,4,71555,0.1,2.0,35.0,286220,28622.0,257598.0
1776,2025-02-17,서울,생활용품,1,51834,0.15,1.0,22.0,51834,7775.1,44058.9
1777,2025-05-02,광주,전자제품,6,147336,0.15,1.0,41.0,884016,132602.4,751413.6
1778,2025-03-01,제주,식품,7,57894,0.0,5.0,37.0,405258,0.0,405258.0
1779,2025-04-23,제주,생활용품,7,42633,0.05,4.0,45.0,298431,14921.55,283509.45
1780,2025-09-07,서울,전자제품,1,102783,0.25,4.0,30.0,102783,25695.75,77087.25
1781,2025-01-18,서울,의류,7,9944,0.15,4.0,34.0,69608,10441.2,59166.8
1782,2025-05-04,제주,식품,3,91347,0.3,4.0,65.0,274041,82212.3,191828.7
1783,2025-01-09,제주,전자제품,6,86872,0.0,3.0,62.0,521232,0.0,521232.0
1784,2025-12-15,대구,전자제품,5,40393,0.1,2.0,56.0,201965,20196.5,181768.5
1785,2025-09-23,부산,의류,7,116515,0.05,2.0,36.0,815605,40780.25,774824.75
1786,2025-03-30,대구,생활용품,3,11327,0.3,2.0,44.0,33981,10194.3,23786.7
1787,2025-03-14,대구,전자제품,5,147342,0.05,4.0,33.0,736710,36835.5,699874.5
1788,2025-02-06,제주,식품,5,129124,0.25,1.0,39.0,645620,161405.0,484215.0
1789,2025-06-22,대구,전자제품,2,30425,0.05,1.0,45.0,60850,3042.5,57807.5
1790,2025-10-03,서울,의류,6,76384,0.25,4.0,63.0,458304,114576.0,343728.0
1791,2025-08-02,광주,생활용품,2,33563,0.15,4.0,60.0,67126,10068.9,57057.1
1792,2025-11-18,광주,생활용품,6,0,0.3,1.0,28.0,0,0.0,0.0
1793,2025-05-06,부산,식품,1,56111,0.0,1.0,68.0,56111,0.0,56111.0
1794,2025-04-12,서울,식품,2,75832,0.1,2.0,21.0,151664,15166.4,136497.6
1795,2025-06-24,서울,식품,4,143760,0.25,1.0,20.0,575040,143760.0,431280.0
1796,2025-03-15,제주,생활용품,2,94746,0.3,2.0,63.0,189492,56847.6,132644.4
1797,2025-12-23,대구,식품,1,130738,0.15,5.0,33.0,130738,19610.7,111127.3
1798,2025-03-09,대구,전자제품,1,95911,0.0,5.0,63.0,95911,0.0,95911.0
1799,2025-06-24,제주,생활용품,3,73795,0.2,2.0,21.0,221385,44277.0,177108.0
1800,2025-07-10,서울,전자제품,4,7180,0.15,2.0,30.0,28720,4308.0,24412.0
1801,2025-01-21,부산,생활용품,1,17929,0.25,5.0,61.0,17929,4482.25,13446.75
1802,2025-06-20,제주,전자제품,1,82323,0.15,3.0,28.0,82323,12348.45,69974.55
1803,2025-06-15,대구,의류,5,78073,0.3,2.0,45.0,390365,117109.5,273255.5
1804,2025-04-05,서울,식품,3,77806,0.0,4.0,56.0,233418,0.0,233418.0
1805,2025-02-16,광주,의류,6,127590,0.2,3.0,36.0,765540,153108.0,612432.0
1806,2025-01-17,서울,식품,6,18893,0.25,5.0,25.0,113358,28339.5,85018.5
1807,2025-01-04,광주,식품,1,100519,0.1,5.0,,100519,10051.9,90467.1
1808,2025-06-25,광주,식품,7,113153,0.15,4.0,50.0,792071,118810.65,673260.35
1809,2025-02-02,제주,생활용품,5,98625,0.2,5.0,66.0,493125,98625.0,394500.0
1810,2025-12-17,대구,전자제품,6,39199,0.15,3.0,55.0,235194,35279.1,199914.9
1811,2025-03-31,부산,전자제품,4,63927,0.1,3.0,57.0,255708,25570.8,230137.2
1812,2025-08-27,제주,전자제품,1,12906,0.2,1.0,50.0,12906,2581.2,10324.8
1813,2025-09-03,대구,의류,7,30687,0.25,1.0,53.0,214809,53702.25,161106.75
1814,2025-06-30,광주,의류,4,121458,0.0,1.0,40.0,485832,0.0,485832.0
1815,2025-11-19,서울,의류,1,94527,0.3,,67.0,94527,28358.1,66168.9
1816,2025-02-10,광주,전자제품,2,130444,0.05,2.0,61.0,260888,13044.4,247843.6
1817,2025-03-27,대구,생활용품,2,105301,0.0,4.0,30.0,210602,0.0,210602.0
1818,2025-04-03,부산,생활용품,3,39900,0.05,3.0,67.0,119700,5985.0,113715.0
1819,2025-02-19,광주,생활용품,4,122914,0.0,4.0,30.0,491656,0.0,491656.0
1820,2025-04-18,서울,생활용품,3,104694,0.3,2.0,55.0,314082,94224.6,219857.4
1821,2025-04-25,광주,식품,7,32779,0.1,5.0,66.0,229453,22945.3,206507.7
1822,2025-10-07,제주,의류,7,5717,0.25,3.0,40.0,40019,10004.75,30014.25
1823,2025-04-21,대구,식품,5,115746,0.05,2.0,27.0,578730,28936.5,549793.5
1824,2025-11-16,서울,의류,5,109567,0.15,3.0,70.0,547835,82175.25,465659.75
1825,2025-10-10,대구,식품,7,18018,0.1,2.0,60.0,126126,12612.6,113513.4
1826,2025-11-26,대구,의류,2,72399,0.2,4.0,41.0,144798,28959.6,115838.4
1827,2025-02-08,대구,생활용품,4,137506,0.3,2.0,70.0,550024,165007.2,385016.8
1828,2025-12-26,부산,의류,5,119910,0.2,1.0,24.0,599550,119910.0,479640.0
1829,2025-08-13,광주,생활용품,2,123482,0.2,4.0,45.0,246964,49392.8,197571.2
1830,2025-12-25,부산,생활용품,7,61990,0.05,5.0,27.0,433930,21696.5,412233.5
1831,2025-05-10,대구,전자제품,2,22569,0.0,2.0,27.0,45138,0.0,45138.0
1832,2025-12-14,대구,생활용품,1,55906,0.0,5.0,36.0,55906,0.0,55906.0
1833,2025-08-03,광주,생활용품,3,104598,0.1,1.0,48.0,313794,31379.4,282414.6
1834,2025-01-27,광주,식품,6,126914,0.15,2.0,27.0,761484,114222.6,647261.4
1835,2025-05-30,제주,의류,3,98384,0.0,1.0,45.0,295152,0.0,295152.0
1836,2025-02-20,광주,의류,2,10603,0.05,2.0,59.0,21206,1060.3,20145.7
1837,2025-12-10,광주,생활용품,7,90620,0.2,4.0,25.0,634340,126868.0,507472.0
1838,2025-04-22,제주,생활용품,2,32139,0.3,5.0,18.0,64278,19283.4,44994.6
1839,2025-03-23,부산,전자제품,2,93400,0.3,5.0,57.0,186800,56040.0,130760.0
1840,2025-07-21,부산,전자제품,7,64759,0.05,5.0,39.0,453313,22665.65,430647.35
1841,2025-06-05,대구,전자제품,3,82286,0.0,4.0,28.0,246858,0.0,246858.0
1842,2025-02-05,대구,의류,1,91469,0.2,2.0,64.0,91469,18293.8,73175.2
1843,2025-10-26,광주,생활용품,4,97519,0.3,5.0,40.0,390076,117022.8,273053.2
1844,2025-11-05,서울,의류,6,5741,0.1,1.0,24.0,34446,3444.6,31001.4
1845,2025-09-29,서울,전자제품,6,145095,0.3,5.0,34.0,870570,261171.0,609399.0
1846,2025-08-14,광주,의류,1,88396,0.25,5.0,48.0,88396,22099.0,66297.0
1847,2025-05-27,제주,식품,2,78538,0.3,1.0,33.0,157076,47122.8,109953.2
1848,2025-07-17,부산,식품,5,59881,0.3,4.0,67.0,299405,89821.5,209583.5
1849,2025-07-10,부산,생활용품,5,20153,0.0,5.0,51.0,100765,0.0,100765.0
1850,2025-03-02,대구,식품,5,96350,0.1,4.0,21.0,481750,48175.0,433575.0
1851,2025-01-30,대구,의류,3,57677,0.0,5.0,36.0,173031,0.0,173031.0
1852,2025-04-03,서울,전자제품,7,136512,0.0,2.0,36.0,955584,0.0,955584.0
1853,2025-06-15,대구,식품,1,100407,0.15,4.0,25.0,100407,15061.05,85345.95
1854,2025-02-28,제주,의류,6,68926,0.2,5.0,19.0,413556,82711.2,330844.8
1855,2025-02-08,광주,의류,7,9597,0.3,1.0,23.0,67179,20153.7,47025.3
1856,2025-11-07,제주,생활용품,5,85414,0.0,3.0,54.0,427070,0.0,427070.0
1857,2025-05-17,광주,식품,4,127573,0.0,5.0,31.0,510292,0.0,510292.0
1858,2025-08-02,제주,생활용품,3,72105,0.0,3.0,40.0,216315,0.0,216315.0
1859,2025-07-11,부산,생활용품,4,99288,0.3,5.0,25.0,397152,119145.6,278006.4
1860,2025-09-26,서울,식품,2,10000000,0.2,4.0,68.0,20000000,4000000.0,16000000.0
1861,2025-09-28,서울,전자제품,2,63976,0.15,2.0,70.0,127952,19192.8,108759.2
1862,2025-04-19,제주,식품,5,120002,0.0,2.0,54.0,600010,0.0,600010.0
1863,2025-11-06,광주,의류,4,66420,0.1,3.0,35.0,265680,26568.0,239112.0
1864,2025-05-16,부산,생활용품,4,133354,0.0,3.0,49.0,533416,0.0,533416.0
1865,2025-11-01,제주,의류,4,64373,0.0,3.0,38.0,257492,0.0,257492.0
1866,2025-05-28,부산,의류,1,122663,0.15,4.0,66.0,122663,18399.45,104263.55
1867,2025-02-10,대구,전자제품,7,98350,0.15,3.0,50.0,688450,103267.5,585182.5
1868,2025-10-05,부산,의류,7,142402,0.15,4.0,24.0,996814,149522.1,847291.9
1869,2025-01-12,서울,생활용품,2,82281,0.3,4.0,23.0,164562,49368.6,115193.4
1870,2025-10-09,부산,식품,3,72864,0.3,5.0,59.0,218592,65577.6,153014.4
1871,2025-01-16,부산,생활용품,5,56268,0.0,5.0,56.0,281340,0.0,281340.0
1872,2025-03-17,대구,전자제품,1,99587,0.05,3.0,56.0,99587,4979.35,94607.65
1873,2025-08-09,서울,생활용품,1,147111,0.15,1.0,35.0,147111,22066.65,125044.35
1874,2025-12-10,부산,생활용품,7,29409,0.1,2.0,53.0,205863,20586.3,185276.7
1875,2025-05-30,대구,의류,2,140782,0.15,2.0,32.0,281564,42234.6,239329.4
1876,2025-02-14,부산,의류,5,146638,0.2,2.0,51.0,733190,146638.0,586552.0
1877,2025-03-27,광주,생활용품,7,116513,0.05,5.0,35.0,815591,40779.55,774811.45
1878,2025-11-24,광주,식품,6,89180,0.25,3.0,24.0,535080,133770.0,401310.0
1879,2025-09-23,제주,전자제품,2,130134,0.05,5.0,,260268,13013.4,247254.6
1880,2025-02-06,제주,생활용품,2,42941,0.1,1.0,61.0,85882,8588.2,77293.8
1881,2025-05-21,부산,전자제품,6,96923,0.05,4.0,59.0,581538,29076.9,552461.1
1882,2025-04-07,광주,의류,3,121780,0.2,3.0,51.0,365340,73068.0,292272.0
1883,2025-03-06,광주,식품,7,121767,0.2,4.0,51.0,852369,170473.8,681895.2
1884,2025-11-05,대구,생활용품,5,90041,0.2,2.0,,450205,90041.0,360164.0
1885,2025-08-14,광주,생활용품,1,60896,0.15,3.0,47.0,60896,9134.4,51761.6
1886,2025-03-07,서울,식품,2,142703,0.1,2.0,64.0,285406,28540.6,256865.4
1887,2025-08-26,부산,의류,6,102690,0.2,4.0,58.0,616140,123228.0,492912.0
1888,2025-05-31,제주,식품,5,116647,0.0,1.0,46.0,583235,0.0,583235.0
1889,2025-01-23,제주,식품,6,95380,0.1,4.0,49.0,572280,57228.0,515052.0
1890,2025-06-14,서울,생활용품,2,132204,0.2,3.0,68.0,264408,52881.6,211526.4
1891,2025-03-09,대구,식품,2,74263,0.2,4.0,44.0,148526,29705.2,118820.8
1892,2025-03-31,부산,생활용품,2,84264,0.05,1.0,23.0,168528,8426.4,160101.6
1893,2025-11-17,서울,의류,5,121573,0.1,1.0,62.0,607865,60786.5,547078.5
1894,2025-09-17,서울,생활용품,1,80010,0.1,4.0,18.0,80010,8001.0,72009.0
1895,2025-02-18,대구,의류,6,40513,0.3,2.0,31.0,243078,72923.4,170154.6
1896,2025-11-07,광주,생활용품,2,114813,0.2,2.0,35.0,229626,45925.2,183700.8
1897,2025-07-29,대구,식품,4,59447,0.0,5.0,19.0,237788,0.0,237788.0
1898,2025-11-16,부산,식품,2,20227,0.05,5.0,29.0,40454,2022.7,38431.3
1899,2025-09-30,광주,식품,3,59046,0.0,1.0,27.0,177138,0.0,177138.0
1900,2025-05-04,광주,전자제품,6,12834,0.05,3.0,47.0,77004,3850.2,73153.8
1901,2025-07-15,제주,전자제품,2,132343,0.05,4.0,64.0,264686,13234.3,251451.7
1902,2025-07-13,부산,식품,4,147637,0.15,4.0,32.0,590548,88582.2,501965.8
1903,2025-09-20,부산,생활용품,1,43661,0.25,2.0,38.0,43661,10915.25,32745.75
1904,2025-04-01,대구,생활용품,2,137863,0.3,5.0,54.0,275726,82717.8,193008.2
1905,2025-05-02,대구,의류,5,108161,0.15,4.0,53.0,540805,81120.75,459684.25
1906,2025-03-31,대구,식품,4,143571,0.25,5.0,68.0,574284,143571.0,430713.0
1907,2025-04-19,제주,의류,5,28589,0.2,4.0,45.0,142945,28589.0,114356.0
1908,2025-02-28,서울,생활용품,2,14042,0.1,5.0,58.0,28084,2808.4,25275.6
1909,2025-01-14,대구,전자제품,2,138442,0.2,1.0,62.0,276884,55376.8,221507.2
1910,2025-12-10,대구,생활용품,3,44048,0.1,2.0,40.0,132144,13214.4,118929.6
1911,2025-01-28,부산,생활용품,1,91469,0.1,3.0,62.0,91469,9146.9,82322.1
1912,2025-11-21,광주,생활용품,7,135724,0.3,2.0,70.0,950068,285020.4,665047.6
1913,2025-01-02,제주,전자제품,2,54721,0.3,1.0,24.0,109442,32832.6,76609.4
1914,2025-10-11,대구,생활용품,6,17974,0.2,4.0,58.0,107844,21568.8,86275.2
1915,2025-04-30,서울,의류,2,119737,0.2,5.0,51.0,239474,47894.8,191579.2
1916,2025-07-08,서울,의류,5,70458,0.2,3.0,60.0,352290,70458.0,281832.0
1917,2025-04-14,대구,전자제품,2,8285,0.25,4.0,47.0,16570,4142.5,12427.5
1918,2025-06-29,광주,식품,2,54487,0.0,4.0,28.0,108974,0.0,108974.0
1919,2025-06-14,부산,식품,3,81856,0.1,3.0,40.0,245568,24556.8,221011.2
1920,2025-07-13,부산,생활용품,1,132579,0.0,4.0,54.0,132579,0.0,132579.0
1921,2025-05-24,제주,식품,1,37801,0.15,5.0,65.0,37801,5670.15,32130.85
1922,2025-07-15,서울,전자제품,6,0,0.1,1.0,21.0,0,0.0,0.0
1923,2025-10-29,서울,생활용품,3,31302,0.1,2.0,27.0,93906,9390.6,84515.4
1924,2025-06-08,서울,전자제품,4,47104,0.25,1.0,30.0,188416,47104.0,141312.0
1925,2025-05-12,제주,생활용품,5,43257,0.05,4.0,49.0,216285,10814.25,205470.75
1926,2025-02-18,대구,생활용품,5,81024,0.3,4.0,18.0,405120,121536.0,283584.0
1927,2025-05-12,서울,식품,5,101215,0.1,4.0,68.0,506075,50607.5,455467.5
1928,2025-02-15,부산,의류,7,21304,0.05,4.0,55.0,149128,7456.4,141671.6
1929,2025-03-08,제주,생활용품,5,15998,0.05,3.0,65.0,79990,3999.5,75990.5
1930,2025-12-14,광주,의류,3,111025,0.2,5.0,19.0,333075,66615.0,266460.0
1931,2025-02-02,부산,의류,2,47620,0.3,1.0,32.0,95240,28572.0,66668.0
1932,2025-06-25,부산,전자제품,6,94659,0.3,4.0,41.0,567954,170386.2,397567.8
1933,2025-11-01,서울,의류,3,16127,0.05,5.0,58.0,48381,2419.05,45961.95
1934,2025-12-14,광주,의류,4,92103,0.3,2.0,52.0,368412,110523.6,257888.4
1935,2025-02-23,서울,의류,6,136863,0.05,4.0,40.0,821178,41058.9,780119.1
1936,2025-03-01,부산,생활용품,2,68487,0.15,1.0,34.0,136974,20546.1,116427.9
1937,2025-05-16,부산,생활용품,2,88797,0.0,1.0,35.0,177594,0.0,177594.0
1938,2025-07-22,광주,의류,1,47665,0.05,2.0,37.0,47665,2383.25,45281.75
1939,2025-12-17,광주,식품,1,46456,0.1,5.0,54.0,46456,4645.6,41810.4
1940,2025-03-17,광주,식품,5,14480,0.3,2.0,64.0,72400,21720.0,50680.0
1941,2025-03-02,부산,전자제품,4,74451,0.05,3.0,43.0,297804,14890.2,282913.8
1942,2025-04-03,부산,의류,3,142320,0.05,4.0,65.0,426960,21348.0,405612.0
1943,2025-11-16,부산,식품,2,21824,0.05,4.0,33.0,43648,2182.4,41465.6
1944,2025-01-11,서울,생활용품,5,65400,0.05,4.0,63.0,327000,16350.0,310650.0
1945,2025-05-19,광주,생활용품,1,126374,0.15,1.0,18.0,126374,18956.1,107417.9
1946,2025-02-13,대구,생활용품,5,76909,0.05,5.0,57.0,384545,19227.25,365317.75
1947,2025-02-27,대구,생활용품,7,115261,0.1,2.0,68.0,806827,80682.7,726144.3
1948,2025-12-01,제주,식품,4,59486,0.15,3.0,32.0,237944,35691.6,202252.4
1949,2025-01-01,서울,식품,4,92373,0.25,4.0,54.0,369492,92373.0,277119.0
1950,2025-04-28,제주,의류,4,148243,0.0,2.0,21.0,592972,0.0,592972.0
1951,2025-12-01,광주,식품,1,91693,0.1,4.0,63.0,91693,9169.3,82523.7
1952,2025-08-10,부산,식품,5,120445,0.15,3.0,43.0,602225,90333.75,511891.25
1953,2025-01-27,광주,의류,3,105571,0.3,1.0,40.0,316713,95013.9,221699.1
1954,2025-06-19,광주,식품,4,18885,0.3,2.0,66.0,75540,22662.0,52878.0
1955,2025-12-21,부산,생활용품,1,28254,0.3,4.0,67.0,28254,8476.2,19777.8
1956,2025-05-27,부산,전자제품,7,93185,0.15,1.0,29.0,652295,97844.25,554450.75
1957,2025-07-12,제주,식품,3,55477,0.0,2.0,68.0,166431,0.0,166431.0
1958,2025-07-14,서울,의류,1,75272,0.3,3.0,29.0,75272,22581.6,52690.4
1959,2025-08-30,서울,생활용품,6,75093,0.2,2.0,61.0,450558,90111.6,360446.4
1960,2025-03-10,광주,의류,7,120036,0.3,3.0,59.0,840252,252075.6,588176.4
1961,2025-11-03,제주,전자제품,4,148670,0.3,5.0,44.0,594680,178404.0,416276.0
1962,2025-12-27,대구,식품,1,149611,0.25,1.0,49.0,149611,37402.75,112208.25
1963,2025-02-22,서울,생활용품,7,16558,0.1,5.0,38.0,115906,11590.6,104315.4
1964,2025-10-26,대구,식품,2,112925,0.2,4.0,39.0,225850,45170.0,180680.0
1965,2025-10-26,부산,식품,2,110167,0.2,5.0,45.0,220334,44066.8,176267.2
1966,2025-09-28,제주,전자제품,5,130415,0.3,4.0,63.0,652075,195622.5,456452.5
1967,2025-05-16,광주,의류,3,66880,0.05,5.0,43.0,200640,10032.0,190608.0
1968,2025-06-21,부산,전자제품,1,77882,0.15,1.0,48.0,77882,11682.3,66199.7
1969,2025-11-03,광주,식품,5,70491,0.2,4.0,55.0,352455,70491.0,281964.0
1970,2025-02-25,광주,의류,2,59172,0.05,4.0,66.0,118344,5917.2,112426.8
1971,2025-10-30,광주,생활용품,7,40791,0.1,5.0,63.0,285537,28553.7,256983.3
1972,2025-12-03,부산,전자제품,2,98276,0.3,1.0,37.0,196552,58965.6,137586.4
1973,2025-09-06,대구,식품,7,7426,0.0,3.0,63.0,51982,0.0,51982.0
1974,2025-05-05,서울,전자제품,6,113666,0.15,3.0,41.0,681996,102299.4,579696.6
1975,2025-07-24,대구,식품,2,127026,0.2,1.0,22.0,254052,50810.4,203241.6
1976,2025-01-19,부산,생활용품,5,37992,0.3,4.0,21.0,189960,56988.0,132972.0
1977,2025-12-07,대구,식품,7,35975,0.05,3.0,28.0,251825,12591.25,239233.75
1978,2025-05-05,제주,식품,1,77991,0.1,3.0,37.0,77991,7799.1,70191.9
1979,2025-01-21,제주,식품,6,127719,0.0,4.0,39.0,766314,0.0,766314.0
1980,2025-10-17,대구,생활용품,4,21499,0.1,4.0,27.0,85996,8599.6,77396.4
1981,2025-08-29,광주,의류,7,67626,0.3,4.0,27.0,473382,142014.6,331367.4
1982,2025-08-16,서울,의류,2,36371,0.25,2.0,19.0,72742,18185.5,54556.5
1983,2025-01-20,대구,생활용품,6,128545,0.1,5.0,66.0,771270,77127.0,694143.0
1984,2025-10-02,광주,의류,7,132870,0.2,2.0,31.0,930090,186018.0,744072.0
1985,2025-08-21,광주,의류,3,17210,0.3,2.0,52.0,51630,15489.0,36141.0
1986,2025-10-17,제주,의류,1,25986,0.15,3.0,44.0,25986,3897.9,22088.1
1987,2025-10-29,대구,의류,3,27804,0.1,2.0,37.0,83412,8341.2,75070.8
1988,2025-03-19,제주,전자제품,5,122646,0.3,2.0,31.0,613230,183969.0,429261.0
1989,2025-03-18,제주,식품,5,135591,0.25,5.0,21.0,677955,169488.75,508466.25
1990,2025-12-04,대구,생활용품,4,59026,0.15,1.0,23.0,236104,35415.6,200688.4
1991,2025-07-13,서울,전자제품,7,27845,0.0,3.0,53.0,194915,0.0,194915.0
1992,2025-06-09,부산,생활용품,5,101211,0.0,3.0,41.0,506055,0.0,506055.0
1993,2025-04-15,광주,의류,5,134119,0.0,1.0,69.0,670595,0.0,670595.0
1994,2025-08-22,대구,식품,7,136998,0.2,2.0,25.0,958986,191797.2,767188.8
1995,2025-10-03,제주,전자제품,7,69527,0.05,2.0,67.0,486689,24334.45,462354.55
1996,2025-01-01,제주,생활용품,3,118231,0.0,3.0,22.0,354693,0.0,354693.0
1997,2025-07-21,서울,전자제품,3,143619,0.2,3.0,56.0,430857,86171.4,344685.6
1998,2025-12-29,제주,의류,6,124762,0.15,3.0,68.0,748572,112285.8,636286.2
1999,2025-04-13,부산,전자제품,4,73827,0.15,2.0,26.0,295308,44296.2,251011.8
2000,2025-04-13,제주,생활용품,4,42866,0.05,4.0,43.0,171464,8573.2,162890.8
2001,2025-11-17,대구,전자제품,5,58932,0.05,2.0,66.0,294660,14733.0,279927.0
2002,2025-01-23,대구,생활용품,5,57443,0.05,5.0,60.0,287215,14360.75,272854.25
2003,2025-05-26,서울,의류,7,148202,0.2,5.0,29.0,1037414,207482.8,829931.2
2004,2025-06-17,서울,전자제품,3,111255,0.3,4.0,27.0,333765,100129.5,233635.5
2005,2025-10-19,대구,의류,6,129483,0.3,1.0,35.0,776898,233069.4,543828.6
2006,2025-02-17,대구,생활용품,2,117699,0.0,5.0,42.0,235398,0.0,235398.0
2007,2025-06-08,대구,전자제품,7,74080,0.2,5.0,33.0,518560,103712.0,414848.0
2008,2025-02-25,서울,생활용품,1,119558,0.25,3.0,22.0,119558,29889.5,89668.5
2009,2025-10-15,대구,생활용품,6,97799,0.0,2.0,44.0,586794,0.0,586794.0
2010,2025-08-19,서울,의류,1,112316,0.2,4.0,39.0,112316,22463.2,89852.8
2011,2025-07-01,서울,식품,7,48623,0.15,4.0,34.0,340361,51054.15,289306.85
2012,2025-05-24,대구,전자제품,7,38585,0.05,4.0,61.0,270095,13504.75,256590.25
2013,2025-02-25,광주,식품,6,31133,0.25,4.0,33.0,186798,46699.5,140098.5
2014,2025-12-03,광주,생활용품,6,46917,0.3,5.0,65.0,281502,84450.6,197051.4
2015,2025-08-25,제주,의류,4,146884,0.2,5.0,18.0,587536,117507.2,470028.8
2016,2025-04-27,제주,의류,2,141596,0.05,4.0,45.0,283192,14159.6,269032.4
2017,2025-06-01,부산,생활용품,7,26207,0.15,2.0,68.0,183449,27517.35,155931.65
2018,2025-09-23,광주,식품,4,85310,0.15,5.0,33.0,341240,51186.0,290054.0
2019,2025-09-20,서울,전자제품,6,141358,0.3,5.0,52.0,848148,254444.4,593703.6
2020,2025-06-18,제주,생활용품,5,114396,0.25,3.0,56.0,571980,142995.0,428985.0
2021,2025-04-21,부산,의류,5,93771,0.2,1.0,36.0,468855,93771.0,375084.0
2022,2025-08-29,광주,의류,3,91883,0.25,5.0,51.0,275649,68912.25,206736.75
2023,2025-08-29,제주,의류,3,52282,0.2,3.0,52.0,156846,31369.2,125476.8
2024,2025-08-07,광주,생활용품,4,139053,0.1,3.0,42.0,556212,55621.2,500590.8
2025,2025-01-27,제주,생활용품,5,17049,0.0,4.0,37.0,85245,0.0,85245.0
2026,2025-06-22,서울,의류,6,130974,0.25,1.0,43.0,785844,196461.0,589383.0
2027,2025-08-13,서울,생활용품,2,131328,0.15,5.0,25.0,262656,39398.4,223257.6
2028,2025-12-13,광주,식품,2,42899,0.3,1.0,44.0,85798,25739.4,60058.6
2029,2025-07-11,대구,의류,1,79236,0.2,2.0,35.0,79236,15847.2,63388.8
2030,2025-05-06,서울,생활용품,4,133283,0.15,3.0,35.0,533132,79969.8,453162.2
2031,2025-07-22,광주,전자제품,5,73767,0.2,4.0,31.0,368835,73767.0,295068.0
2032,2025-03-06,서울,의류,2,48506,0.2,1.0,45.0,97012,19402.4,77609.6
2033,2025-02-03,제주,의류,5,15151,0.3,3.0,18.0,75755,22726.5,53028.5
2034,2025-09-05,서울,의류,1,68942,0.1,1.0,21.0,68942,6894.2,62047.8
2035,2025-12-26,대구,생활용품,7,45274,0.1,5.0,29.0,316918,31691.8,285226.2
2036,2025-11-05,제주,식품,5,128429,0.1,2.0,48.0,642145,64214.5,577930.5
2037,2025-08-02,대구,전자제품,5,129874,0.0,3.0,31.0,649370,0.0,649370.0
2038,2025-01-15,광주,전자제품,5,51983,0.15,4.0,44.0,259915,38987.25,220927.75
2039,2025-12-27,광주,생활용품,3,35522,0.15,1.0,25.0,106566,15984.9,90581.1
2040,2025-06-14,제주,의류,7,47162,0.05,1.0,40.0,330134,16506.7,313627.3
2041,2025-04-16,대구,의류,6,63272,0.25,5.0,42.0,379632,94908.0,284724.0
2042,2025-11-22,제주,식품,2,101955,0.2,3.0,35.0,203910,40782.0,163128.0
2043,2025-09-30,대구,식품,7,27079,0.05,2.0,20.0,189553,9477.65,180075.35
2044,2025-10-01,제주,생활용품,6,149954,0.05,4.0,50.0,899724,44986.2,854737.8
2045,2025-04-12,광주,의류,3,106538,0.2,5.0,28.0,319614,63922.8,255691.2
2046,2025-12-29,서울,생활용품,7,24003,0.0,4.0,43.0,168021,0.0,168021.0
2047,2025-06-15,광주,생활용품,2,50637,0.05,3.0,55.0,101274,5063.7,96210.3
2048,2025-07-13,제주,생활용품,5,106654,0.15,4.0,23.0,533270,79990.5,453279.5
2049,2025-10-02,서울,의류,5,78067,0.3,5.0,53.0,390335,117100.5,273234.5
2050,2025-08-29,제주,전자제품,7,81409,0.0,2.0,37.0,569863,0.0,569863.0
2051,2025-03-04,서울,의류,4,11014,0.15,4.0,44.0,44056,6608.4,37447.6
2052,2025-04-21,제주,의류,7,64539,0.15,5.0,22.0,451773,67765.95,384007.05
2053,2025-05-12,광주,의류,2,94105,0.05,2.0,44.0,188210,9410.5,178799.5
2054,2025-12-12,서울,전자제품,6,113730,0.15,5.0,38.0,682380,102357.0,580023.0
2055,2025-09-18,광주,생활용품,2,69808,0.2,1.0,27.0,139616,27923.2,111692.8
2056,2025-05-14,서울,생활용품,7,85451,0.0,2.0,46.0,598157,0.0,598157.0
2057,2025-09-26,대구,식품,6,37191,0.3,2.0,52.0,223146,66943.8,156202.2
2058,2025-09-27,제주,식품,5,120683,0.05,1.0,38.0,603415,30170.75,573244.25
2059,2025-05-24,부산,전자제품,1,106196,0.1,4.0,51.0,106196,10619.6,95576.4
2060,2025-05-28,서울,생활용품,4,112859,0.0,3.0,36.0,451436,0.0,451436.0
2061,2025-11-23,대구,전자제품,2,101857,0.2,2.0,62.0,203714,40742.8,162971.2
2062,2025-07-25,부산,식품,7,147843,0.2,5.0,32.0,1034901,206980.2,827920.8
2063,2025-02-24,서울,식품,3,132577,0.0,2.0,60.0,397731,0.0,397731.0
2064,2025-09-20,대구,식품,6,122576,0.1,5.0,38.0,735456,73545.6,661910.4
2065,2025-08-04,부산,의류,7,53611,0.25,4.0,47.0,375277,93819.25,281457.75
2066,2025-07-05,서울,생활용품,1,14686,0.2,5.0,21.0,14686,2937.2,11748.8
2067,2025-09-22,부산,생활용품,6,5106,0.1,1.0,21.0,30636,3063.6,27572.4
2068,2025-11-28,서울,의류,3,118039,0.2,5.0,70.0,354117,70823.4,283293.6
2069,2025-05-01,제주,전자제품,1,135361,0.25,1.0,18.0,135361,33840.25,101520.75
2070,2025-06-03,제주,생활용품,2,99207,0.1,4.0,47.0,198414,19841.4,178572.6
2071,2025-03-11,부산,식품,4,109562,0.05,4.0,42.0,438248,21912.4,416335.6
2072,2025-08-25,제주,생활용품,6,18019,0.0,1.0,51.0,108114,0.0,108114.0
2073,2025-05-27,대구,식품,5,86995,0.3,1.0,18.0,434975,130492.5,304482.5
2074,2025-05-05,제주,의류,2,92796,0.1,1.0,27.0,185592,18559.2,167032.8
2075,2025-09-12,서울,식품,3,27711,0.25,1.0,35.0,83133,20783.25,62349.75
2076,2025-05-29,부산,식품,3,113867,0.1,1.0,66.0,341601,34160.1,307440.9
2077,2025-06-19,광주,전자제품,6,53617,0.2,5.0,36.0,321702,64340.4,257361.6
2078,2025-06-10,부산,의류,4,33593,0.1,2.0,48.0,134372,13437.2,120934.8
2079,2025-04-05,제주,식품,1,105917,0.2,5.0,48.0,105917,21183.4,84733.6
2080,2025-02-15,대구,생활용품,1,68062,0.3,1.0,39.0,68062,20418.6,47643.4
2081,2025-10-29,대구,식품,1,82722,0.25,4.0,61.0,82722,20680.5,62041.5
2082,2025-02-03,대구,생활용품,7,83661,0.05,3.0,55.0,585627,29281.35,556345.65
2083,2025-04-29,광주,식품,4,95280,0.15,3.0,41.0,381120,57168.0,323952.0
2084,2025-09-01,서울,식품,4,64907,0.05,4.0,34.0,259628,12981.4,246646.6
2085,2025-02-17,광주,전자제품,6,123124,0.05,2.0,32.0,738744,36937.2,701806.8
2086,2025-08-28,광주,의류,2,132021,0.25,1.0,67.0,264042,66010.5,198031.5
2087,2025-09-25,제주,전자제품,1,75147,0.3,2.0,24.0,75147,22544.1,52602.9
2088,2025-08-30,제주,식품,2,29491,0.3,5.0,26.0,58982,17694.6,41287.4
2089,2025-04-22,광주,생활용품,2,45440,0.25,3.0,31.0,90880,22720.0,68160.0
2090,2025-01-08,대구,의류,6,116876,0.15,5.0,62.0,701256,105188.4,596067.6
2091,2025-11-20,대구,의류,6,42212,0.15,5.0,54.0,253272,37990.8,215281.2
2092,2025-04-30,부산,생활용품,5,117824,0.15,1.0,69.0,589120,88368.0,500752.0
2093,2025-10-21,제주,생활용품,7,101009,0.25,1.0,56.0,707063,176765.75,530297.25
2094,2025-03-14,부산,생활용품,4,69964,0.0,1.0,44.0,279856,0.0,279856.0
2095,2025-03-01,대구,의류,2,23336,0.25,1.0,20.0,46672,11668.0,35004.0
2096,2025-10-12,서울,식품,3,83224,0.25,,64.0,249672,62418.0,187254.0
2097,2025-12-10,부산,전자제품,1,105455,0.3,1.0,53.0,105455,31636.5,73818.5
2098,2025-11-11,부산,식품,7,27266,0.2,5.0,21.0,190862,38172.4,152689.6
2099,2025-10-02,대구,의류,5,124621,0.15,3.0,69.0,623105,93465.75,529639.25
2100,2025-04-01,대구,식품,6,33298,0.15,4.0,50.0,199788,29968.2,169819.8
2101,2025-11-30,광주,의류,2,64824,0.2,5.0,50.0,129648,25929.6,103718.4
2102,2025-09-01,대구,전자제품,6,82091,0.1,1.0,36.0,492546,49254.6,443291.4
2103,2025-03-04,서울,전자제품,3,112158,0.25,3.0,35.0,336474,84118.5,252355.5
2104,2025-02-17,대구,식품,4,37578,0.15,4.0,37.0,150312,22546.8,127765.2
2105,2025-11-14,서울,전자제품,5,53699,0.05,5.0,20.0,268495,13424.75,255070.25
2106,2025-04-11,제주,생활용품,7,121938,0.25,5.0,41.0,853566,213391.5,640174.5
2107,2025-10-07,광주,식품,4,52791,0.1,2.0,21.0,211164,21116.4,190047.6
2108,2025-02-20,부산,식품,5,94352,0.0,2.0,49.0,471760,0.0,471760.0
2109,2025-04-13,부산,식품,5,62683,0.15,4.0,28.0,313415,47012.25,266402.75
2110,2025-04-14,서울,식품,3,13203,0.15,4.0,50.0,39609,5941.35,33667.65
2111,2025-04-13,부산,생활용품,7,79599,0.1,2.0,37.0,557193,55719.3,501473.7
2112,2025-09-04,서울,의류,7,56892,0.0,3.0,32.0,398244,0.0,398244.0
2113,2025-11-30,제주,전자제품,3,43418,0.15,5.0,25.0,130254,19538.1,110715.9
2114,2025-11-29,서울,전자제품,7,129472,0.25,2.0,38.0,906304,226576.0,679728.0
2115,2025-09-28,광주,전자제품,4,117267,0.25,2.0,21.0,469068,117267.0,351801.0
2116,2025-03-15,대구,식품,6,45229,0.05,5.0,31.0,271374,13568.7,257805.3
2117,2025-12-17,부산,의류,4,80960,0.15,4.0,42.0,323840,48576.0,275264.0
2118,2025-07-17,제주,생활용품,6,109359,0.3,2.0,51.0,656154,196846.2,459307.8
2119,2025-07-19,서울,식품,7,12723,0.1,2.0,42.0,89061,8906.1,80154.9
2120,2025-09-14,제주,전자제품,3,18601,0.15,5.0,23.0,55803,8370.45,47432.55
2121,2025-10-08,광주,전자제품,5,83292,0.2,2.0,56.0,416460,83292.0,333168.0
2122,2025-12-14,광주,식품,4,139928,0.15,4.0,40.0,559712,83956.8,475755.2
2123,2025-08-01,제주,식품,6,139485,0.25,3.0,51.0,836910,209227.5,627682.5
2124,2025-08-11,대구,의류,2,70155,0.1,2.0,69.0,140310,14031.0,126279.0
2125,2025-09-30,부산,전자제품,6,107083,0.15,2.0,20.0,642498,96374.7,546123.3
2126,2025-04-04,서울,전자제품,5,76277,0.15,4.0,70.0,381385,57207.75,324177.25
2127,2025-04-23,제주,의류,4,136178,0.25,5.0,68.0,544712,136178.0,408534.0
2128,2025-08-17,대구,식품,3,87625,0.1,1.0,45.0,262875,26287.5,236587.5
2129,2025-01-24,제주,식품,5,134239,0.05,5.0,19.0,671195,33559.75,637635.25
2130,2025-04-27,부산,전자제품,3,57698,0.1,2.0,31.0,173094,17309.4,155784.6
2131,2025-09-20,제주,전자제품,1,140006,0.05,4.0,29.0,140006,7000.3,133005.7
2132,2025-12-23,제주,식품,7,110167,0.05,2.0,48.0,771169,38558.45,732610.55
2133,2025-07-09,부산,식품,4,116313,0.25,2.0,54.0,465252,116313.0,348939.0
2134,2025-05-26,대구,생활용품,2,7114,0.1,5.0,43.0,14228,1422.8,12805.2
2135,2025-06-10,광주,생활용품,2,121925,0.05,4.0,36.0,243850,12192.5,231657.5
2136,2025-09-08,부산,식품,6,28519,0.25,5.0,20.0,171114,42778.5,128335.5
2137,2025-07-18,서울,식품,3,140750,0.25,1.0,67.0,422250,105562.5,316687.5
2138,2025-01-09,부산,식품,2,32379,0.05,2.0,70.0,64758,3237.9,61520.1
2139,2025-07-16,대구,의류,4,124768,0.1,1.0,19.0,499072,49907.2,449164.8
2140,2025-05-27,서울,식품,1,97124,0.25,3.0,35.0,97124,24281.0,72843.0
2141,2025-09-13,부산,생활용품,4,61922,0.05,3.0,70.0,247688,12384.4,235303.6
2142,2025-11-16,제주,생활용품,1,134138,0.3,5.0,39.0,134138,40241.4,93896.6
2143,2025-12-18,서울,식품,6,61292,0.2,2.0,51.0,367752,73550.4,294201.6
2144,2025-08-11,서울,전자제품,4,14227,0.2,4.0,45.0,56908,11381.6,45526.4
2145,2025-05-13,대구,전자제품,2,15966,0.15,5.0,51.0,31932,4789.8,27142.2
2146,2025-06-12,서울,생활용품,4,128607,0.0,1.0,64.0,514428,0.0,514428.0
2147,2025-03-06,서울,식품,2,60750,0.25,3.0,38.0,121500,30375.0,91125.0
2148,2025-12-08,서울,식품,3,123830,0.15,2.0,60.0,371490,55723.5,315766.5
2149,2025-11-06,서울,의류,1,7907,0.05,1.0,42.0,7907,395.35,7511.65
2150,2025-11-08,제주,생활용품,5,16110,0.25,3.0,28.0,80550,20137.5,60412.5
2151,2025-04-30,서울,식품,7,148273,0.1,2.0,21.0,1037911,103791.1,934119.9
2152,2025-04-28,대구,식품,4,25768,0.1,2.0,55.0,103072,10307.2,92764.8
2153,2025-11-09,광주,생활용품,1,104710,0.2,2.0,49.0,104710,20942.0,83768.0
2154,2025-07-18,광주,전자제품,1,55756,0.05,3.0,64.0,55756,2787.8,52968.2
2155,2025-09-15,광주,생활용품,6,77510,0.0,2.0,30.0,465060,0.0,465060.0
2156,2025-06-28,부산,의류,3,21627,0.1,4.0,55.0,64881,6488.1,58392.9
2157,2025-06-11,제주,전자제품,3,43688,0.2,2.0,19.0,131064,26212.8,104851.2
2158,2025-08-19,서울,전자제품,1,114952,0.1,4.0,25.0,114952,11495.2,103456.8
2159,2025-10-24,서울,의류,5,82668,0.2,3.0,49.0,413340,82668.0,330672.0
2160,2025-05-02,제주,생활용품,1,78090,0.0,2.0,46.0,78090,0.0,78090.0
2161,2025-10-23,서울,전자제품,7,142004,0.05,5.0,49.0,994028,49701.4,944326.6
2162,2025-03-31,서울,의류,2,64561,0.05,4.0,62.0,129122,6456.1,122665.9
2163,2025-05-28,서울,생활용품,1,121532,0.0,3.0,62.0,121532,0.0,121532.0
2164,2025-11-30,서울,의류,5,110118,0.2,3.0,28.0,550590,110118.0,440472.0
2165,2025-12-15,서울,의류,3,71808,0.05,4.0,28.0,215424,10771.2,204652.8
2166,2025-12-04,대구,전자제품,5,47470,0.15,4.0,46.0,237350,35602.5,201747.5
2167,2025-04-26,광주,의류,1,56340,0.3,4.0,68.0,56340,16902.0,39438.0
2168,2025-11-04,서울,의류,7,131372,0.05,1.0,53.0,919604,45980.2,873623.8
2169,2025-12-08,제주,전자제품,3,49348,0.05,2.0,25.0,148044,7402.2,140641.8
2170,2025-12-24,서울,식품,6,99825,0.3,3.0,51.0,598950,179685.0,419265.0
2171,2025-01-08,광주,생활용품,7,23055,0.1,3.0,35.0,161385,16138.5,145246.5
2172,2025-09-29,제주,생활용품,4,55243,0.1,2.0,23.0,220972,22097.2,198874.8
2173,2025-12-30,대구,전자제품,3,140504,0.25,5.0,55.0,421512,105378.0,316134.0
2174,2025-10-07,대구,의류,3,83282,0.0,2.0,32.0,249846,0.0,249846.0
2175,2025-03-27,서울,의류,5,124256,0.1,3.0,59.0,621280,62128.0,559152.0
2176,2025-10-06,부산,의류,1,42620,0.05,4.0,47.0,42620,2131.0,40489.0
2177,2025-02-08,제주,의류,2,115377,0.3,2.0,41.0,230754,69226.2,161527.8
2178,2025-06-25,부산,생활용품,5,147823,0.1,3.0,29.0,739115,73911.5,665203.5
2179,2025-08-17,서울,식품,1,139142,0.15,4.0,33.0,139142,20871.3,118270.7
2180,2025-06-16,광주,의류,3,68163,0.15,2.0,35.0,204489,30673.35,173815.65
2181,2025-09-13,광주,의류,5,103861,0.15,5.0,54.0,519305,77895.75,441409.25
2182,2025-03-29,서울,의류,2,135033,0.0,3.0,39.0,270066,0.0,270066.0
2183,2025-08-10,서울,생활용품,7,122985,0.05,4.0,19.0,860895,43044.75,817850.25
2184,2025-08-24,서울,전자제품,7,146813,0.25,4.0,18.0,1027691,256922.75,770768.25
2185,2025-08-20,서울,생활용품,1,9536,0.15,5.0,32.0,9536,1430.4,8105.6
2186,2025-04-16,광주,의류,2,82690,0.3,4.0,45.0,165380,49614.0,115766.0
2187,2025-04-22,서울,생활용품,7,119776,0.15,3.0,35.0,838432,125764.8,712667.2
2188,2025-04-05,광주,식품,1,110850,0.1,4.0,70.0,110850,11085.0,99765.0
2189,2025-06-18,서울,식품,4,27267,0.1,3.0,30.0,109068,10906.8,98161.2
2190,2025-08-02,제주,전자제품,7,87976,0.25,5.0,39.0,615832,153958.0,461874.0
2191,2025-05-13,광주,생활용품,5,28974,0.05,3.0,39.0,144870,7243.5,137626.5
2192,2025-05-30,부산,생활용품,3,18277,0.2,4.0,32.0,54831,10966.2,43864.8
2193,2025-04-15,대구,식품,1,21173,0.3,2.0,64.0,21173,6351.9,14821.1
2194,2025-03-21,서울,전자제품,3,143101,0.25,1.0,31.0,429303,107325.75,321977.25
2195,2025-08-28,서울,의류,4,44450,0.1,3.0,18.0,177800,17780.0,160020.0
2196,2025-10-25,대구,의류,1,71212,0.05,5.0,45.0,71212,3560.6,67651.4
2197,2025-04-17,서울,의류,4,42174,0.2,4.0,51.0,168696,33739.2,134956.8
2198,2025-11-11,광주,전자제품,3,134640,0.2,2.0,42.0,403920,80784.0,323136.0
2199,2025-07-28,부산,생활용품,3,133889,0.25,5.0,40.0,401667,100416.75,301250.25
2200,2025-03-03,서울,식품,7,100063,0.0,4.0,63.0,700441,0.0,700441.0
2201,2025-05-14,대구,의류,7,125153,0.15,3.0,37.0,876071,131410.65,744660.35
2202,2025-01-03,대구,생활용품,5,20252,0.0,5.0,51.0,101260,0.0,101260.0
2203,2025-01-15,광주,의류,5,149994,0.3,4.0,62.0,749970,224991.0,524979.0
2204,2025-05-03,서울,전자제품,4,65473,0.3,2.0,39.0,261892,78567.6,183324.4
2205,2025-06-15,대구,생활용품,1,63072,0.25,1.0,46.0,63072,15768.0,47304.0
2206,2025-10-19,제주,의류,3,33398,0.1,2.0,38.0,100194,10019.4,90174.6
2207,2025-02-19,부산,생활용품,1,132174,0.25,1.0,50.0,132174,33043.5,99130.5
2208,2025-11-03,제주,의류,3,29629,0.15,1.0,47.0,88887,13333.05,75553.95
2209,2025-03-27,광주,생활용품,4,129397,0.2,3.0,63.0,517588,103517.6,414070.4
2210,2025-02-20,대구,생활용품,5,108688,0.05,5.0,31.0,543440,27172.0,516268.0
2211,2025-09-13,제주,전자제품,3,116942,0.15,4.0,26.0,350826,52623.9,298202.1
2212,2025-10-10,제주,전자제품,2,9352,0.3,3.0,40.0,18704,5611.2,13092.8
2213,2025-08-09,부산,전자제품,5,112079,0.05,2.0,50.0,560395,28019.75,532375.25
2214,2025-02-12,제주,생활용품,2,145091,0.1,4.0,33.0,290182,29018.2,261163.8
2215,2025-02-12,서울,전자제품,1,62180,0.1,3.0,70.0,62180,6218.0,55962.0
2216,2025-05-23,서울,식품,5,10000000,0.05,1.0,45.0,50000000,2500000.0,47500000.0
2217,2025-06-14,서울,생활용품,5,21247,0.1,3.0,61.0,106235,10623.5,95611.5
2218,2025-12-31,부산,식품,7,76015,0.2,1.0,46.0,532105,106421.0,425684.0
2219,2025-04-15,제주,전자제품,6,102657,0.0,3.0,38.0,615942,0.0,615942.0
2220,2025-03-12,광주,식품,7,48417,0.05,1.0,62.0,338919,16945.95,321973.05
2221,2025-12-12,광주,전자제품,5,112494,0.25,2.0,26.0,562470,140617.5,421852.5
2222,2025-02-26,서울,식품,6,17414,0.05,5.0,31.0,104484,5224.2,99259.8
2223,2025-01-10,대구,의류,2,102746,0.1,1.0,58.0,205492,20549.2,184942.8
2224,2025-06-04,부산,의류,4,90295,0.2,1.0,65.0,361180,72236.0,288944.0
2225,2025-05-27,대구,의류,7,38305,0.25,2.0,33.0,268135,67033.75,201101.25
2226,2025-08-15,부산,전자제품,6,54989,0.3,5.0,46.0,329934,98980.2,230953.8
2227,2025-11-17,부산,생활용품,3,39790,0.05,5.0,43.0,119370,5968.5,113401.5
2228,2025-12-07,제주,식품,7,95491,0.25,4.0,56.0,668437,167109.25,501327.75
2229,2025-04-16,대구,식품,3,97335,0.25,4.0,44.0,292005,73001.25,219003.75
2230,2025-12-24,대구,의류,1,85587,0.0,5.0,50.0,85587,0.0,85587.0
2231,2025-08-19,서울,전자제품,6,33132,0.3,2.0,53.0,198792,59637.6,139154.4
2232,2025-01-26,광주,식품,3,36452,0.1,3.0,61.0,109356,10935.6,98420.4
2233,2025-12-09,대구,식품,1,122579,0.1,1.0,25.0,122579,12257.9,110321.1
2234,2025-02-20,부산,전자제품,2,71940,0.25,3.0,53.0,143880,35970.0,107910.0
2235,2025-08-03,광주,생활용품,1,68163,0.15,5.0,27.0,68163,10224.45,57938.55
2236,2025-10-16,서울,식품,7,49669,0.05,1.0,18.0,347683,17384.15,330298.85
2237,2025-04-02,대구,전자제품,6,139854,0.1,4.0,55.0,839124,83912.4,755211.6
2238,2025-04-09,제주,식품,7,39760,0.25,3.0,38.0,278320,69580.0,208740.0
2239,2025-06-23,대구,생활용품,2,116480,0.05,5.0,55.0,232960,11648.0,221312.0
2240,2025-11-19,서울,의류,6,116607,0.15,3.0,67.0,699642,104946.3,594695.7
2241,2025-03-23,부산,의류,4,40295,0.25,3.0,24.0,161180,40295.0,120885.0
2242,2025-08-31,서울,생활용품,3,6726,0.3,1.0,41.0,20178,6053.4,14124.6
2243,2025-06-15,대구,전자제품,5,41236,0.25,3.0,23.0,206180,51545.0,154635.0
2244,2025-02-10,부산,의류,7,43988,0.1,5.0,61.0,307916,30791.6,277124.4
2245,2025-09-17,서울,식품,4,113024,0.05,1.0,70.0,452096,22604.8,429491.2
2246,2025-10-31,광주,의류,1,82007,0.3,1.0,64.0,82007,24602.1,57404.9
2247,2025-07-30,서울,생활용품,6,67410,0.2,5.0,70.0,404460,80892.0,323568.0
2248,2025-03-06,부산,전자제품,2,74041,0.1,2.0,35.0,148082,14808.2,133273.8
2249,2025-02-26,제주,전자제품,2,143137,0.3,4.0,32.0,286274,85882.2,200391.8
2250,2025-06-04,서울,생활용품,5,141324,0.25,4.0,63.0,706620,176655.0,529965.0
2251,2025-07-04,부산,식품,6,8711,0.15,3.0,52.0,52266,7839.9,44426.1
2252,2025-07-21,부산,식품,6,0,0.05,3.0,38.0,0,0.0,0.0
2253,2025-03-30,대구,전자제품,7,57381,0.0,4.0,29.0,401667,0.0,401667.0
2254,2025-07-02,부산,식품,7,113983,0.15,2.0,19.0,797881,119682.15,678198.85
2255,2025-04-18,제주,전자제품,1,147814,0.0,1.0,20.0,147814,0.0,147814.0
2256,2025-09-08,서울,전자제품,3,79541,0.1,5.0,54.0,238623,23862.3,214760.7
2257,2025-10-18,제주,전자제품,6,95491,0.2,1.0,31.0,572946,114589.2,458356.8
2258,2025-08-27,대구,전자제품,3,67191,0.0,1.0,61.0,201573,0.0,201573.0
2259,2025-01-01,서울,생활용품,6,15839,0.3,4.0,62.0,95034,28510.2,66523.8
2260,2025-12-29,서울,생활용품,4,10302,0.15,3.0,41.0,41208,6181.2,35026.8
2261,2025-01-09,서울,생활용품,4,57242,0.3,2.0,33.0,228968,68690.4,160277.6
2262,2025-12-31,부산,전자제품,1,124142,0.05,1.0,27.0,124142,6207.1,117934.9
2263,2025-01-12,부산,식품,5,54511,0.15,2.0,31.0,272555,40883.25,231671.75
2264,2025-07-08,광주,식품,7,67453,0.3,1.0,50.0,472171,141651.3,330519.7
2265,2025-02-08,부산,의류,6,82028,0.2,3.0,58.0,492168,98433.6,393734.4
2266,2025-02-04,광주,전자제품,3,51540,0.25,3.0,57.0,154620,38655.0,115965.0
2267,2025-09-07,부산,전자제품,5,76040,0.2,5.0,68.0,380200,76040.0,304160.0
2268,2025-09-23,부산,생활용품,2,92962,0.25,5.0,52.0,185924,46481.0,139443.0
2269,2025-02-13,부산,식품,5,128419,0.1,3.0,44.0,642095,64209.5,577885.5
2270,2025-12-23,부산,생활용품,3,114350,0.15,3.0,36.0,343050,51457.5,291592.5
2271,2025-04-27,제주,전자제품,7,123569,0.0,4.0,35.0,864983,0.0,864983.0
2272,2025-04-27,부산,생활용품,5,80842,0.05,2.0,37.0,404210,20210.5,383999.5
2273,2025-04-19,부산,의류,1,106303,0.0,4.0,64.0,106303,0.0,106303.0
2274,2025-06-18,제주,생활용품,7,26689,0.1,1.0,47.0,186823,18682.3,168140.7
2275,2025-03-06,광주,의류,6,26415,0.25,5.0,29.0,158490,39622.5,118867.5
2276,2025-06-05,서울,생활용품,2,138639,0.05,5.0,28.0,277278,13863.9,263414.1
2277,2025-03-18,제주,식품,2,92592,0.15,5.0,19.0,185184,27777.6,157406.4
2278,2025-01-19,서울,식품,2,21363,0.15,2.0,62.0,42726,6408.9,36317.1
2279,2025-05-15,서울,전자제품,3,64142,0.05,4.0,29.0,192426,9621.3,182804.7
2280,2025-09-03,대구,전자제품,7,145588,0.25,3.0,23.0,1019116,254779.0,764337.0
2281,2025-10-06,광주,생활용품,7,8053,0.25,5.0,33.0,56371,14092.75,42278.25
2282,2025-05-09,서울,식품,4,69159,0.05,1.0,43.0,276636,13831.8,262804.2
2283,2025-04-29,광주,전자제품,3,126352,0.0,2.0,68.0,379056,0.0,379056.0
2284,2025-10-15,서울,식품,3,142261,0.0,1.0,63.0,426783,0.0,426783.0
2285,2025-09-06,광주,식품,7,58454,0.1,5.0,27.0,409178,40917.8,368260.2
2286,2025-10-31,서울,의류,2,137625,0.0,1.0,46.0,275250,0.0,275250.0
2287,2025-11-27,대구,전자제품,6,108825,0.0,1.0,61.0,652950,0.0,652950.0
2288,2025-10-27,광주,전자제품,7,63909,0.15,1.0,58.0,447363,67104.45,380258.55
2289,2025-12-08,부산,의류,6,118027,0.15,5.0,42.0,708162,106224.3,601937.7
2290,2025-06-02,광주,전자제품,6,121004,0.0,3.0,30.0,726024,0.0,726024.0
2291,2025-05-25,광주,식품,7,44886,0.2,1.0,59.0,314202,62840.4,251361.6
2292,2025-04-28,광주,의류,2,18017,0.1,2.0,41.0,36034,3603.4,32430.6
2293,2025-03-27,부산,의류,7,118222,0.05,3.0,30.0,827554,41377.7,786176.3
2294,2025-10-01,광주,전자제품,1,16996,0.0,5.0,55.0,16996,0.0,16996.0
2295,2025-09-18,광주,의류,1,117877,0.25,2.0,64.0,117877,29469.25,88407.75
2296,2025-10-20,부산,전자제품,2,56614,0.0,1.0,65.0,113228,0.0,113228.0
2297,2025-03-03,광주,전자제품,5,106934,0.05,4.0,67.0,534670,26733.5,507936.5
2298,2025-06-29,제주,전자제품,2,93419,0.2,3.0,52.0,186838,37367.6,149470.4
2299,2025-03-23,제주,의류,5,10571,0.2,1.0,58.0,52855,10571.0,42284.0
2300,2025-11-22,광주,의류,1,6351,0.3,3.0,30.0,6351,1905.3,4445.7
2301,2025-04-08,광주,의류,5,96291,0.0,3.0,35.0,481455,0.0,481455.0
2302,2025-02-22,제주,전자제품,2,79700,0.05,2.0,25.0,159400,7970.0,151430.0
2303,2025-07-28,부산,식품,4,11327,0.2,2.0,22.0,45308,9061.6,36246.4
2304,2025-11-17,광주,전자제품,1,146469,0.05,1.0,62.0,146469,7323.45,139145.55
2305,2025-12-01,서울,식품,7,39589,0.1,5.0,42.0,277123,27712.3,249410.7
2306,2025-02-05,부산,전자제품,3,129475,0.1,1.0,47.0,388425,38842.5,349582.5
2307,2025-04-29,제주,의류,5,21930,0.25,3.0,22.0,109650,27412.5,82237.5
2308,2025-02-26,부산,생활용품,4,38708,0.25,1.0,27.0,154832,38708.0,116124.0
2309,2025-04-23,제주,생활용품,5,81688,0.25,5.0,22.0,408440,102110.0,306330.0
2310,2025-07-14,대구,전자제품,4,81570,0.15,2.0,43.0,326280,48942.0,277338.0
2311,2025-04-13,부산,전자제품,1,92543,0.15,5.0,48.0,92543,13881.45,78661.55
2312,2025-01-25,서울,전자제품,6,29854,0.15,1.0,24.0,179124,26868.6,152255.4
2313,2025-07-06,대구,생활용품,5,43312,0.0,2.0,55.0,216560,0.0,216560.0
2314,2025-01-20,대구,생활용품,2,43172,0.15,2.0,23.0,86344,12951.6,73392.4
2315,2025-03-24,대구,전자제품,1,68869,0.05,1.0,62.0,68869,3443.45,65425.55
2316,2025-01-01,서울,생활용품,7,138836,0.3,3.0,66.0,971852,291555.6,680296.4
2317,2025-02-01,부산,의류,3,72053,0.05,3.0,51.0,216159,10807.95,205351.05
2318,2025-06-09,서울,전자제품,7,149678,0.0,3.0,46.0,1047746,0.0,1047746.0
2319,2025-11-07,부산,식품,6,41481,0.3,3.0,56.0,248886,74665.8,174220.2
2320,2025-10-10,제주,식품,7,40171,0.05,1.0,31.0,281197,14059.85,267137.15
2321,2025-02-06,서울,생활용품,5,19655,0.15,2.0,66.0,98275,14741.25,83533.75
2322,2025-01-13,광주,전자제품,2,35750,0.1,3.0,64.0,71500,7150.0,64350.0
2323,2025-05-04,서울,전자제품,1,50199,0.05,4.0,54.0,50199,2509.95,47689.05
2324,2025-08-27,대구,의류,2,60659,0.15,2.0,70.0,121318,18197.7,103120.3
2325,2025-09-30,제주,식품,4,108472,0.25,3.0,34.0,433888,108472.0,325416.0
2326,2025-10-28,부산,식품,5,69649,0.0,5.0,64.0,348245,0.0,348245.0
2327,2025-05-05,서울,생활용품,7,104505,0.2,4.0,19.0,731535,146307.0,585228.0
2328,2025-03-03,대구,생활용품,1,17941,0.3,1.0,57.0,17941,5382.3,12558.7
2329,2025-01-10,부산,의류,5,142310,0.1,2.0,33.0,711550,71155.0,640395.0
2330,2025-02-23,제주,생활용품,1,26417,0.2,1.0,68.0,26417,5283.4,21133.6
2331,2025-01-24,제주,생활용품,4,9851,0.3,5.0,48.0,39404,11821.2,27582.8
2332,2025-11-11,광주,의류,1,66600,0.3,5.0,28.0,66600,19980.0,46620.0
2333,2025-04-08,광주,생활용품,3,99437,0.2,3.0,34.0,298311,59662.2,238648.8
2334,2025-10-28,광주,전자제품,5,39136,0.3,2.0,64.0,195680,58704.0,136976.0
2335,2025-07-21,광주,전자제품,6,28637,0.25,4.0,60.0,171822,42955.5,128866.5
2336,2025-07-16,대구,생활용품,6,127516,0.15,1.0,37.0,765096,114764.4,650331.6
2337,2025-06-15,제주,전자제품,4,124569,0.0,4.0,31.0,498276,0.0,498276.0
2338,2025-10-27,부산,의류,2,113975,0.25,5.0,19.0,227950,56987.5,170962.5
2339,2025-01-16,서울,식품,7,36998,0.1,1.0,24.0,258986,25898.6,233087.4
2340,2025-02-03,광주,생활용품,7,82769,0.25,,19.0,579383,144845.75,434537.25
2341,2025-06-04,광주,의류,7,104983,0.2,1.0,35.0,734881,146976.2,587904.8
2342,2025-05-24,제주,전자제품,6,67731,0.1,4.0,27.0,406386,40638.6,365747.4
2343,2025-07-19,부산,식품,6,30951,0.25,4.0,19.0,185706,46426.5,139279.5
2344,2025-09-27,대구,의류,1,125494,0.2,1.0,59.0,125494,25098.8,100395.2
2345,2025-08-03,대구,생활용품,5,141072,0.25,5.0,64.0,705360,176340.0,529020.0
2346,2025-04-04,부산,생활용품,3,29069,0.3,2.0,65.0,87207,26162.1,61044.9
2347,2025-04-30,광주,생활용품,2,106948,0.05,3.0,62.0,213896,10694.8,203201.2
2348,2025-10-02,대구,생활용품,1,133672,0.25,2.0,24.0,133672,33418.0,100254.0
2349,2025-03-15,광주,생활용품,2,83480,0.0,5.0,26.0,166960,0.0,166960.0
2350,2025-07-04,대구,의류,7,12116,0.2,4.0,62.0,84812,16962.4,67849.6
2351,2025-07-16,부산,식품,7,105129,0.05,5.0,18.0,735903,36795.15,699107.85
2352,2025-10-01,제주,의류,6,138893,0.05,2.0,58.0,833358,41667.9,791690.1
2353,2025-09-18,대구,생활용품,1,42921,0.05,3.0,24.0,42921,2146.05,40774.95
2354,2025-06-19,광주,식품,5,25127,0.25,3.0,20.0,125635,31408.75,94226.25
2355,2025-04-23,대구,생활용품,1,41613,0.1,2.0,59.0,41613,4161.3,37451.7
2356,2025-05-15,부산,의류,5,122755,0.1,5.0,56.0,613775,61377.5,552397.5
2357,2025-05-31,제주,전자제품,1,85793,0.1,5.0,22.0,85793,8579.3,77213.7
2358,2025-03-22,부산,생활용품,2,7616,0.2,5.0,20.0,15232,3046.4,12185.6
2359,2025-08-17,제주,생활용품,1,90216,0.3,3.0,64.0,90216,27064.8,63151.2
2360,2025-03-18,대구,의류,7,123187,0.2,1.0,31.0,862309,172461.8,689847.2
2361,2025-08-25,서울,전자제품,4,31860,0.0,1.0,69.0,127440,0.0,127440.0
2362,2025-10-02,서울,전자제품,7,89690,0.15,3.0,46.0,627830,94174.5,533655.5
2363,2025-12-18,제주,생활용품,1,38185,0.0,5.0,69.0,38185,0.0,38185.0
2364,2025-02-13,대구,전자제품,6,7759,0.05,4.0,66.0,46554,2327.7,44226.3
2365,2025-10-05,부산,식품,4,63096,0.05,4.0,50.0,252384,12619.2,239764.8
2366,2025-02-01,제주,의류,4,117261,0.2,4.0,23.0,469044,93808.8,375235.2
2367,2025-05-04,광주,전자제품,7,102002,0.3,5.0,65.0,714014,214204.2,499809.8
2368,2025-03-06,광주,생활용품,1,19725,0.05,5.0,36.0,19725,986.25,18738.75
2369,2025-03-01,광주,의류,7,31955,0.3,2.0,31.0,223685,67105.5,156579.5
2370,2025-03-06,서울,전자제품,1,83286,0.05,4.0,48.0,83286,4164.3,79121.7
2371,2025-01-17,서울,식품,3,51506,0.1,2.0,36.0,154518,15451.8,139066.2
2372,2025-10-28,광주,식품,1,53140,0.0,4.0,57.0,53140,0.0,53140.0
2373,2025-01-23,서울,전자제품,4,68226,0.0,1.0,32.0,272904,0.0,272904.0
2374,2025-05-26,광주,생활용품,5,115080,0.2,1.0,66.0,575400,115080.0,460320.0
2375,2025-09-13,서울,식품,5,88484,0.1,1.0,23.0,442420,44242.0,398178.0
2376,2025-12-28,부산,의류,6,128717,0.0,3.0,42.0,772302,0.0,772302.0
2377,2025-11-08,광주,의류,6,19815,0.15,5.0,68.0,118890,17833.5,101056.5
2378,2025-02-20,광주,전자제품,7,72320,0.1,3.0,62.0,506240,50624.0,455616.0
2379,2025-12-27,광주,의류,4,84807,0.1,3.0,61.0,339228,33922.8,305305.2
2380,2025-08-27,광주,식품,2,114902,0.3,4.0,50.0,229804,68941.2,160862.8
2381,2025-03-07,서울,전자제품,2,79724,0.1,5.0,48.0,159448,15944.8,143503.2
2382,2025-06-13,제주,식품,2,137911,0.15,3.0,28.0,275822,41373.3,234448.7
2383,2025-12-02,부산,의류,5,126482,0.2,4.0,33.0,632410,126482.0,505928.0
2384,2025-05-24,서울,전자제품,1,104934,0.3,3.0,48.0,104934,31480.2,73453.8
2385,2025-03-09,제주,생활용품,7,62641,0.25,5.0,34.0,438487,109621.75,328865.25
2386,2025-11-16,서울,의류,7,51688,0.15,3.0,34.0,361816,54272.4,307543.6
2387,2025-12-14,대구,식품,2,82356,0.1,5.0,53.0,164712,16471.2,148240.8
2388,2025-12-23,대구,의류,6,72180,0.05,5.0,55.0,433080,21654.0,411426.0
2389,2025-12-15,광주,식품,5,9247,0.0,5.0,44.0,46235,0.0,46235.0
2390,2025-11-15,서울,의류,4,38349,0.25,2.0,33.0,153396,38349.0,115047.0
2391,2025-06-15,서울,전자제품,6,126106,0.25,2.0,27.0,756636,189159.0,567477.0
2392,2025-03-12,대구,의류,5,71469,0.1,4.0,31.0,357345,35734.5,321610.5
2393,2025-08-14,대구,전자제품,3,142711,0.3,5.0,35.0,428133,128439.9,299693.1
2394,2025-03-22,광주,전자제품,4,40654,0.3,4.0,68.0,162616,48784.8,113831.2
2395,2025-06-22,광주,식품,1,145329,0.2,4.0,35.0,145329,29065.8,116263.2
2396,2025-08-28,서울,전자제품,2,122052,0.05,3.0,66.0,244104,12205.2,231898.8
2397,2025-12-12,제주,식품,7,56985,0.15,5.0,46.0,398895,59834.25,339060.75
2398,2025-04-16,대구,전자제품,2,93438,0.25,3.0,41.0,186876,46719.0,140157.0
2399,2025-04-02,제주,전자제품,5,148317,0.15,4.0,32.0,741585,111237.75,630347.25
2400,2025-09-26,제주,전자제품,3,96821,0.15,3.0,58.0,290463,43569.45,246893.55
2401,2025-01-03,서울,생활용품,4,140097,0.15,5.0,62.0,560388,84058.2,476329.8
2402,2025-07-26,대구,의류,2,20988,0.25,4.0,70.0,41976,10494.0,31482.0
2403,2025-09-30,대구,전자제품,4,28716,0.1,5.0,61.0,114864,11486.4,103377.6
2404,2025-07-21,대구,전자제품,4,5211,0.05,1.0,22.0,20844,1042.2,19801.8
2405,2025-05-21,부산,생활용품,5,52166,0.15,2.0,64.0,260830,39124.5,221705.5
2406,2025-10-30,대구,의류,3,119432,0.2,5.0,50.0,358296,71659.2,286636.8
2407,2025-05-16,대구,생활용품,5,144769,0.3,1.0,45.0,723845,217153.5,506691.5
2408,2025-09-17,서울,전자제품,6,83634,0.0,4.0,31.0,501804,0.0,501804.0
2409,2025-06-19,부산,식품,6,66278,0.3,4.0,44.0,397668,119300.4,278367.6
2410,2025-01-10,서울,전자제품,4,140076,0.25,2.0,60.0,560304,140076.0,420228.0
2411,2025-07-13,제주,식품,3,90303,0.2,1.0,49.0,270909,54181.8,216727.2
2412,2025-01-19,광주,전자제품,4,82900,0.05,1.0,23.0,331600,16580.0,315020.0
2413,2025-12-06,부산,전자제품,4,17312,0.05,5.0,58.0,69248,3462.4,65785.6
2414,2025-08-08,부산,의류,7,36128,0.1,1.0,59.0,252896,25289.6,227606.4
2415,2025-05-16,서울,생활용품,3,106170,0.05,4.0,53.0,318510,15925.5,302584.5
2416,2025-06-27,부산,의류,3,106279,0.2,1.0,28.0,318837,63767.4,255069.6
2417,2025-08-15,제주,생활용품,6,76905,0.25,2.0,33.0,461430,115357.5,346072.5
2418,2025-04-05,서울,생활용품,5,106643,0.15,1.0,42.0,533215,79982.25,453232.75
2419,2025-04-16,서울,생활용품,3,105236,0.2,4.0,64.0,315708,63141.6,252566.4
2420,2025-06-02,제주,전자제품,1,14502,0.25,,61.0,14502,3625.5,10876.5
2421,2025-04-05,대구,식품,5,126068,0.3,4.0,23.0,630340,189102.0,441238.0
2422,2025-10-04,서울,의류,6,105580,0.2,5.0,21.0,633480,126696.0,506784.0
2423,2025-02-07,대구,생활용품,7,36812,0.05,4.0,20.0,257684,12884.2,244799.8
2424,2025-10-29,광주,생활용품,4,35816,0.0,4.0,67.0,143264,0.0,143264.0
2425,2025-05-08,부산,의류,4,143917,0.3,5.0,63.0,575668,172700.4,402967.6
2426,2025-07-24,부산,식품,2,41905,0.25,5.0,29.0,83810,20952.5,62857.5
2427,2025-02-27,광주,식품,4,9691,0.25,4.0,66.0,38764,9691.0,29073.0
2428,2025-05-21,대구,전자제품,1,9555,0.1,3.0,44.0,9555,955.5,8599.5
2429,2025-10-03,제주,식품,4,38102,0.05,2.0,34.0,152408,7620.4,144787.6
2430,2025-04-09,부산,전자제품,5,95969,0.2,4.0,56.0,479845,95969.0,383876.0
2431,2025-02-18,부산,생활용품,6,71159,0.2,1.0,21.0,426954,85390.8,341563.2
2432,2025-07-10,서울,전자제품,5,111101,0.05,5.0,24.0,555505,27775.25,527729.75
2433,2025-03-01,광주,식품,6,38648,0.15,5.0,31.0,231888,34783.2,197104.8
2434,2025-04-25,대구,생활용품,5,38421,0.1,2.0,50.0,192105,19210.5,172894.5
2435,2025-06-14,부산,생활용품,6,63613,0.05,4.0,62.0,381678,19083.9,362594.1
2436,2025-07-25,광주,식품,4,119918,0.25,4.0,45.0,479672,119918.0,359754.0
2437,2025-08-22,부산,식품,5,77927,0.15,5.0,41.0,389635,58445.25,331189.75
2438,2025-09-04,서울,의류,5,115495,0.3,5.0,49.0,577475,173242.5,404232.5
2439,2025-11-05,대구,생활용품,5,18589,0.0,4.0,18.0,92945,0.0,92945.0
2440,2025-01-25,대구,생활용품,4,64416,0.3,5.0,53.0,257664,77299.2,180364.8
2441,2025-05-13,대구,의류,6,68424,0.2,2.0,60.0,410544,82108.8,328435.2
2442,2025-01-01,대구,식품,2,14892,0.2,3.0,40.0,29784,5956.8,23827.2
2443,2025-01-04,제주,식품,3,50559,0.1,1.0,52.0,151677,15167.7,136509.3
2444,2025-03-19,부산,의류,4,45627,0.0,5.0,33.0,182508,0.0,182508.0
2445,2025-08-07,부산,생활용품,5,71061,0.05,2.0,67.0,355305,17765.25,337539.75
2446,2025-11-23,대구,전자제품,4,28987,0.15,3.0,27.0,115948,17392.2,98555.8
2447,2025-10-10,서울,생활용품,2,44094,0.1,1.0,25.0,88188,8818.8,79369.2
2448,2025-08-24,서울,식품,6,144029,0.05,2.0,67.0,864174,43208.7,820965.3
2449,2025-10-12,대구,전자제품,4,25738,0.0,4.0,44.0,102952,0.0,102952.0
2450,2025-03-04,대구,전자제품,4,123573,0.2,2.0,39.0,494292,98858.4,395433.6
2451,2025-11-03,광주,식품,7,83715,0.2,3.0,61.0,586005,117201.0,468804.0
2452,2025-11-21,서울,전자제품,4,16364,0.05,3.0,32.0,65456,3272.8,62183.2
2453,2025-02-04,제주,전자제품,2,63122,0.25,4.0,33.0,126244,31561.0,94683.0
2454,2025-06-21,대구,식품,7,79452,0.3,2.0,20.0,556164,166849.2,389314.8
2455,2025-10-30,서울,생활용품,3,45199,0.3,3.0,45.0,135597,40679.1,94917.9
2456,2025-06-23,부산,의류,7,43698,0.05,1.0,57.0,305886,15294.3,290591.7
2457,2025-11-03,부산,전자제품,4,108263,0.1,3.0,70.0,433052,43305.2,389746.8
2458,2025-12-08,대구,의류,2,9657,0.0,1.0,45.0,19314,0.0,19314.0
2459,2025-06-23,대구,식품,3,139593,0.0,4.0,21.0,418779,0.0,418779.0
2460,2025-01-22,대구,의류,7,51734,0.25,5.0,28.0,362138,90534.5,271603.5
2461,2025-05-05,대구,전자제품,7,60339,0.3,3.0,32.0,422373,126711.9,295661.1
2462,2025-03-20,제주,전자제품,1,23499,0.05,5.0,65.0,23499,1174.95,22324.05
2463,2025-06-23,제주,식품,7,132736,0.15,2.0,48.0,929152,139372.8,789779.2
2464,2025-08-02,대구,생활용품,6,37296,0.0,5.0,67.0,223776,0.0,223776.0
2465,2025-06-19,제주,의류,5,121540,0.25,3.0,62.0,607700,151925.0,455775.0
2466,2025-03-13,제주,전자제품,2,52348,0.15,3.0,64.0,104696,15704.4,88991.6
2467,2025-04-20,제주,생활용품,5,9593,0.1,3.0,32.0,47965,4796.5,43168.5
2468,2025-09-06,부산,생활용품,3,64289,0.3,5.0,47.0,192867,57860.1,135006.9
2469,2025-01-10,대구,의류,1,80876,0.0,4.0,21.0,80876,0.0,80876.0
2470,2025-03-20,부산,의류,7,72924,0.05,3.0,37.0,510468,25523.4,484944.6
2471,2025-11-22,서울,전자제품,5,148127,0.25,4.0,34.0,740635,185158.75,555476.25
2472,2025-02-06,서울,의류,1,80429,0.1,3.0,26.0,80429,8042.9,72386.1
2473,2025-06-01,광주,생활용품,3,117959,0.2,5.0,21.0,353877,70775.4,283101.6
2474,2025-03-17,대구,식품,6,58650,0.05,3.0,37.0,351900,17595.0,334305.0
2475,2025-02-08,제주,전자제품,4,26004,0.2,5.0,21.0,104016,20803.2,83212.8
2476,2025-06-04,광주,생활용품,4,77261,0.15,2.0,50.0,309044,46356.6,262687.4
2477,2025-07-10,서울,의류,1,86188,0.0,3.0,32.0,86188,0.0,86188.0
2478,2025-03-06,제주,의류,1,65589,0.1,4.0,30.0,65589,6558.9,59030.1
2479,2025-01-29,대구,의류,7,116156,0.1,3.0,23.0,813092,81309.2,731782.8
2480,2025-02-19,대구,전자제품,7,144844,0.2,3.0,42.0,1013908,202781.6,811126.4
2481,2025-08-26,제주,전자제품,1,16715,0.15,1.0,,16715,2507.25,14207.75
2482,2025-11-11,광주,생활용품,4,14807,0.15,5.0,48.0,59228,8884.2,50343.8
2483,2025-03-07,서울,생활용품,5,44713,0.05,2.0,70.0,223565,11178.25,212386.75
2484,2025-04-27,서울,전자제품,7,89963,0.3,1.0,56.0,629741,188922.3,440818.7
2485,2025-05-06,대구,의류,4,11161,0.25,5.0,24.0,44644,11161.0,33483.0
2486,2025-05-12,서울,의류,7,33079,0.2,1.0,22.0,231553,46310.6,185242.4
2487,2025-03-31,서울,식품,1,64306,0.05,4.0,64.0,64306,3215.3,61090.7
2488,2025-01-21,광주,의류,1,59438,0.2,2.0,63.0,59438,11887.6,47550.4
2489,2025-07-11,서울,생활용품,4,127736,0.05,4.0,37.0,510944,25547.2,485396.8
2490,2025-05-11,서울,생활용품,2,84238,0.15,2.0,42.0,168476,25271.4,143204.6
2491,2025-05-05,대구,전자제품,6,131481,0.05,4.0,37.0,788886,39444.3,749441.7
2492,2025-04-07,서울,식품,3,115173,0.1,5.0,48.0,345519,34551.9,310967.1
2493,2025-12-06,부산,생활용품,3,65042,0.2,3.0,29.0,195126,39025.2,156100.8
2494,2025-08-11,제주,전자제품,4,146771,0.1,3.0,67.0,587084,58708.4,528375.6
2495,2025-06-02,광주,생활용품,7,127339,0.25,4.0,39.0,891373,222843.25,668529.75
2496,2025-03-16,제주,식품,1,76575,0.15,2.0,26.0,76575,11486.25,65088.75
2497,2025-10-20,부산,의류,4,128331,0.3,3.0,33.0,513324,153997.2,359326.8
2498,2025-11-21,광주,식품,3,42262,0.05,4.0,64.0,126786,6339.3,120446.7
2499,2025-01-12,부산,생활용품,1,35190,0.3,1.0,33.0,35190,10557.0,24633.0
2500,2025-12-06,부산,의류,6,119779,0.0,3.0,60.0,718674,0.0,718674.0
2501,2025-09-13,서울,의류,7,119415,0.15,3.0,58.0,835905,125385.75,710519.25
2502,2025-02-06,제주,식품,2,37128,0.1,2.0,70.0,74256,7425.6,66830.4
2503,2025-10-02,서울,전자제품,6,114326,0.25,3.0,26.0,685956,171489.0,514467.0
2504,2025-02-09,부산,생활용품,5,78637,0.0,2.0,38.0,393185,0.0,393185.0
2505,2025-01-19,대구,식품,5,85996,0.05,3.0,62.0,429980,21499.0,408481.0
2506,2025-02-12,대구,전자제품,4,127773,0.05,2.0,24.0,511092,25554.6,485537.4
2507,2025-06-17,부산,생활용품,3,28209,0.3,5.0,19.0,84627,25388.1,59238.9
2508,2025-08-15,부산,전자제품,1,63551,0.15,4.0,18.0,63551,9532.65,54018.35
2509,2025-05-29,부산,의류,1,47035,0.05,4.0,22.0,47035,2351.75,44683.25
2510,2025-02-14,제주,식품,2,85762,0.25,5.0,60.0,171524,42881.0,128643.0
2511,2025-03-14,대구,생활용품,4,27897,0.05,1.0,36.0,111588,5579.4,106008.6
2512,2025-11-08,제주,전자제품,1,22334,0.05,2.0,25.0,22334,1116.7,21217.3
2513,2025-12-18,제주,생활용품,5,105944,0.15,1.0,55.0,529720,79458.0,450262.0
2514,2025-10-03,광주,전자제품,5,13115,0.25,4.0,34.0,65575,16393.75,49181.25
2515,2025-02-07,제주,생활용품,3,65502,0.25,2.0,25.0,196506,49126.5,147379.5
2516,2025-10-27,서울,식품,1,148011,0.0,4.0,70.0,148011,0.0,148011.0
2517,2025-09-10,제주,전자제품,4,149841,0.3,5.0,48.0,599364,179809.2,419554.8
2518,2025-07-12,대구,식품,6,30940,0.3,2.0,41.0,185640,55692.0,129948.0
2519,2025-02-22,광주,전자제품,3,139428,0.1,2.0,66.0,418284,41828.4,376455.6
2520,2025-12-30,부산,식품,6,53654,0.15,3.0,30.0,321924,48288.6,273635.4
2521,2025-06-11,서울,의류,3,33792,0.1,3.0,49.0,101376,10137.6,91238.4
2522,2025-01-17,제주,의류,1,78179,0.15,2.0,57.0,78179,11726.85,66452.15
2523,2025-03-18,대구,의류,5,75817,0.2,2.0,18.0,379085,75817.0,303268.0
2524,2025-05-27,서울,생활용품,7,59298,0.2,2.0,32.0,415086,83017.2,332068.8
2525,2025-01-23,광주,식품,7,66942,0.15,3.0,23.0,468594,70289.1,398304.9
2526,2025-04-29,서울,의류,7,19114,0.15,3.0,46.0,133798,20069.7,113728.3
2527,2025-06-20,대구,전자제품,1,43237,0.15,3.0,54.0,43237,6485.55,36751.45
2528,2025-12-13,광주,식품,1,33552,0.1,2.0,26.0,33552,3355.2,30196.8
2529,2025-02-01,광주,의류,4,140167,0.0,4.0,25.0,560668,0.0,560668.0
2530,2025-07-30,대구,전자제품,7,76550,0.1,3.0,42.0,535850,53585.0,482265.0
2531,2025-12-01,부산,식품,7,84197,0.25,2.0,39.0,589379,147344.75,442034.25
2532,2025-10-22,제주,전자제품,2,68626,0.3,4.0,23.0,137252,41175.6,96076.4
2533,2025-12-04,서울,생활용품,3,133274,0.25,5.0,54.0,399822,99955.5,299866.5
2534,2025-03-04,서울,의류,5,120738,0.3,2.0,58.0,603690,181107.0,422583.0
2535,2025-10-20,서울,의류,7,104985,0.25,3.0,40.0,734895,183723.75,551171.25
2536,2025-12-24,제주,의류,2,50209,0.15,5.0,37.0,100418,15062.7,85355.3
2537,2025-04-30,대구,전자제품,7,49721,0.2,2.0,26.0,348047,69609.4,278437.6
2538,2025-07-02,서울,전자제품,6,141346,0.25,2.0,34.0,848076,212019.0,636057.0
2539,2025-07-13,서울,식품,1,139860,0.05,2.0,44.0,139860,6993.0,132867.0
2540,2025-06-30,서울,전자제품,6,46007,0.05,3.0,70.0,276042,13802.1,262239.9
2541,2025-04-16,제주,식품,5,53785,0.05,3.0,27.0,268925,13446.25,255478.75
2542,2025-12-21,대구,식품,7,53038,0.15,4.0,61.0,371266,55689.9,315576.1
2543,2025-12-16,서울,생활용품,2,118709,0.25,2.0,44.0,237418,59354.5,178063.5
2544,2025-05-19,부산,식품,7,142651,0.15,3.0,47.0,998557,149783.55,848773.45
2545,2025-10-21,광주,전자제품,1,133706,0.3,1.0,33.0,133706,40111.8,93594.2
2546,2025-05-26,대구,생활용품,1,126870,0.1,5.0,68.0,126870,12687.0,114183.0
2547,2025-10-18,제주,전자제품,4,55521,0.15,2.0,21.0,222084,33312.6,188771.4
2548,2025-08-02,서울,전자제품,5,50960,0.3,2.0,29.0,254800,76440.0,178360.0
2549,2025-06-21,서울,식품,2,133903,0.05,1.0,34.0,267806,13390.3,254415.7
2550,2025-02-16,서울,전자제품,2,62316,0.25,2.0,48.0,124632,31158.0,93474.0
2551,2025-08-27,부산,생활용품,3,36225,0.05,5.0,40.0,108675,5433.75,103241.25
2552,2025-04-28,광주,식품,1,127128,0.3,3.0,67.0,127128,38138.4,88989.6
2553,2025-03-21,광주,생활용품,2,74541,0.1,4.0,27.0,149082,14908.2,134173.8
2554,2025-03-12,부산,전자제품,2,17483,0.2,3.0,48.0,34966,6993.2,27972.8
2555,2025-12-25,광주,의류,7,134945,0.2,2.0,43.0,944615,188923.0,755692.0
2556,2025-02-07,광주,전자제품,7,47728,0.1,4.0,34.0,334096,33409.6,300686.4
2557,2025-10-19,서울,전자제품,5,49803,0.15,2.0,19.0,249015,37352.25,211662.75
2558,2025-11-13,광주,식품,5,82076,0.25,4.0,61.0,410380,102595.0,307785.0
2559,2025-01-12,대구,생활용품,1,44182,0.3,5.0,28.0,44182,13254.6,30927.4
2560,2025-08-04,서울,식품,1,125191,0.0,1.0,25.0,125191,0.0,125191.0
2561,2025-07-30,부산,생활용품,3,105289,0.15,1.0,48.0,315867,47380.05,268486.95
2562,2025-05-11,광주,전자제품,7,86869,0.25,4.0,26.0,608083,152020.75,456062.25
2563,2025-09-01,광주,식품,4,34012,0.15,1.0,51.0,136048,20407.2,115640.8
2564,2025-05-30,부산,의류,6,76018,0.0,4.0,56.0,456108,0.0,456108.0
2565,2025-06-10,광주,식품,3,44494,0.0,2.0,30.0,133482,0.0,133482.0
2566,2025-06-07,부산,의류,3,144508,0.25,3.0,21.0,433524,108381.0,325143.0
2567,2025-10-20,대구,의류,6,119941,0.1,4.0,23.0,719646,71964.6,647681.4
2568,2025-08-20,서울,전자제품,4,21879,0.2,2.0,20.0,87516,17503.2,70012.8
2569,2025-05-19,제주,의류,6,81565,0.3,5.0,43.0,489390,146817.0,342573.0
2570,2025-12-05,제주,생활용품,6,118110,0.0,5.0,38.0,708660,0.0,708660.0
2571,2025-10-20,서울,생활용품,6,80878,0.15,2.0,59.0,485268,72790.2,412477.8
2572,2025-12-07,대구,식품,5,23420,0.05,4.0,39.0,117100,5855.0,111245.0
2573,2025-09-24,광주,식품,6,25271,0.25,4.0,52.0,151626,37906.5,113719.5
2574,2025-05-23,대구,생활용품,4,111260,0.15,2.0,42.0,445040,66756.0,378284.0
2575,2025-10-10,부산,생활용품,3,80981,0.3,5.0,40.0,242943,72882.9,170060.1
2576,2025-05-01,제주,생활용품,4,83748,0.1,2.0,57.0,334992,33499.2,301492.8
2577,2025-04-09,부산,생활용품,3,44143,0.05,2.0,44.0,132429,6621.45,125807.55
2578,2025-06-14,부산,식품,1,43373,0.3,4.0,48.0,43373,13011.9,30361.1
2579,2025-12-20,부산,전자제품,3,64050,0.2,1.0,41.0,192150,38430.0,153720.0
2580,2025-07-27,제주,전자제품,4,83784,0.05,5.0,55.0,335136,16756.8,318379.2
2581,2025-05-21,대구,식품,4,72968,0.2,2.0,34.0,291872,58374.4,233497.6
2582,2025-06-18,광주,생활용품,3,132516,0.1,3.0,20.0,397548,39754.8,357793.2
2583,2025-04-17,제주,식품,6,32411,0.0,4.0,40.0,194466,0.0,194466.0
2584,2025-08-29,제주,식품,2,73467,0.05,5.0,34.0,146934,7346.7,139587.3
2585,2025-05-08,제주,생활용품,5,39113,0.25,4.0,65.0,195565,48891.25,146673.75
2586,2025-07-22,제주,전자제품,2,5953,0.0,2.0,69.0,11906,0.0,11906.0
2587,2025-05-15,제주,의류,7,65137,0.1,4.0,29.0,455959,45595.9,410363.1
2588,2025-04-28,제주,의류,5,13207,0.05,2.0,40.0,66035,3301.75,62733.25
2589,2025-12-21,광주,생활용품,4,58956,0.25,3.0,40.0,235824,58956.0,176868.0
2590,2025-05-07,서울,식품,4,96732,0.3,4.0,29.0,386928,116078.4,270849.6
2591,2025-01-26,서울,의류,6,59495,0.25,3.0,18.0,356970,89242.5,267727.5
2592,2025-05-19,광주,생활용품,3,103300,0.25,1.0,70.0,309900,77475.0,232425.0
2593,2025-07-14,부산,생활용품,6,47771,0.0,1.0,52.0,286626,0.0,286626.0
2594,2025-02-04,제주,의류,2,63257,0.3,1.0,,126514,37954.2,88559.8
2595,2025-04-22,제주,의류,6,131898,0.05,1.0,27.0,791388,39569.4,751818.6
2596,2025-03-02,광주,생활용품,7,40203,0.1,4.0,43.0,281421,28142.1,253278.9
2597,2025-07-02,광주,생활용품,2,77633,0.25,1.0,32.0,155266,38816.5,116449.5
2598,2025-09-21,부산,의류,2,108815,0.05,2.0,29.0,217630,10881.5,206748.5
2599,2025-12-20,대구,식품,7,57494,0.05,2.0,68.0,402458,20122.9,382335.1
2600,2025-05-23,제주,의류,3,49103,0.0,1.0,52.0,147309,0.0,147309.0
2601,2025-11-12,제주,전자제품,5,106173,0.1,5.0,34.0,530865,53086.5,477778.5
2602,2025-03-20,부산,의류,2,15731,0.15,1.0,28.0,31462,4719.3,26742.7
2603,2025-10-12,제주,식품,3,43502,0.15,1.0,58.0,130506,19575.9,110930.1
2604,2025-07-25,대구,생활용품,5,64393,0.0,2.0,50.0,321965,0.0,321965.0
2605,2025-10-04,제주,의류,7,36517,0.05,1.0,63.0,255619,12780.95,242838.05
2606,2025-10-03,대구,생활용품,4,83175,0.0,2.0,58.0,332700,0.0,332700.0
2607,2025-07-14,광주,생활용품,1,94811,0.05,1.0,39.0,94811,4740.55,90070.45
2608,2025-04-04,서울,생활용품,3,145017,0.2,2.0,52.0,435051,87010.2,348040.8
2609,2025-07-12,부산,전자제품,5,92251,0.0,1.0,38.0,461255,0.0,461255.0
2610,2025-10-29,광주,생활용품,7,90872,0.05,5.0,22.0,636104,31805.2,604298.8
2611,2025-12-21,제주,식품,6,110251,0.15,4.0,19.0,661506,99225.9,562280.1
2612,2025-12-05,서울,의류,6,35206,0.15,4.0,22.0,211236,31685.4,179550.6
2613,2025-03-08,서울,식품,2,73211,0.3,3.0,66.0,146422,43926.6,102495.4
2614,2025-08-07,광주,식품,4,125668,0.2,4.0,62.0,502672,100534.4,402137.6
2615,2025-02-08,대구,생활용품,5,30460,0.3,5.0,38.0,152300,45690.0,106610.0
2616,2025-09-02,제주,생활용품,4,47265,0.25,1.0,65.0,189060,47265.0,141795.0
2617,2025-12-29,서울,의류,7,36892,0.15,3.0,57.0,258244,38736.6,219507.4
2618,2025-01-20,부산,전자제품,7,144096,0.1,1.0,25.0,1008672,100867.2,907804.8
2619,2025-08-28,서울,전자제품,2,56354,0.0,3.0,29.0,112708,0.0,112708.0
2620,2025-12-12,광주,전자제품,7,52170,0.2,5.0,37.0,365190,73038.0,292152.0
2621,2025-11-06,제주,생활용품,6,123223,0.3,4.0,60.0,739338,221801.4,517536.6
2622,2025-05-24,서울,식품,5,136881,0.1,4.0,52.0,684405,68440.5,615964.5
2623,2025-02-07,부산,전자제품,3,5722,0.1,1.0,38.0,17166,1716.6,15449.4
2624,2025-12-04,제주,의류,6,132449,0.0,5.0,62.0,794694,0.0,794694.0
2625,2025-12-03,서울,생활용품,5,107540,0.2,4.0,35.0,537700,107540.0,430160.0
2626,2025-07-31,제주,의류,7,130279,0.1,2.0,66.0,911953,91195.3,820757.7
2627,2025-12-24,제주,식품,5,17579,0.0,2.0,56.0,87895,0.0,87895.0
2628,2025-01-02,서울,전자제품,7,10710,0.0,3.0,55.0,74970,0.0,74970.0
2629,2025-08-14,서울,생활용품,3,53693,0.1,4.0,22.0,161079,16107.9,144971.1
2630,2025-01-15,광주,전자제품,1,128231,0.15,3.0,25.0,128231,19234.65,108996.35
2631,2025-12-08,서울,생활용품,4,77287,0.15,5.0,70.0,309148,46372.2,262775.8
2632,2025-09-06,대구,전자제품,7,109589,0.25,2.0,58.0,767123,191780.75,575342.25
2633,2025-11-30,서울,전자제품,5,40538,0.15,4.0,31.0,202690,30403.5,172286.5
2634,2025-07-25,대구,식품,5,53473,0.25,5.0,63.0,267365,66841.25,200523.75
2635,2025-01-31,부산,전자제품,5,132297,0.1,4.0,34.0,661485,66148.5,595336.5
2636,2025-01-10,광주,전자제품,5,76064,0.05,2.0,36.0,380320,19016.0,361304.0
2637,2025-05-03,제주,전자제품,1,118047,0.15,3.0,34.0,118047,17707.05,100339.95
2638,2025-09-29,대구,의류,3,97788,0.0,3.0,44.0,293364,0.0,293364.0
2639,2025-02-25,광주,생활용품,1,30457,0.25,2.0,58.0,30457,7614.25,22842.75
2640,2025-11-08,광주,전자제품,3,141813,0.05,1.0,26.0,425439,21271.95,404167.05
2641,2025-03-29,제주,의류,6,142199,0.3,1.0,69.0,853194,255958.2,597235.8
2642,2025-07-01,부산,식품,6,118113,0.3,4.0,34.0,708678,212603.4,496074.6
2643,2025-03-16,부산,식품,2,73077,0.15,2.0,69.0,146154,21923.1,124230.9
2644,2025-06-20,부산,식품,5,67133,0.1,4.0,64.0,335665,33566.5,302098.5
2645,2025-06-15,광주,생활용품,2,48170,0.1,4.0,47.0,96340,9634.0,86706.0
2646,2025-01-02,제주,의류,2,98586,0.15,3.0,22.0,197172,29575.8,167596.2
2647,2025-07-27,부산,의류,7,49954,0.15,2.0,48.0,349678,52451.7,297226.3
2648,2025-10-15,서울,생활용품,5,31951,0.0,5.0,58.0,159755,0.0,159755.0
2649,2025-12-08,광주,의류,2,13800,0.05,1.0,70.0,27600,1380.0,26220.0
2650,2025-05-01,대구,전자제품,1,66472,0.25,2.0,23.0,66472,16618.0,49854.0
2651,2025-11-18,부산,전자제품,1,123228,0.0,4.0,57.0,123228,0.0,123228.0
2652,2025-11-17,서울,식품,4,119739,0.15,5.0,33.0,478956,71843.4,407112.6
2653,2025-12-27,제주,전자제품,1,128164,0.3,3.0,57.0,128164,38449.2,89714.8
2654,2025-05-17,제주,의류,5,92956,0.0,4.0,48.0,464780,0.0,464780.0
2655,2025-11-07,광주,식품,4,130808,0.3,2.0,63.0,523232,156969.6,366262.4
2656,2025-07-26,대구,전자제품,5,118571,0.15,5.0,18.0,592855,88928.25,503926.75
2657,2025-01-22,부산,식품,2,121969,0.1,3.0,44.0,243938,24393.8,219544.2
2658,2025-04-09,대구,생활용품,2,78923,0.2,4.0,53.0,157846,31569.2,126276.8
2659,2025-09-03,서울,생활용품,1,17385,0.25,1.0,38.0,17385,4346.25,13038.75
2660,2025-02-28,부산,생활용품,1,60121,0.15,3.0,34.0,60121,9018.15,51102.85
2661,2025-06-08,대구,생활용품,1,127845,0.0,4.0,35.0,127845,0.0,127845.0
2662,2025-10-10,대구,의류,2,112669,0.3,3.0,57.0,225338,67601.4,157736.6
2663,2025-02-24,서울,생활용품,6,6818,0.0,5.0,29.0,40908,0.0,40908.0
2664,2025-07-01,제주,생활용품,5,18594,0.3,5.0,69.0,92970,27891.0,65079.0
2665,2025-03-20,부산,의류,2,100492,0.15,1.0,29.0,200984,30147.6,170836.4
2666,2025-07-15,대구,식품,7,146898,0.15,5.0,40.0,1028286,154242.9,874043.1
2667,2025-03-29,대구,생활용품,6,111056,0.25,2.0,70.0,666336,166584.0,499752.0
2668,2025-12-19,대구,식품,6,142515,0.3,3.0,19.0,855090,256527.0,598563.0
2669,2025-01-28,제주,전자제품,7,14628,0.05,3.0,35.0,102396,5119.8,97276.2
2670,2025-12-18,광주,전자제품,6,132654,0.25,4.0,62.0,795924,198981.0,596943.0
2671,2025-10-17,제주,의류,7,23601,0.2,3.0,34.0,165207,33041.4,132165.6
2672,2025-11-09,부산,전자제품,3,133221,0.1,3.0,32.0,399663,39966.3,359696.7
2673,2025-11-07,부산,전자제품,6,146268,0.1,3.0,18.0,877608,87760.8,789847.2
2674,2025-03-10,대구,전자제품,1,79103,0.25,2.0,25.0,79103,19775.75,59327.25
2675,2025-12-06,대구,의류,3,82218,0.0,3.0,28.0,246654,0.0,246654.0
2676,2025-08-05,부산,식품,7,77202,0.15,1.0,64.0,540414,81062.1,459351.9
2677,2025-12-18,대구,의류,1,85220,0.25,1.0,46.0,85220,21305.0,63915.0
2678,2025-11-17,서울,의류,4,123912,0.15,4.0,30.0,495648,74347.2,421300.8
2679,2025-07-31,대구,생활용품,3,45815,0.15,2.0,60.0,137445,20616.75,116828.25
2680,2025-05-17,광주,전자제품,1,46072,0.15,4.0,50.0,46072,6910.8,39161.2
2681,2025-02-12,대구,식품,2,145428,0.15,4.0,34.0,290856,43628.4,247227.6
2682,2025-02-06,제주,의류,4,128238,0.25,4.0,31.0,512952,128238.0,384714.0
2683,2025-05-23,제주,식품,5,83344,0.25,3.0,29.0,416720,104180.0,312540.0
2684,2025-10-24,제주,전자제품,5,34127,0.3,3.0,55.0,170635,51190.5,119444.5
2685,2025-07-04,서울,전자제품,1,143551,0.0,4.0,55.0,143551,0.0,143551.0
2686,2025-06-25,제주,식품,3,132471,0.1,2.0,52.0,397413,39741.3,357671.7
2687,2025-03-31,부산,식품,1,52610,0.3,3.0,41.0,52610,15783.0,36827.0
2688,2025-07-26,대구,전자제품,1,83457,0.2,2.0,44.0,83457,16691.4,66765.6
2689,2025-08-21,대구,식품,3,65812,0.1,2.0,65.0,197436,19743.6,177692.4
2690,2025-12-25,부산,의류,5,127266,0.2,1.0,47.0,636330,127266.0,509064.0
2691,2025-09-24,제주,생활용품,3,104648,0.15,1.0,50.0,313944,47091.6,266852.4
2692,2025-08-10,광주,의류,1,76506,0.3,1.0,30.0,76506,22951.8,53554.2
2693,2025-11-29,제주,전자제품,2,145356,0.15,4.0,42.0,290712,43606.8,247105.2
2694,2025-06-05,제주,의류,4,93223,0.15,4.0,19.0,372892,55933.8,316958.2
2695,2025-12-08,대구,전자제품,3,75188,0.2,1.0,42.0,225564,45112.8,180451.2
2696,2025-05-16,광주,전자제품,6,139384,0.05,4.0,60.0,836304,41815.2,794488.8
2697,2025-02-16,대구,의류,5,70219,0.25,4.0,53.0,351095,87773.75,263321.25
2698,2025-06-02,대구,식품,7,65641,0.05,5.0,65.0,459487,22974.35,436512.65
2699,2025-02-16,광주,식품,2,61339,0.0,5.0,36.0,122678,0.0,122678.0
2700,2025-02-13,광주,생활용품,3,36941,0.0,,59.0,110823,0.0,110823.0
2701,2025-11-18,제주,전자제품,1,45493,0.0,3.0,56.0,45493,0.0,45493.0
2702,2025-10-18,광주,전자제품,1,18192,0.0,5.0,55.0,18192,0.0,18192.0
2703,2025-03-22,광주,의류,7,110582,0.0,2.0,60.0,774074,0.0,774074.0
2704,2025-11-02,제주,식품,4,90547,0.1,3.0,43.0,362188,36218.8,325969.2
2705,2025-01-26,서울,생활용품,5,140224,0.3,1.0,36.0,701120,210336.0,490784.0
2706,2025-04-14,광주,전자제품,2,93607,0.0,2.0,48.0,187214,0.0,187214.0
2707,2025-09-15,부산,식품,1,16657,0.2,5.0,38.0,16657,3331.4,13325.6
2708,2025-04-21,대구,전자제품,7,95002,0.3,4.0,54.0,665014,199504.2,465509.8
2709,2025-09-24,광주,전자제품,5,30411,0.25,2.0,63.0,152055,38013.75,114041.25
2710,2025-11-16,부산,식품,5,10389,0.1,5.0,19.0,51945,5194.5,46750.5
2711,2025-01-25,제주,의류,4,101077,0.0,2.0,50.0,404308,0.0,404308.0
2712,2025-01-09,대구,전자제품,3,8975,0.1,2.0,40.0,26925,2692.5,24232.5
2713,2025-12-10,부산,생활용품,3,64319,0.2,3.0,23.0,192957,38591.4,154365.6
2714,2025-07-09,부산,의류,6,134836,0.25,4.0,29.0,809016,202254.0,606762.0
2715,2025-07-04,대구,식품,2,42132,0.0,2.0,61.0,84264,0.0,84264.0
2716,2025-06-19,제주,생활용품,3,105848,0.1,2.0,37.0,317544,31754.4,285789.6
2717,2025-06-08,서울,식품,3,59613,0.2,4.0,22.0,178839,35767.8,143071.2
2718,2025-09-09,대구,전자제품,4,21431,0.25,2.0,57.0,85724,21431.0,64293.0
2719,2025-07-31,제주,생활용품,7,33568,0.1,1.0,30.0,234976,23497.6,211478.4
2720,2025-03-01,대구,전자제품,7,15822,0.25,1.0,37.0,110754,27688.5,83065.5
2721,2025-08-17,대구,생활용품,4,26882,0.25,2.0,28.0,107528,26882.0,80646.0
2722,2025-09-01,부산,생활용품,2,28469,0.1,1.0,57.0,56938,5693.8,51244.2
2723,2025-02-11,서울,생활용품,7,133075,0.15,1.0,66.0,931525,139728.75,791796.25
2724,2025-05-18,광주,식품,3,122004,0.15,4.0,69.0,366012,54901.8,311110.2
2725,2025-10-16,제주,의류,3,56236,0.2,3.0,21.0,168708,33741.6,134966.4
2726,2025-08-14,대구,생활용품,7,109848,0.1,1.0,66.0,768936,76893.6,692042.4
2727,2025-02-19,대구,전자제품,2,34628,0.1,2.0,51.0,69256,6925.6,62330.4
2728,2025-01-15,서울,식품,4,97605,0.1,4.0,61.0,390420,39042.0,351378.0
2729,2025-08-01,제주,식품,7,34349,0.05,5.0,21.0,240443,12022.15,228420.85
2730,2025-06-18,제주,의류,3,97915,0.2,5.0,63.0,293745,58749.0,234996.0
2731,2025-12-17,제주,의류,5,56860,0.3,2.0,35.0,284300,85290.0,199010.0
2732,2025-07-10,부산,생활용품,1,129537,0.1,5.0,38.0,129537,12953.7,116583.3
2733,2025-12-06,광주,식품,7,126084,0.3,3.0,65.0,882588,264776.4,617811.6
2734,2025-03-20,대구,전자제품,3,53351,0.15,2.0,56.0,160053,24007.95,136045.05
2735,2025-06-13,부산,전자제품,5,10966,0.05,3.0,45.0,54830,2741.5,52088.5
2736,2025-02-20,부산,생활용품,4,51723,0.15,1.0,53.0,206892,31033.8,175858.2
2737,2025-07-29,부산,식품,4,45885,0.15,3.0,36.0,183540,27531.0,156009.0
2738,2025-03-10,대구,의류,3,66687,0.0,3.0,70.0,200061,0.0,200061.0
2739,2025-06-29,서울,의류,1,88279,0.15,3.0,21.0,88279,13241.85,75037.15
2740,2025-05-06,광주,생활용품,2,148504,0.05,1.0,48.0,297008,14850.4,282157.6
2741,2025-03-09,대구,전자제품,3,14095,0.25,1.0,20.0,42285,10571.25,31713.75
2742,2025-02-05,제주,전자제품,3,85460,0.15,2.0,40.0,256380,38457.0,217923.0
2743,2025-07-06,부산,의류,2,29886,0.1,5.0,44.0,59772,5977.2,53794.8
2744,2025-12-12,서울,식품,5,84301,0.0,3.0,62.0,421505,0.0,421505.0
2745,2025-03-14,부산,생활용품,6,97342,0.15,3.0,67.0,584052,87607.8,496444.2
2746,2025-05-28,제주,전자제품,7,122391,0.2,4.0,57.0,856737,171347.4,685389.6
2747,2025-03-23,부산,식품,7,86200,0.1,3.0,69.0,603400,60340.0,543060.0
2748,2025-10-23,광주,생활용품,5,30819,0.3,2.0,24.0,154095,46228.5,107866.5
2749,2025-06-01,제주,생활용품,3,137481,0.05,5.0,45.0,412443,20622.15,391820.85
2750,2025-12-22,부산,전자제품,5,63783,0.25,2.0,49.0,318915,79728.75,239186.25
2751,2025-03-31,광주,생활용품,1,74532,0.15,4.0,22.0,74532,11179.8,63352.2
2752,2025-01-30,부산,전자제품,6,97998,0.1,5.0,49.0,587988,58798.8,529189.2
2753,2025-08-01,부산,전자제품,4,43422,0.1,4.0,20.0,173688,17368.8,156319.2
2754,2025-08-26,부산,생활용품,2,148263,0.15,5.0,51.0,296526,44478.9,252047.1
2755,2025-12-28,광주,전자제품,3,11461,0.0,1.0,29.0,34383,0.0,34383.0
2756,2025-11-15,제주,식품,3,27398,0.2,4.0,67.0,82194,16438.8,65755.2
2757,2025-11-19,부산,전자제품,3,148568,0.1,1.0,35.0,445704,44570.4,401133.6
2758,2025-08-20,부산,의류,1,70544,0.2,3.0,49.0,70544,14108.8,56435.2
2759,2025-05-12,제주,전자제품,1,134521,0.15,1.0,50.0,134521,20178.15,114342.85
2760,2025-06-06,대구,식품,3,136310,0.3,4.0,64.0,408930,122679.0,286251.0
2761,2025-02-18,대구,식품,3,148606,0.0,2.0,35.0,445818,0.0,445818.0
2762,2025-06-07,광주,의류,7,110202,0.15,1.0,36.0,771414,115712.1,655701.9
2763,2025-05-14,서울,식품,2,104075,0.15,5.0,54.0,208150,31222.5,176927.5
2764,2025-01-14,제주,전자제품,3,93998,0.05,5.0,21.0,281994,14099.7,267894.3
2765,2025-03-16,부산,식품,7,104081,0.2,1.0,47.0,728567,145713.4,582853.6
2766,2025-07-15,광주,식품,7,42280,0.1,2.0,37.0,295960,29596.0,266364.0
2767,2025-05-15,대구,식품,1,123203,0.25,1.0,69.0,123203,30800.75,92402.25
2768,2025-12-29,광주,의류,1,32145,0.3,4.0,46.0,32145,9643.5,22501.5
2769,2025-06-24,광주,식품,1,74531,0.25,5.0,58.0,74531,18632.75,55898.25
2770,2025-12-16,서울,식품,4,59261,0.2,2.0,62.0,237044,47408.8,189635.2
2771,2025-08-30,서울,생활용품,5,115413,0.25,3.0,25.0,577065,144266.25,432798.75
2772,2025-01-15,제주,식품,3,41990,0.3,4.0,51.0,125970,37791.0,88179.0
2773,2025-03-16,대구,식품,1,34946,0.3,3.0,54.0,34946,10483.8,24462.2
2774,2025-09-15,부산,전자제품,2,122229,0.25,4.0,41.0,244458,61114.5,183343.5
2775,2025-07-18,서울,의류,5,75594,0.3,4.0,28.0,377970,113391.0,264579.0
2776,2025-04-21,서울,의류,3,109502,0.3,4.0,42.0,328506,98551.8,229954.2
2777,2025-07-10,제주,의류,1,132439,0.05,4.0,20.0,132439,6621.95,125817.05
2778,2025-11-26,제주,전자제품,5,126104,0.15,3.0,70.0,630520,94578.0,535942.0
2779,2025-05-22,부산,식품,5,62991,0.1,2.0,22.0,314955,31495.5,283459.5
2780,2025-01-17,부산,식품,4,29807,0.3,4.0,25.0,119228,35768.4,83459.6
2781,2025-04-24,대구,생활용품,7,144203,0.25,1.0,25.0,1009421,252355.25,757065.75
2782,2025-12-08,서울,식품,6,49945,0.3,3.0,28.0,299670,89901.0,209769.0
2783,2025-10-06,대구,식품,1,116536,0.1,,27.0,116536,11653.6,104882.4
2784,2025-11-02,광주,식품,7,116440,0.25,4.0,51.0,815080,203770.0,611310.0
2785,2025-11-29,제주,생활용품,1,69185,0.0,4.0,23.0,69185,0.0,69185.0
2786,2025-02-12,부산,의류,4,28714,0.3,3.0,55.0,114856,34456.8,80399.2
2787,2025-04-14,서울,생활용품,7,73460,0.05,2.0,39.0,514220,25711.0,488509.0
2788,2025-01-22,서울,식품,7,26112,0.15,3.0,38.0,182784,27417.6,155366.4
2789,2025-01-02,부산,생활용품,1,56060,0.25,4.0,45.0,56060,14015.0,42045.0
2790,2025-11-01,광주,생활용품,1,60543,0.25,4.0,19.0,60543,15135.75,45407.25
2791,2025-12-08,서울,의류,2,80151,0.05,5.0,44.0,160302,8015.1,152286.9
2792,2025-02-26,광주,의류,2,32033,0.15,1.0,45.0,64066,9609.9,54456.1
2793,2025-09-21,대구,생활용품,2,127649,0.15,1.0,57.0,255298,38294.7,217003.3
2794,2025-07-15,광주,생활용품,3,16440,0.25,4.0,25.0,49320,12330.0,36990.0
2795,2025-01-26,대구,식품,3,147919,0.1,1.0,,443757,44375.7,399381.3
2796,2025-12-01,서울,의류,5,50352,0.25,1.0,20.0,251760,62940.0,188820.0
2797,2025-11-15,서울,식품,6,75982,0.2,2.0,68.0,455892,91178.4,364713.6
2798,2025-07-27,대구,전자제품,4,131962,0.25,4.0,36.0,527848,131962.0,395886.0
2799,2025-09-16,대구,식품,3,99864,0.3,1.0,30.0,299592,89877.6,209714.4
2800,2025-05-25,제주,생활용품,4,13197,0.1,2.0,25.0,52788,5278.8,47509.2
2801,2025-10-17,제주,생활용품,5,92594,0.15,1.0,31.0,462970,69445.5,393524.5
2802,2025-06-12,서울,생활용품,7,87085,0.25,5.0,41.0,609595,152398.75,457196.25
2803,2025-12-28,부산,생활용품,7,140233,0.25,4.0,69.0,981631,245407.75,736223.25
2804,2025-01-24,부산,의류,2,86636,0.3,1.0,58.0,173272,51981.6,121290.4
2805,2025-03-04,서울,생활용품,7,148858,0.15,2.0,63.0,1042006,156300.9,885705.1
2806,2025-12-20,서울,전자제품,6,81972,0.2,3.0,20.0,491832,98366.4,393465.6
2807,2025-04-16,서울,식품,1,32888,0.0,3.0,48.0,32888,0.0,32888.0
2808,2025-04-24,대구,전자제품,4,78299,0.15,1.0,44.0,313196,46979.4,266216.6
2809,2025-10-16,서울,생활용품,2,138022,0.05,3.0,28.0,276044,13802.2,262241.8
2810,2025-03-11,서울,의류,4,7499,0.25,5.0,44.0,29996,7499.0,22497.0
2811,2025-07-07,서울,생활용품,1,62843,0.0,2.0,48.0,62843,0.0,62843.0
2812,2025-04-15,광주,식품,3,11880,0.25,1.0,18.0,35640,8910.0,26730.0
2813,2025-03-14,광주,식품,5,127076,0.25,2.0,69.0,635380,158845.0,476535.0
2814,2025-12-18,제주,의류,3,79125,0.15,3.0,57.0,237375,35606.25,201768.75
2815,2025-03-14,서울,의류,1,108840,0.2,2.0,67.0,108840,21768.0,87072.0
2816,2025-02-04,부산,식품,3,145405,0.2,1.0,22.0,436215,87243.0,348972.0
2817,2025-09-03,대구,식품,4,125679,0.2,1.0,21.0,502716,100543.2,402172.8
2818,2025-11-13,광주,의류,6,64156,0.2,4.0,67.0,384936,76987.2,307948.8
2819,2025-02-16,서울,전자제품,1,140557,0.05,1.0,67.0,140557,7027.85,133529.15
2820,2025-09-16,부산,전자제품,4,73487,0.2,2.0,51.0,293948,58789.6,235158.4
2821,2025-07-17,대구,전자제품,2,146897,0.3,4.0,28.0,293794,88138.2,205655.8
2822,2025-10-30,서울,전자제품,2,147400,0.1,3.0,33.0,294800,29480.0,265320.0
2823,2025-02-16,부산,전자제품,1,37137,0.1,1.0,60.0,37137,3713.7,33423.3
2824,2025-12-23,광주,전자제품,6,117972,0.1,1.0,67.0,707832,70783.2,637048.8
2825,2025-08-14,대구,전자제품,7,106195,0.3,3.0,53.0,743365,223009.5,520355.5
2826,2025-11-04,대구,생활용품,5,116666,0.3,2.0,39.0,583330,174999.0,408331.0
2827,2025-05-13,대구,전자제품,3,29325,0.1,5.0,61.0,87975,8797.5,79177.5
2828,2025-12-11,제주,의류,7,78187,0.3,1.0,31.0,547309,164192.7,383116.3
2829,2025-08-17,대구,전자제품,4,26962,0.25,1.0,24.0,107848,26962.0,80886.0
2830,2025-02-16,대구,생활용품,4,135198,0.1,3.0,38.0,540792,54079.2,486712.8
2831,2025-12-03,제주,전자제품,5,131633,0.25,5.0,42.0,658165,164541.25,493623.75
2832,2025-10-18,서울,의류,5,89271,0.3,1.0,50.0,446355,133906.5,312448.5
2833,2025-04-20,서울,의류,4,23830,0.3,5.0,54.0,95320,28596.0,66724.0
2834,2025-07-19,대구,생활용품,4,100221,0.15,5.0,56.0,400884,60132.6,340751.4
2835,2025-05-22,부산,의류,3,68696,0.05,3.0,28.0,206088,10304.4,195783.6
2836,2025-07-18,부산,의류,5,119196,0.05,3.0,53.0,595980,29799.0,566181.0
2837,2025-12-19,서울,생활용품,5,19403,0.25,5.0,20.0,97015,24253.75,72761.25
2838,2025-11-25,제주,생활용품,4,63955,0.25,4.0,66.0,255820,63955.0,191865.0
2839,2025-03-20,광주,식품,5,57430,0.2,3.0,41.0,287150,57430.0,229720.0
2840,2025-12-21,광주,생활용품,1,143225,0.0,2.0,68.0,143225,0.0,143225.0
2841,2025-06-09,서울,생활용품,3,48246,0.3,5.0,63.0,144738,43421.4,101316.6
2842,2025-09-15,부산,의류,7,148262,0.0,2.0,28.0,1037834,0.0,1037834.0
2843,2025-10-06,광주,생활용품,6,138692,0.2,2.0,23.0,832152,166430.4,665721.6
2844,2025-06-26,대구,전자제품,6,90135,0.3,5.0,66.0,540810,162243.0,378567.0
2845,2025-06-16,광주,의류,7,30328,0.05,3.0,44.0,212296,10614.8,201681.2
2846,2025-06-16,광주,의류,5,37198,0.15,4.0,23.0,185990,27898.5,158091.5
2847,2025-11-11,대구,생활용품,5,7491,0.25,5.0,50.0,37455,9363.75,28091.25
2848,2025-05-22,광주,전자제품,4,117361,0.05,4.0,68.0,469444,23472.2,445971.8
2849,2025-04-13,부산,생활용품,6,110196,0.0,1.0,49.0,661176,0.0,661176.0
2850,2025-05-12,서울,전자제품,5,51710,0.15,4.0,31.0,258550,38782.5,219767.5
2851,2025-03-13,제주,식품,4,111036,0.25,3.0,35.0,444144,111036.0,333108.0
2852,2025-05-23,서울,의류,1,88680,0.2,1.0,32.0,88680,17736.0,70944.0
2853,2025-02-11,부산,식품,6,0,0.15,1.0,46.0,0,0.0,0.0
2854,2025-02-02,서울,생활용품,3,17572,0.2,5.0,40.0,52716,10543.2,42172.8
2855,2025-09-22,부산,생활용품,3,33837,0.0,1.0,36.0,101511,0.0,101511.0
2856,2025-01-29,부산,전자제품,1,122072,0.1,3.0,27.0,122072,12207.2,109864.8
2857,2025-07-27,서울,식품,2,58600,0.3,5.0,19.0,117200,35160.0,82040.0
2858,2025-10-12,대구,전자제품,1,144068,0.1,5.0,61.0,144068,14406.8,129661.2
2859,2025-09-22,제주,의류,1,132712,0.3,5.0,60.0,132712,39813.6,92898.4
2860,2025-06-12,서울,생활용품,1,18662,0.15,4.0,24.0,18662,2799.3,15862.7
2861,2025-03-12,제주,의류,3,63523,0.3,3.0,30.0,190569,57170.7,133398.3
2862,2025-12-06,대구,전자제품,6,111082,0.2,2.0,41.0,666492,133298.4,533193.6
2863,2025-11-01,대구,전자제품,7,24777,0.1,5.0,49.0,173439,17343.9,156095.1
2864,2025-08-12,대구,전자제품,2,129822,0.3,3.0,66.0,259644,77893.2,181750.8
2865,2025-02-01,부산,식품,3,19236,0.05,2.0,54.0,57708,2885.4,54822.6
2866,2025-01-13,서울,의류,6,20878,0.1,5.0,51.0,125268,12526.8,112741.2
2867,2025-04-26,대구,전자제품,5,83800,0.25,,57.0,419000,104750.0,314250.0
2868,2025-02-27,제주,생활용품,7,40785,0.3,1.0,50.0,285495,85648.5,199846.5
2869,2025-11-11,대구,식품,3,97678,0.05,4.0,67.0,293034,14651.7,278382.3
2870,2025-03-17,대구,의류,2,61821,0.3,3.0,70.0,123642,37092.6,86549.4
2871,2025-04-14,광주,의류,2,44260,0.15,4.0,41.0,88520,13278.0,75242.0
2872,2025-12-23,부산,의류,5,126331,0.1,4.0,19.0,631655,63165.5,568489.5
2873,2025-10-26,서울,식품,1,28125,0.0,4.0,70.0,28125,0.0,28125.0
2874,2025-03-21,대구,식품,4,76548,0.0,2.0,34.0,306192,0.0,306192.0
2875,2025-05-20,제주,식품,3,29430,0.15,2.0,32.0,88290,13243.5,75046.5
2876,2025-07-08,부산,전자제품,7,24859,0.2,2.0,24.0,174013,34802.6,139210.4
2877,2025-08-31,제주,식품,7,34751,0.0,5.0,58.0,243257,0.0,243257.0
2878,2025-12-08,제주,생활용품,4,42174,0.3,4.0,27.0,168696,50608.8,118087.2
2879,2025-11-14,부산,생활용품,5,64745,0.15,2.0,69.0,323725,48558.75,275166.25
2880,2025-12-23,대구,생활용품,3,72770,0.0,5.0,29.0,218310,0.0,218310.0
2881,2025-01-15,광주,식품,6,25120,0.25,4.0,21.0,150720,37680.0,113040.0
2882,2025-03-28,대구,식품,3,10693,0.05,3.0,51.0,32079,1603.95,30475.05
2883,2025-07-25,광주,전자제품,6,18725,0.2,5.0,28.0,112350,22470.0,89880.0
2884,2025-01-18,제주,식품,7,96495,0.2,5.0,32.0,675465,135093.0,540372.0
2885,2025-05-10,광주,의류,2,146223,0.25,3.0,23.0,292446,73111.5,219334.5
2886,2025-02-26,제주,식품,2,8671,0.25,1.0,,17342,4335.5,13006.5
2887,2025-12-07,제주,의류,3,10039,0.3,3.0,29.0,30117,9035.1,21081.9
2888,2025-01-24,제주,전자제품,6,118227,0.0,2.0,57.0,709362,0.0,709362.0
2889,2025-02-24,제주,식품,5,110120,0.1,4.0,31.0,550600,55060.0,495540.0
2890,2025-03-13,부산,식품,2,111409,0.1,1.0,39.0,222818,22281.8,200536.2
2891,2025-02-24,서울,식품,3,30089,0.1,3.0,44.0,90267,9026.7,81240.3
2892,2025-07-27,서울,전자제품,5,130489,0.05,3.0,46.0,652445,32622.25,619822.75
2893,2025-05-13,부산,식품,7,95422,0.05,2.0,61.0,667954,33397.7,634556.3
2894,2025-11-30,광주,생활용품,4,27868,0.3,4.0,25.0,111472,33441.6,78030.4
2895,2025-04-06,대구,생활용품,1,21765,0.3,3.0,30.0,21765,6529.5,15235.5
2896,2025-07-16,대구,식품,1,92375,0.2,2.0,57.0,92375,18475.0,73900.0
2897,2025-08-29,서울,식품,1,117959,0.15,5.0,63.0,117959,17693.85,100265.15
2898,2025-08-17,광주,의류,1,118249,0.15,3.0,40.0,118249,17737.35,100511.65
2899,2025-10-18,부산,식품,3,90192,0.2,1.0,18.0,270576,54115.2,216460.8
2900,2025-03-15,광주,의류,2,79784,0.3,4.0,62.0,159568,47870.4,111697.6
2901,2025-07-05,서울,식품,3,105835,0.1,2.0,50.0,317505,31750.5,285754.5
2902,2025-10-20,부산,생활용품,6,23966,0.15,4.0,45.0,143796,21569.4,122226.6
2903,2025-11-12,서울,의류,4,57910,0.3,4.0,38.0,231640,69492.0,162148.0
2904,2025-08-14,부산,생활용품,6,19344,0.3,4.0,54.0,116064,34819.2,81244.8
2905,2025-08-26,제주,생활용품,4,126636,0.05,5.0,33.0,506544,25327.2,481216.8
2906,2025-11-12,대구,식품,2,92855,0.05,4.0,37.0,185710,9285.5,176424.5
2907,2025-08-17,대구,식품,7,117698,0.05,2.0,58.0,823886,41194.3,782691.7
2908,2025-12-13,부산,전자제품,4,77153,0.0,5.0,37.0,308612,0.0,308612.0
2909,2025-02-16,부산,의류,6,139832,0.2,3.0,68.0,838992,167798.4,671193.6
2910,2025-05-07,광주,의류,1,139787,0.15,4.0,41.0,139787,20968.05,118818.95
2911,2025-02-10,제주,식품,6,94374,0.0,2.0,47.0,566244,0.0,566244.0
2912,2025-02-03,광주,전자제품,6,125907,0.05,5.0,51.0,755442,37772.1,717669.9
2913,2025-06-22,광주,생활용품,2,100638,0.15,5.0,55.0,201276,30191.4,171084.6
2914,2025-03-24,대구,전자제품,6,109944,0.25,5.0,44.0,659664,164916.0,494748.0
2915,2025-05-29,서울,의류,6,40841,0.2,2.0,37.0,245046,49009.2,196036.8
2916,2025-06-09,광주,전자제품,7,147448,0.15,5.0,60.0,1032136,154820.4,877315.6
2917,2025-08-15,제주,전자제품,2,31730,0.05,4.0,55.0,63460,3173.0,60287.0
2918,2025-12-12,대구,생활용품,7,105719,0.1,1.0,20.0,740033,74003.3,666029.7
2919,2025-11-07,서울,의류,6,92989,0.25,5.0,51.0,557934,139483.5,418450.5
2920,2025-05-19,광주,전자제품,3,18392,0.25,3.0,65.0,55176,13794.0,41382.0
2921,2025-04-29,제주,전자제품,3,117323,0.3,3.0,47.0,351969,105590.7,246378.3
2922,2025-10-09,부산,식품,2,16246,0.15,2.0,67.0,32492,4873.8,27618.2
2923,2025-02-15,서울,의류,4,78889,0.05,5.0,38.0,315556,15777.8,299778.2
2924,2025-07-17,광주,식품,7,123301,0.15,1.0,30.0,863107,129466.05,733640.95
2925,2025-06-04,부산,생활용품,6,23153,0.3,2.0,44.0,138918,41675.4,97242.6
2926,2025-03-08,광주,의류,2,57302,0.05,3.0,23.0,114604,5730.2,108873.8
2927,2025-08-14,광주,의류,1,78706,0.25,1.0,21.0,78706,19676.5,59029.5
2928,2025-04-28,부산,식품,1,139022,0.3,2.0,48.0,139022,41706.6,97315.4
2929,2025-03-09,서울,의류,5,60385,0.25,4.0,19.0,301925,75481.25,226443.75
2930,2025-08-27,대구,생활용품,3,22145,0.2,3.0,21.0,66435,13287.0,53148.0
2931,2025-03-05,대구,전자제품,6,24056,0.1,5.0,42.0,144336,14433.6,129902.4
2932,2025-09-03,제주,의류,6,33824,0.25,5.0,30.0,202944,50736.0,152208.0
2933,2025-03-01,부산,생활용품,2,130663,0.05,1.0,27.0,261326,13066.3,248259.7
2934,2025-06-08,부산,식품,5,117110,0.25,2.0,44.0,585550,146387.5,439162.5
2935,2025-10-22,제주,생활용품,6,65579,0.1,5.0,35.0,393474,39347.4,354126.6
2936,2025-03-25,광주,식품,7,127884,0.15,5.0,50.0,895188,134278.2,760909.8
2937,2025-10-08,광주,전자제품,6,138169,0.15,1.0,40.0,829014,124352.1,704661.9
2938,2025-09-21,제주,생활용품,3,130744,0.0,4.0,28.0,392232,0.0,392232.0
2939,2025-11-26,광주,식품,7,5658,0.3,2.0,55.0,39606,11881.8,27724.2
2940,2025-03-03,제주,생활용품,2,19375,0.2,5.0,67.0,38750,7750.0,31000.0
2941,2025-09-19,광주,식품,6,110194,0.2,3.0,56.0,661164,132232.8,528931.2
2942,2025-12-08,대구,식품,3,60361,0.0,1.0,27.0,181083,0.0,181083.0
2943,2025-10-06,서울,의류,7,28037,0.25,2.0,47.0,196259,49064.75,147194.25
2944,2025-03-10,광주,식품,6,98726,0.3,5.0,26.0,592356,177706.8,414649.2
2945,2025-10-28,광주,생활용품,5,56543,0.25,4.0,19.0,282715,70678.75,212036.25
2946,2025-02-09,제주,전자제품,2,138226,0.05,1.0,26.0,276452,13822.6,262629.4
2947,2025-08-03,광주,전자제품,2,88637,0.05,5.0,60.0,177274,8863.7,168410.3
2948,2025-07-01,대구,전자제품,7,39657,0.1,5.0,67.0,277599,27759.9,249839.1
2949,2025-07-13,대구,식품,6,140515,0.0,3.0,49.0,843090,0.0,843090.0
2950,2025-07-09,서울,전자제품,4,92050,0.15,1.0,64.0,368200,55230.0,312970.0
2951,2025-01-12,서울,식품,7,47963,0.15,3.0,39.0,335741,50361.15,285379.85
2952,2025-07-05,서울,전자제품,6,25810,0.15,1.0,19.0,154860,23229.0,131631.0
2953,2025-12-08,제주,생활용품,3,85477,0.3,2.0,65.0,256431,76929.3,179501.7
2954,2025-06-09,광주,전자제품,6,113356,0.2,2.0,56.0,680136,136027.2,544108.8
2955,2025-04-12,부산,생활용품,6,126207,0.1,4.0,52.0,757242,75724.2,681517.8
2956,2025-12-30,대구,생활용품,4,23491,0.25,4.0,21.0,93964,23491.0,70473.0
2957,2025-02-06,대구,의류,1,67657,0.1,1.0,69.0,67657,6765.7,60891.3
2958,2025-06-27,부산,생활용품,6,149998,0.25,5.0,21.0,899988,224997.0,674991.0
2959,2025-07-07,대구,생활용품,3,100826,0.3,4.0,18.0,302478,90743.4,211734.6
2960,2025-06-24,부산,생활용품,3,18378,0.3,4.0,22.0,55134,16540.2,38593.8
2961,2025-12-03,광주,의류,5,137976,0.15,4.0,67.0,689880,103482.0,586398.0
2962,2025-06-03,광주,의류,6,104374,0.15,4.0,61.0,626244,93936.6,532307.4
2963,2025-12-22,서울,식품,1,71720,0.1,4.0,23.0,71720,7172.0,64548.0
2964,2025-01-25,대구,의류,6,117671,0.15,2.0,40.0,706026,105903.9,600122.1
2965,2025-09-25,제주,식품,3,99019,0.3,4.0,46.0,297057,89117.1,207939.9
2966,2025-08-05,제주,전자제품,4,42408,0.3,5.0,47.0,169632,50889.6,118742.4
2967,2025-03-29,광주,생활용품,7,120486,0.2,4.0,28.0,843402,168680.4,674721.6
2968,2025-03-25,광주,의류,2,41950,0.05,3.0,19.0,83900,4195.0,79705.0
2969,2025-09-20,서울,의류,2,38192,0.1,4.0,19.0,76384,7638.4,68745.6
2970,2025-08-21,제주,식품,7,91441,0.05,5.0,65.0,640087,32004.35,608082.65
2971,2025-08-12,광주,생활용품,3,7706,0.05,4.0,50.0,23118,1155.9,21962.1
2972,2025-01-19,제주,의류,7,96419,0.0,4.0,70.0,674933,0.0,674933.0
2973,2025-08-07,제주,전자제품,3,84834,0.25,5.0,63.0,254502,63625.5,190876.5
2974,2025-12-25,부산,생활용품,5,109476,0.25,2.0,30.0,547380,136845.0,410535.0
2975,2025-01-07,서울,생활용품,4,28098,0.05,2.0,22.0,112392,5619.6,106772.4
2976,2025-06-21,광주,생활용품,7,89143,0.2,2.0,52.0,624001,124800.2,499200.8
2977,2025-06-30,대구,식품,4,69036,0.05,2.0,29.0,276144,13807.2,262336.8
2978,2025-11-24,서울,전자제품,4,30297,0.05,4.0,53.0,121188,6059.4,115128.6
2979,2025-04-14,부산,전자제품,4,70527,0.05,3.0,69.0,282108,14105.4,268002.6
2980,2025-06-23,제주,의류,3,139001,0.0,5.0,69.0,417003,0.0,417003.0
2981,2025-09-19,부산,생활용품,4,124521,0.25,4.0,31.0,498084,124521.0,373563.0
2982,2025-01-23,부산,전자제품,4,29158,0.0,4.0,43.0,116632,0.0,116632.0
2983,2025-10-20,광주,의류,6,127777,0.1,5.0,55.0,766662,76666.2,689995.8
2984,2025-10-28,광주,전자제품,1,86960,0.15,5.0,30.0,86960,13044.0,73916.0
2985,2025-09-20,부산,생활용품,4,11840,0.2,1.0,47.0,47360,9472.0,37888.0
2986,2025-08-25,제주,전자제품,4,138401,0.05,5.0,37.0,553604,27680.2,525923.8
2987,2025-09-30,대구,생활용품,6,81259,0.15,5.0,48.0,487554,73133.1,414420.9
2988,2025-10-13,서울,전자제품,5,137381,0.25,2.0,51.0,686905,171726.25,515178.75
2989,2025-11-26,부산,식품,4,19265,0.1,2.0,64.0,77060,7706.0,69354.0
2990,2025-06-06,제주,의류,1,29346,0.3,3.0,43.0,29346,8803.8,20542.2
2991,2025-06-16,서울,생활용품,3,135776,0.15,5.0,33.0,407328,61099.2,346228.8
2992,2025-08-21,서울,식품,2,39597,0.25,4.0,22.0,79194,19798.5,59395.5
2993,2025-03-12,광주,생활용품,2,84656,0.0,3.0,55.0,169312,0.0,169312.0
2994,2025-11-09,대구,전자제품,6,92268,0.25,2.0,60.0,553608,138402.0,415206.0
2995,2025-10-09,부산,식품,4,142503,0.15,5.0,39.0,570012,85501.8,484510.2
2996,2025-08-19,대구,생활용품,6,53889,0.3,4.0,63.0,323334,97000.2,226333.8
2997,2025-04-21,서울,식품,1,114296,0.2,1.0,43.0,114296,22859.2,91436.8
2998,2025-05-07,부산,의류,7,110978,0.25,2.0,43.0,776846,194211.5,582634.5
2999,2025-06-08,부산,식품,4,106632,0.05,5.0,20.0,426528,21326.4,405201.6
3000,2025-08-30,대구,식품,2,80749,0.15,4.0,45.0,161498,24224.7,137273.3
3001,2025-10-11,광주,생활용품,3,15309,0.25,3.0,49.0,45927,11481.75,34445.25
3002,2025-09-03,제주,의류,6,43583,0.25,3.0,44.0,261498,65374.5,196123.5
3003,2025-12-06,서울,의류,5,86338,0.1,1.0,46.0,431690,43169.0,388521.0
3004,2025-12-17,부산,의류,2,64600,0.15,5.0,46.0,129200,19380.0,109820.0
3005,2025-09-15,부산,생활용품,7,31762,0.05,4.0,55.0,222334,11116.7,211217.3
3006,2025-05-16,대구,식품,1,105211,0.15,3.0,23.0,105211,15781.65,89429.35
3007,2025-08-07,대구,생활용품,2,71873,0.15,,46.0,143746,21561.9,122184.1
3008,2025-06-05,제주,의류,6,118846,0.0,3.0,40.0,713076,0.0,713076.0
3009,2025-08-18,제주,생활용품,4,84503,0.3,3.0,36.0,338012,101403.6,236608.4
3010,2025-10-24,광주,생활용품,4,58586,0.2,1.0,41.0,234344,46868.8,187475.2
3011,2025-05-15,서울,전자제품,7,20781,0.05,3.0,53.0,145467,7273.35,138193.65
3012,2025-07-04,서울,식품,6,20222,0.3,5.0,70.0,121332,36399.6,84932.4
3013,2025-01-17,제주,식품,7,78536,0.2,1.0,29.0,549752,109950.4,439801.6
3014,2025-09-26,제주,식품,2,56225,0.2,3.0,20.0,112450,22490.0,89960.0
3015,2025-06-28,부산,식품,6,109141,0.3,5.0,36.0,654846,196453.8,458392.2
3016,2025-06-17,서울,전자제품,2,96418,0.1,3.0,34.0,192836,19283.6,173552.4
3017,2025-07-14,광주,생활용품,6,46224,0.1,,21.0,277344,27734.4,249609.6
3018,2025-03-20,대구,생활용품,4,115176,0.2,5.0,44.0,460704,92140.8,368563.2
3019,2025-08-07,제주,의류,5,87043,0.3,1.0,45.0,435215,130564.5,304650.5
3020,2025-09-29,대구,식품,1,132551,0.25,3.0,62.0,132551,33137.75,99413.25
3021,2025-05-08,광주,생활용품,7,143202,0.25,1.0,55.0,1002414,250603.5,751810.5
3022,2025-02-17,광주,식품,2,144482,0.25,,42.0,288964,72241.0,216723.0
3023,2025-05-22,서울,식품,5,23400,0.0,2.0,52.0,117000,0.0,117000.0
3024,2025-03-14,서울,생활용품,2,81758,0.15,2.0,33.0,163516,24527.4,138988.6
3025,2025-05-17,광주,생활용품,7,9176,0.1,5.0,26.0,64232,6423.2,57808.8
3026,2025-08-17,서울,의류,3,132630,0.1,3.0,46.0,397890,39789.0,358101.0
3027,2025-02-11,부산,전자제품,6,106878,0.25,2.0,44.0,641268,160317.0,480951.0
3028,2025-09-30,광주,전자제품,6,43001,0.1,,33.0,258006,25800.6,232205.4
3029,2025-03-23,부산,생활용품,4,93055,0.25,3.0,65.0,372220,93055.0,279165.0
3030,2025-11-23,서울,식품,1,86150,0.3,2.0,47.0,86150,25845.0,60305.0
3031,2025-09-25,서울,의류,2,83779,0.15,5.0,48.0,167558,25133.7,142424.3
3032,2025-04-10,대구,식품,5,83211,0.05,2.0,54.0,416055,20802.75,395252.25
3033,2025-07-25,광주,식품,4,147704,0.2,4.0,33.0,590816,118163.2,472652.8
3034,2025-02-10,광주,생활용품,5,116461,0.3,3.0,46.0,582305,174691.5,407613.5
3035,2025-02-06,제주,의류,2,63362,0.1,2.0,65.0,126724,12672.4,114051.6
3036,2025-12-15,광주,식품,4,117103,0.05,3.0,50.0,468412,23420.6,444991.4
3037,2025-10-20,광주,식품,1,25445,0.15,1.0,63.0,25445,3816.75,21628.25
3038,2025-02-26,부산,전자제품,4,46375,0.3,3.0,20.0,185500,55650.0,129850.0
3039,2025-04-14,부산,의류,1,22014,0.15,4.0,56.0,22014,3302.1,18711.9
3040,2025-03-14,부산,의류,5,133450,0.15,3.0,52.0,667250,100087.5,567162.5
3041,2025-05-25,서울,전자제품,4,8457,0.15,1.0,65.0,33828,5074.2,28753.8
3042,2025-04-17,제주,식품,6,134267,0.25,3.0,69.0,805602,201400.5,604201.5
3043,2025-04-30,부산,의류,4,125680,0.1,1.0,25.0,502720,50272.0,452448.0
3044,2025-07-13,대구,전자제품,2,142495,0.25,2.0,44.0,284990,71247.5,213742.5
3045,2025-03-11,부산,생활용품,2,116056,0.3,4.0,67.0,232112,69633.6,162478.4
3046,2025-11-19,서울,생활용품,6,71358,0.25,5.0,60.0,428148,107037.0,321111.0
3047,2025-09-23,제주,의류,7,122679,0.3,5.0,23.0,858753,257625.9,601127.1
3048,2025-10-05,부산,전자제품,1,148176,0.25,3.0,47.0,148176,37044.0,111132.0
3049,2025-03-03,서울,의류,5,134413,0.25,2.0,36.0,672065,168016.25,504048.75
3050,2025-09-16,부산,생활용품,4,118812,0.0,5.0,55.0,475248,0.0,475248.0
3051,2025-11-02,서울,전자제품,2,116178,0.1,2.0,45.0,232356,23235.6,209120.4
3052,2025-03-05,제주,생활용품,4,99712,0.05,3.0,34.0,398848,19942.4,378905.6
3053,2025-10-02,서울,생활용품,7,134311,0.3,1.0,40.0,940177,282053.1,658123.9
3054,2025-05-11,부산,전자제품,2,67677,0.05,2.0,69.0,135354,6767.7,128586.3
3055,2025-10-15,부산,전자제품,6,77615,0.3,3.0,37.0,465690,139707.0,325983.0
3056,2025-06-24,서울,의류,1,127153,0.2,4.0,29.0,127153,25430.6,101722.4
3057,2025-10-20,서울,생활용품,6,43055,0.0,5.0,23.0,258330,0.0,258330.0
3058,2025-02-23,대구,생활용품,1,115800,0.2,1.0,26.0,115800,23160.0,92640.0
3059,2025-05-23,부산,의류,1,21005,0.1,3.0,20.0,21005,2100.5,18904.5
3060,2025-04-10,서울,의류,1,89906,0.1,5.0,20.0,89906,8990.6,80915.4
3061,2025-04-01,부산,의류,6,10053,0.3,1.0,46.0,60318,18095.4,42222.6
3062,2025-04-23,부산,의류,5,149587,0.25,3.0,46.0,747935,186983.75,560951.25
3063,2025-05-20,대구,생활용품,5,127091,0.25,4.0,60.0,635455,158863.75,476591.25
3064,2025-02-16,제주,전자제품,2,41172,0.1,1.0,50.0,82344,8234.4,74109.6
3065,2025-09-16,부산,전자제품,7,26779,0.2,4.0,28.0,187453,37490.6,149962.4
3066,2025-07-20,광주,전자제품,6,98054,0.1,3.0,52.0,588324,58832.4,529491.6
3067,2025-10-30,광주,생활용품,4,135735,0.2,4.0,41.0,542940,108588.0,434352.0
3068,2025-09-15,서울,의류,7,51563,0.1,4.0,27.0,360941,36094.1,324846.9
3069,2025-02-24,대구,전자제품,2,144420,0.2,1.0,52.0,288840,57768.0,231072.0
3070,2025-01-26,대구,전자제품,3,71387,0.25,1.0,52.0,214161,53540.25,160620.75
3071,2025-06-04,대구,식품,1,69051,0.1,2.0,40.0,69051,6905.1,62145.9
3072,2025-06-25,서울,전자제품,2,54147,0.0,2.0,26.0,108294,0.0,108294.0
3073,2025-03-29,대구,의류,6,44249,0.0,2.0,19.0,265494,0.0,265494.0
3074,2025-10-13,서울,식품,3,53510,0.3,5.0,58.0,160530,48159.0,112371.0
3075,2025-08-01,제주,식품,5,30078,0.3,4.0,26.0,150390,45117.0,105273.0
3076,2025-10-01,대구,전자제품,7,59640,0.2,2.0,32.0,417480,83496.0,333984.0
3077,2025-02-09,서울,의류,6,47018,0.0,4.0,53.0,282108,0.0,282108.0
3078,2025-10-25,대구,생활용품,3,13218,0.2,1.0,40.0,39654,7930.8,31723.2
3079,2025-03-17,제주,의류,3,57577,0.15,1.0,61.0,172731,25909.65,146821.35
3080,2025-06-13,광주,생활용품,1,10779,0.05,1.0,37.0,10779,538.95,10240.05
3081,2025-06-10,부산,생활용품,6,31242,0.1,3.0,65.0,187452,18745.2,168706.8
3082,2025-10-27,제주,생활용품,7,110114,0.25,4.0,37.0,770798,192699.5,578098.5
3083,2025-04-12,서울,의류,4,8648,0.3,3.0,22.0,34592,10377.6,24214.4
3084,2025-03-29,부산,전자제품,4,50082,0.3,3.0,56.0,200328,60098.4,140229.6
3085,2025-05-04,서울,식품,6,104207,0.05,1.0,52.0,625242,31262.1,593979.9
3086,2025-05-12,제주,식품,3,8076,0.15,4.0,70.0,24228,3634.2,20593.8
3087,2025-03-08,광주,의류,3,111915,0.15,3.0,23.0,335745,50361.75,285383.25
3088,2025-03-06,대구,생활용품,7,16814,0.1,5.0,45.0,117698,11769.8,105928.2
3089,2025-03-26,광주,의류,3,13004,0.15,2.0,55.0,39012,5851.8,33160.2
3090,2025-06-20,부산,식품,7,33398,0.1,1.0,39.0,233786,23378.6,210407.4
3091,2025-05-06,서울,생활용품,2,129751,0.0,3.0,31.0,259502,0.0,259502.0
3092,2025-05-24,제주,의류,4,11990,0.1,1.0,33.0,47960,4796.0,43164.0
3093,2025-09-20,제주,생활용품,4,19315,0.1,1.0,18.0,77260,7726.0,69534.0
3094,2025-03-29,서울,의류,3,142192,0.1,2.0,51.0,426576,42657.6,383918.4
3095,2025-11-29,서울,의류,7,93460,0.2,4.0,59.0,654220,130844.0,523376.0
3096,2025-10-02,대구,식품,4,0,0.2,3.0,41.0,0,0.0,0.0
3097,2025-03-05,서울,식품,7,10860,0.0,5.0,20.0,76020,0.0,76020.0
3098,2025-04-25,광주,식품,2,62133,0.1,1.0,58.0,124266,12426.6,111839.4
3099,2025-03-08,제주,식품,3,88578,0.0,5.0,66.0,265734,0.0,265734.0
3100,2025-04-10,부산,의류,4,82243,0.25,3.0,50.0,328972,82243.0,246729.0
3101,2025-05-14,부산,식품,4,80592,0.3,3.0,22.0,322368,96710.4,225657.6
3102,2025-02-17,제주,전자제품,2,21359,0.15,5.0,39.0,42718,6407.7,36310.3
3103,2025-01-06,부산,전자제품,3,148390,0.3,3.0,48.0,445170,133551.0,311619.0
3104,2025-06-10,부산,생활용품,5,106768,0.2,1.0,68.0,533840,106768.0,427072.0
3105,2025-09-13,서울,식품,2,40028,0.3,2.0,44.0,80056,24016.8,56039.2
3106,2025-04-21,제주,의류,6,145591,0.3,5.0,18.0,873546,262063.8,611482.2
3107,2025-11-11,제주,생활용품,4,48716,0.2,1.0,55.0,194864,38972.8,155891.2
3108,2025-05-15,서울,전자제품,7,23945,0.15,5.0,54.0,167615,25142.25,142472.75
3109,2025-11-25,제주,생활용품,2,134489,0.25,4.0,30.0,268978,67244.5,201733.5
3110,2025-03-28,서울,의류,6,27127,0.05,3.0,39.0,162762,8138.1,154623.9
3111,2025-07-16,서울,의류,4,13825,0.1,2.0,20.0,55300,5530.0,49770.0
3112,2025-10-06,부산,식품,1,96156,0.15,5.0,24.0,96156,14423.4,81732.6
3113,2025-01-22,대구,의류,5,43283,0.05,1.0,34.0,216415,10820.75,205594.25
3114,2025-12-06,제주,전자제품,2,27029,0.15,4.0,22.0,54058,8108.7,45949.3
3115,2025-05-14,광주,식품,1,19841,0.25,2.0,32.0,19841,4960.25,14880.75
3116,2025-07-01,서울,생활용품,4,23277,0.25,2.0,52.0,93108,23277.0,69831.0
3117,2025-08-18,대구,식품,6,144343,0.3,1.0,38.0,866058,259817.4,606240.6
3118,2025-08-23,제주,의류,2,102220,0.3,3.0,25.0,204440,61332.0,143108.0
3119,2025-01-09,광주,생활용품,5,127211,0.1,1.0,51.0,636055,63605.5,572449.5
3120,2025-11-13,부산,의류,1,94705,0.2,1.0,63.0,94705,18941.0,75764.0
3121,2025-08-16,서울,식품,2,83785,0.1,2.0,49.0,167570,16757.0,150813.0
3122,2025-12-31,대구,생활용품,6,36572,0.3,3.0,34.0,219432,65829.6,153602.4
3123,2025-06-22,대구,생활용품,1,145260,0.05,5.0,60.0,145260,7263.0,137997.0
3124,2025-08-12,부산,의류,3,124361,0.05,5.0,36.0,373083,18654.15,354428.85
3125,2025-06-10,서울,전자제품,4,81605,0.3,3.0,18.0,326420,97926.0,228494.0
3126,2025-11-21,서울,식품,1,20261,0.05,3.0,52.0,20261,1013.05,19247.95
3127,2025-10-31,대구,식품,7,115221,0.2,4.0,56.0,806547,161309.4,645237.6
3128,2025-11-28,제주,전자제품,4,53223,0.1,2.0,29.0,212892,21289.2,191602.8
3129,2025-07-04,대구,식품,3,35328,0.05,4.0,37.0,105984,5299.2,100684.8
3130,2025-10-16,대구,전자제품,7,112136,0.2,4.0,18.0,784952,156990.4,627961.6
3131,2025-05-11,제주,의류,4,126385,0.25,4.0,42.0,505540,126385.0,379155.0
3132,2025-06-18,광주,식품,5,94016,0.05,5.0,41.0,470080,23504.0,446576.0
3133,2025-10-05,광주,의류,1,15725,0.3,2.0,31.0,15725,4717.5,11007.5
3134,2025-01-30,대구,식품,2,92010,0.0,1.0,45.0,184020,0.0,184020.0
3135,2025-09-17,광주,의류,1,138236,0.0,3.0,53.0,138236,0.0,138236.0
3136,2025-01-06,대구,의류,4,104510,0.3,2.0,41.0,418040,125412.0,292628.0
3137,2025-07-31,광주,전자제품,6,43493,0.0,1.0,60.0,260958,0.0,260958.0
3138,2025-06-24,광주,식품,7,98737,0.1,1.0,42.0,691159,69115.9,622043.1
3139,2025-06-21,광주,의류,5,41104,0.0,3.0,39.0,205520,0.0,205520.0
3140,2025-06-30,제주,의류,1,131770,0.05,5.0,53.0,131770,6588.5,125181.5
3141,2025-06-29,부산,전자제품,5,127641,0.0,2.0,27.0,638205,0.0,638205.0
3142,2025-05-29,광주,생활용품,5,87471,0.1,3.0,62.0,437355,43735.5,393619.5
3143,2025-06-14,서울,전자제품,5,24612,0.1,1.0,50.0,123060,12306.0,110754.0
3144,2025-07-27,대구,생활용품,6,63186,0.05,1.0,37.0,379116,18955.8,360160.2
3145,2025-10-06,제주,의류,4,22517,0.25,4.0,30.0,90068,22517.0,67551.0
3146,2025-07-21,광주,식품,5,116083,0.0,4.0,59.0,580415,0.0,580415.0
3147,2025-08-23,부산,전자제품,4,103695,0.15,,18.0,414780,62217.0,352563.0
3148,2025-11-02,광주,생활용품,2,42590,0.1,3.0,21.0,85180,8518.0,76662.0
3149,2025-12-28,부산,의류,1,129158,0.2,3.0,50.0,129158,25831.6,103326.4
3150,2025-02-09,대구,생활용품,7,115141,0.1,1.0,43.0,805987,80598.7,725388.3
3151,2025-09-18,부산,생활용품,4,140776,0.15,2.0,27.0,563104,84465.6,478638.4
3152,2025-03-24,광주,전자제품,3,45597,0.25,5.0,37.0,136791,34197.75,102593.25
3153,2025-03-13,서울,의류,3,30332,0.05,2.0,59.0,90996,4549.8,86446.2
3154,2025-10-17,대구,식품,1,74655,0.15,4.0,42.0,74655,11198.25,63456.75
3155,2025-01-26,제주,생활용품,7,43446,0.15,4.0,45.0,304122,45618.3,258503.7
3156,2025-11-06,광주,전자제품,1,112183,0.25,1.0,22.0,112183,28045.75,84137.25
3157,2025-10-09,대구,전자제품,2,66694,0.15,5.0,56.0,133388,20008.2,113379.8
3158,2025-12-30,제주,의류,4,96011,0.25,5.0,25.0,384044,96011.0,288033.0
3159,2025-09-01,서울,의류,3,29907,0.25,4.0,30.0,89721,22430.25,67290.75
3160,2025-11-15,제주,의류,1,17424,0.25,1.0,33.0,17424,4356.0,13068.0
3161,2025-02-13,부산,식품,3,140955,0.2,5.0,40.0,422865,84573.0,338292.0
3162,2025-11-21,제주,식품,6,69751,0.3,1.0,32.0,418506,125551.8,292954.2
3163,2025-02-28,제주,생활용품,2,25207,0.0,3.0,61.0,50414,0.0,50414.0
3164,2025-04-25,광주,생활용품,7,122719,0.15,3.0,38.0,859033,128854.95,730178.05
3165,2025-02-16,광주,생활용품,3,24244,0.25,4.0,19.0,72732,18183.0,54549.0
3166,2025-05-27,광주,식품,1,149531,0.0,1.0,42.0,149531,0.0,149531.0
3167,2025-10-01,부산,생활용품,1,60977,0.25,5.0,24.0,60977,15244.25,45732.75
3168,2025-04-08,서울,식품,6,0,0.0,3.0,29.0,0,0.0,0.0
3169,2025-10-28,부산,생활용품,3,42605,0.25,2.0,49.0,127815,31953.75,95861.25
3170,2025-08-10,대구,생활용품,7,17459,0.05,2.0,50.0,122213,6110.65,116102.35
3171,2025-08-18,광주,전자제품,6,64274,0.2,4.0,53.0,385644,77128.8,308515.2
3172,2025-12-09,부산,생활용품,1,58097,0.25,1.0,37.0,58097,14524.25,43572.75
3173,2025-06-07,대구,의류,3,69967,0.25,2.0,62.0,209901,52475.25,157425.75
3174,2025-05-06,서울,생활용품,6,76039,0.2,5.0,21.0,456234,91246.8,364987.2
3175,2025-12-30,서울,의류,1,96438,0.3,5.0,38.0,96438,28931.4,67506.6
3176,2025-07-23,제주,전자제품,7,15647,0.0,2.0,30.0,109529,0.0,109529.0
3177,2025-08-13,제주,생활용품,2,57573,0.05,3.0,20.0,115146,5757.3,109388.7
3178,2025-04-19,제주,전자제품,6,130318,0.0,3.0,47.0,781908,0.0,781908.0
3179,2025-03-20,부산,생활용품,6,143013,0.25,2.0,21.0,858078,214519.5,643558.5
3180,2025-03-03,대구,전자제품,4,83125,0.3,2.0,50.0,332500,99750.0,232750.0
3181,2025-03-23,광주,생활용품,6,58095,0.3,1.0,63.0,348570,104571.0,243999.0
3182,2025-03-13,부산,식품,7,65337,0.15,5.0,60.0,457359,68603.85,388755.15
3183,2025-09-30,광주,전자제품,6,118418,0.0,2.0,54.0,710508,0.0,710508.0
3184,2025-01-22,광주,전자제품,5,62592,0.05,1.0,31.0,312960,15648.0,297312.0
3185,2025-08-18,대구,식품,3,142012,0.2,4.0,,426036,85207.2,340828.8
3186,2025-12-13,대구,생활용품,3,9104,0.3,1.0,47.0,27312,8193.6,19118.4
3187,2025-10-07,부산,생활용품,7,92863,0.3,5.0,44.0,650041,195012.3,455028.7
3188,2025-05-28,제주,의류,2,80237,0.25,5.0,43.0,160474,40118.5,120355.5
3189,2025-01-22,제주,의류,3,70483,0.3,3.0,25.0,211449,63434.7,148014.3
3190,2025-11-01,제주,식품,4,73959,0.15,1.0,62.0,295836,44375.4,251460.6
3191,2025-01-02,광주,생활용품,3,28035,0.05,1.0,62.0,84105,4205.25,79899.75
3192,2025-09-06,부산,식품,3,55153,0.15,5.0,56.0,165459,24818.85,140640.15
3193,2025-09-02,광주,생활용품,5,56245,0.0,3.0,47.0,281225,0.0,281225.0
3194,2025-03-12,부산,식품,3,100508,0.2,3.0,24.0,301524,60304.8,241219.2
3195,2025-09-28,제주,식품,7,91743,0.1,1.0,51.0,642201,64220.1,577980.9
3196,2025-03-06,부산,식품,2,64600,0.1,5.0,68.0,129200,12920.0,116280.0
3197,2025-03-24,대구,의류,3,80008,0.0,3.0,25.0,240024,0.0,240024.0
3198,2025-10-24,서울,의류,6,87906,0.3,1.0,36.0,527436,158230.8,369205.2
3199,2025-12-24,서울,생활용품,4,11841,0.1,1.0,66.0,47364,4736.4,42627.6
3200,2025-04-07,부산,전자제품,5,133332,0.25,5.0,68.0,666660,166665.0,499995.0
3201,2025-12-03,대구,전자제품,5,134401,0.15,1.0,41.0,672005,100800.75,571204.25
3202,2025-11-30,서울,생활용품,3,57763,0.2,2.0,33.0,173289,34657.8,138631.2
3203,2025-10-08,제주,생활용품,6,115354,0.15,1.0,33.0,692124,103818.6,588305.4
3204,2025-02-21,서울,전자제품,2,62699,0.2,1.0,42.0,125398,25079.6,100318.4
3205,2025-04-20,제주,생활용품,6,14805,0.05,5.0,34.0,88830,4441.5,84388.5
3206,2025-09-05,부산,식품,1,130556,0.3,4.0,47.0,130556,39166.8,91389.2
3207,2025-12-31,부산,생활용품,5,43811,0.1,2.0,22.0,219055,21905.5,197149.5
3208,2025-10-25,서울,생활용품,1,56923,0.0,1.0,,56923,0.0,56923.0
3209,2025-06-03,제주,의류,7,88484,0.3,2.0,18.0,619388,185816.4,433571.6
3210,2025-03-27,광주,전자제품,5,68708,0.0,2.0,55.0,343540,0.0,343540.0
3211,2025-12-17,서울,생활용품,1,43543,0.15,4.0,66.0,43543,6531.45,37011.55
3212,2025-04-11,서울,전자제품,1,121118,0.25,3.0,23.0,121118,30279.5,90838.5
3213,2025-05-05,광주,식품,2,56622,0.1,3.0,66.0,113244,11324.4,101919.6
3214,2025-12-19,제주,의류,7,90821,0.05,1.0,26.0,635747,31787.35,603959.65
3215,2025-07-25,서울,전자제품,5,101496,0.05,1.0,20.0,507480,25374.0,482106.0
3216,2025-04-07,부산,식품,2,140414,0.2,2.0,33.0,280828,56165.6,224662.4
3217,2025-01-02,대구,생활용품,2,74445,0.2,2.0,33.0,148890,29778.0,119112.0
3218,2025-06-06,서울,전자제품,1,73246,0.15,3.0,68.0,73246,10986.9,62259.1
3219,2025-12-26,부산,식품,2,137403,0.15,5.0,23.0,274806,41220.9,233585.1
3220,2025-06-07,서울,전자제품,6,74459,0.1,3.0,69.0,446754,44675.4,402078.6
3221,2025-09-13,대구,의류,5,48187,0.3,2.0,63.0,240935,72280.5,168654.5
3222,2025-04-03,광주,전자제품,3,11224,0.05,3.0,43.0,33672,1683.6,31988.4
3223,2025-10-11,대구,식품,1,52101,0.25,1.0,53.0,52101,13025.25,39075.75
3224,2025-10-11,부산,의류,3,33609,0.25,4.0,46.0,100827,25206.75,75620.25
3225,2025-08-11,대구,전자제품,3,49197,0.0,1.0,66.0,147591,0.0,147591.0
3226,2025-10-09,대구,전자제품,1,83300,0.05,2.0,29.0,83300,4165.0,79135.0
3227,2025-07-31,서울,생활용품,5,81101,0.15,5.0,68.0,405505,60825.75,344679.25
3228,2025-05-19,서울,생활용품,5,32131,0.05,3.0,40.0,160655,8032.75,152622.25
3229,2025-09-27,서울,전자제품,7,72294,0.25,4.0,67.0,506058,126514.5,379543.5
3230,2025-11-01,제주,생활용품,3,70770,0.15,2.0,70.0,212310,31846.5,180463.5
3231,2025-11-03,광주,식품,2,11210,0.25,5.0,62.0,22420,5605.0,16815.0
3232,2025-03-19,서울,전자제품,6,46081,0.0,2.0,59.0,276486,0.0,276486.0
3233,2025-09-04,부산,생활용품,3,109798,0.0,2.0,41.0,329394,0.0,329394.0
3234,2025-01-02,대구,식품,5,8017,0.2,1.0,54.0,40085,8017.0,32068.0
3235,2025-07-28,서울,식품,6,48634,0.25,2.0,30.0,291804,72951.0,218853.0
3236,2025-07-28,제주,전자제품,7,73891,0.3,3.0,32.0,517237,155171.1,362065.9
3237,2025-05-13,제주,생활용품,3,29143,0.25,1.0,57.0,87429,21857.25,65571.75
3238,2025-12-29,부산,식품,5,98709,0.25,1.0,58.0,493545,123386.25,370158.75
3239,2025-11-19,서울,의류,1,0,0.0,2.0,31.0,0,0.0,0.0
3240,2025-01-15,부산,전자제품,6,54044,0.2,4.0,69.0,324264,64852.8,259411.2
3241,2025-03-18,대구,생활용품,1,38382,0.2,3.0,54.0,38382,7676.4,30705.6
3242,2025-03-17,제주,생활용품,5,117597,0.1,1.0,70.0,587985,58798.5,529186.5
3243,2025-11-24,부산,의류,2,36182,0.3,1.0,43.0,72364,21709.2,50654.8
3244,2025-07-09,부산,식품,4,26177,0.3,1.0,49.0,104708,31412.4,73295.6
3245,2025-09-24,부산,의류,1,9786,0.25,2.0,52.0,9786,2446.5,7339.5
3246,2025-10-23,서울,식품,5,18237,0.3,2.0,26.0,91185,27355.5,63829.5
3247,2025-10-08,서울,생활용품,4,131385,0.15,1.0,32.0,525540,78831.0,446709.0
3248,2025-02-02,대구,의류,5,140552,0.25,3.0,69.0,702760,175690.0,527070.0
3249,2025-02-21,광주,전자제품,3,84152,0.0,3.0,53.0,252456,0.0,252456.0
3250,2025-05-25,서울,생활용품,1,138641,0.05,4.0,46.0,138641,6932.05,131708.95
3251,2025-05-04,부산,전자제품,5,107500,0.2,5.0,18.0,537500,107500.0,430000.0
3252,2025-09-30,제주,식품,5,63949,0.0,4.0,20.0,319745,0.0,319745.0
3253,2025-02-27,제주,식품,5,108425,0.25,5.0,47.0,542125,135531.25,406593.75
3254,2025-05-16,광주,전자제품,2,65890,0.05,5.0,22.0,131780,6589.0,125191.0
3255,2025-03-28,대구,생활용품,6,144481,0.1,5.0,25.0,866886,86688.6,780197.4
3256,2025-03-10,대구,생활용품,4,128401,0.05,2.0,48.0,513604,25680.2,487923.8
3257,2025-03-05,부산,전자제품,2,127489,0.15,1.0,68.0,254978,38246.7,216731.3
3258,2025-03-13,부산,식품,1,81926,0.0,1.0,62.0,81926,0.0,81926.0
3259,2025-07-25,부산,식품,3,80151,0.25,5.0,42.0,240453,60113.25,180339.75
3260,2025-05-30,광주,의류,1,21981,0.3,5.0,67.0,21981,6594.3,15386.7
3261,2025-06-08,광주,의류,6,99648,0.25,2.0,50.0,597888,149472.0,448416.0
3262,2025-06-24,광주,의류,1,21656,0.05,4.0,68.0,21656,1082.8,20573.2
3263,2025-09-28,광주,전자제품,1,83369,0.1,3.0,30.0,83369,8336.9,75032.1
3264,2025-11-11,서울,의류,2,24014,0.05,1.0,48.0,48028,2401.4,45626.6
3265,2025-07-12,광주,전자제품,3,74016,0.2,4.0,66.0,222048,44409.6,177638.4
3266,2025-08-23,제주,전자제품,1,118211,0.3,1.0,70.0,118211,35463.3,82747.7
3267,2025-09-27,광주,생활용품,5,49713,0.3,1.0,63.0,248565,74569.5,173995.5
3268,2025-09-09,대구,전자제품,1,92275,0.3,3.0,25.0,92275,27682.5,64592.5
3269,2025-02-19,부산,전자제품,6,42692,0.2,1.0,50.0,256152,51230.4,204921.6
3270,2025-12-25,광주,식품,4,48466,0.05,2.0,23.0,193864,9693.2,184170.8
3271,2025-03-02,대구,의류,1,31508,0.1,4.0,38.0,31508,3150.8,28357.2
3272,2025-05-31,부산,의류,3,28500,0.1,3.0,19.0,85500,8550.0,76950.0
3273,2025-08-27,대구,전자제품,1,58947,0.0,1.0,58.0,58947,0.0,58947.0
3274,2025-05-28,서울,생활용품,7,22902,0.25,2.0,59.0,160314,40078.5,120235.5
3275,2025-03-30,제주,식품,5,134272,0.2,5.0,22.0,671360,134272.0,537088.0
3276,2025-12-04,광주,의류,6,112501,0.3,5.0,66.0,675006,202501.8,472504.2
3277,2025-01-27,부산,전자제품,3,37136,0.25,5.0,62.0,111408,27852.0,83556.0
3278,2025-03-31,광주,생활용품,2,133450,0.2,3.0,62.0,266900,53380.0,213520.0
3279,2025-12-29,서울,식품,2,57972,0.0,3.0,41.0,115944,0.0,115944.0
3280,2025-09-24,부산,생활용품,3,82006,0.15,4.0,67.0,246018,36902.7,209115.3
3281,2025-02-01,광주,식품,6,106353,0.15,5.0,70.0,638118,95717.7,542400.3
3282,2025-10-03,서울,의류,4,117043,0.2,1.0,47.0,468172,93634.4,374537.6
3283,2025-12-20,광주,의류,7,6123,0.15,5.0,38.0,42861,6429.15,36431.85
3284,2025-02-05,제주,전자제품,3,46053,0.25,4.0,58.0,138159,34539.75,103619.25
3285,2025-06-01,대구,전자제품,2,53806,0.0,1.0,20.0,107612,0.0,107612.0
3286,2025-06-20,부산,식품,4,89921,0.0,5.0,35.0,359684,0.0,359684.0
3287,2025-02-17,광주,전자제품,1,131499,0.3,1.0,18.0,131499,39449.7,92049.3
3288,2025-03-15,부산,의류,5,68516,0.15,1.0,58.0,342580,51387.0,291193.0
3289,2025-03-05,광주,전자제품,1,72207,0.25,2.0,20.0,72207,18051.75,54155.25
3290,2025-03-09,광주,의류,5,17715,0.3,3.0,57.0,88575,26572.5,62002.5
3291,2025-05-28,서울,전자제품,3,81284,0.0,3.0,47.0,243852,0.0,243852.0
3292,2025-06-19,서울,전자제품,3,75668,0.2,2.0,41.0,227004,45400.8,181603.2
3293,2025-03-28,서울,식품,5,97319,0.05,4.0,51.0,486595,24329.75,462265.25
3294,2025-04-16,서울,의류,5,127784,0.05,3.0,20.0,638920,31946.0,606974.0
3295,2025-03-12,부산,식품,7,87242,0.05,1.0,60.0,610694,30534.7,580159.3
3296,2025-10-18,서울,식품,3,12508,0.25,5.0,32.0,37524,9381.0,28143.0
3297,2025-03-19,제주,식품,6,123500,0.0,2.0,62.0,741000,0.0,741000.0
3298,2025-11-28,제주,식품,6,74180,0.2,4.0,64.0,445080,89016.0,356064.0
3299,2025-07-16,서울,식품,7,75543,0.1,2.0,47.0,528801,52880.1,475920.9
3300,2025-10-20,부산,생활용품,7,131624,0.05,4.0,49.0,921368,46068.4,875299.6
3301,2025-08-21,광주,의류,6,90521,0.05,2.0,66.0,543126,27156.3,515969.7
3302,2025-04-08,광주,식품,3,119561,0.1,2.0,39.0,358683,35868.3,322814.7
3303,2025-08-08,대구,의류,5,132618,0.1,1.0,39.0,663090,66309.0,596781.0
3304,2025-04-11,제주,의류,6,76550,0.1,5.0,68.0,459300,45930.0,413370.0
3305,2025-02-13,광주,생활용품,3,147456,0.15,4.0,39.0,442368,66355.2,376012.8
3306,2025-04-03,광주,의류,6,29845,0.3,4.0,37.0,179070,53721.0,125349.0
3307,2025-04-11,대구,전자제품,5,131334,0.15,4.0,18.0,656670,98500.5,558169.5
3308,2025-02-19,대구,의류,4,128037,0.05,1.0,35.0,512148,25607.4,486540.6
3309,2025-01-09,부산,생활용품,7,19459,0.2,3.0,31.0,136213,27242.6,108970.4
3310,2025-12-11,대구,전자제품,1,27204,0.25,5.0,58.0,27204,6801.0,20403.0
3311,2025-07-07,제주,전자제품,5,10357,0.2,2.0,44.0,51785,10357.0,41428.0
3312,2025-05-27,부산,의류,6,45139,0.15,1.0,36.0,270834,40625.1,230208.9
3313,2025-12-06,서울,생활용품,1,148766,0.2,5.0,67.0,148766,29753.2,119012.8
3314,2025-03-24,대구,식품,3,23020,0.3,1.0,41.0,69060,20718.0,48342.0
3315,2025-05-28,광주,의류,4,9894,0.0,4.0,40.0,39576,0.0,39576.0
3316,2025-11-06,제주,의류,2,71556,0.3,5.0,56.0,143112,42933.6,100178.4
3317,2025-08-19,대구,의류,7,56257,0.3,4.0,31.0,393799,118139.7,275659.3
3318,2025-05-26,광주,전자제품,5,96234,0.3,1.0,40.0,481170,144351.0,336819.0
3319,2025-04-04,부산,식품,2,92945,0.15,5.0,55.0,185890,27883.5,158006.5
3320,2025-01-13,대구,생활용품,4,124932,0.25,1.0,35.0,499728,124932.0,374796.0
3321,2025-02-01,대구,생활용품,1,65165,0.0,5.0,40.0,65165,0.0,65165.0
3322,2025-03-01,부산,생활용품,1,71894,0.1,1.0,18.0,71894,7189.4,64704.6
3323,2025-10-15,광주,전자제품,6,8281,0.3,3.0,60.0,49686,14905.8,34780.2
3324,2025-08-22,제주,식품,7,145755,0.05,5.0,63.0,1020285,51014.25,969270.75
3325,2025-06-08,부산,전자제품,2,35920,0.25,2.0,53.0,71840,17960.0,53880.0
3326,2025-10-13,서울,식품,2,91399,0.1,1.0,45.0,182798,18279.8,164518.2
3327,2025-02-28,제주,생활용품,5,132696,0.2,1.0,65.0,663480,132696.0,530784.0
3328,2025-03-18,제주,식품,4,92640,0.2,2.0,63.0,370560,74112.0,296448.0
3329,2025-05-24,제주,전자제품,1,95682,0.3,2.0,42.0,95682,28704.6,66977.4
3330,2025-12-01,부산,의류,5,30416,0.1,2.0,50.0,152080,15208.0,136872.0
3331,2025-08-13,광주,생활용품,2,107808,0.25,3.0,67.0,215616,53904.0,161712.0
3332,2025-11-07,광주,의류,1,32567,0.15,2.0,28.0,32567,4885.05,27681.95
3333,2025-04-01,광주,생활용품,4,105310,0.1,3.0,59.0,421240,42124.0,379116.0
3334,2025-11-06,제주,의류,6,88611,0.0,2.0,37.0,531666,0.0,531666.0
3335,2025-01-27,제주,의류,4,75987,0.0,2.0,22.0,303948,0.0,303948.0
3336,2025-03-25,대구,생활용품,5,109528,0.25,5.0,40.0,547640,136910.0,410730.0
3337,2025-07-10,서울,식품,2,109368,0.0,4.0,45.0,218736,0.0,218736.0
3338,2025-01-19,서울,식품,4,34682,0.0,4.0,57.0,138728,0.0,138728.0
3339,2025-11-10,제주,의류,5,59456,0.05,2.0,26.0,297280,14864.0,282416.0
3340,2025-11-13,제주,의류,4,75183,0.1,5.0,47.0,300732,30073.2,270658.8
3341,2025-07-17,서울,식품,2,27005,0.05,2.0,53.0,54010,2700.5,51309.5
3342,2025-04-22,부산,식품,7,56649,0.2,4.0,51.0,396543,79308.6,317234.4
3343,2025-02-06,부산,전자제품,1,11004,0.25,4.0,62.0,11004,2751.0,8253.0
3344,2025-08-14,부산,의류,7,68621,0.15,2.0,57.0,480347,72052.05,408294.95
3345,2025-07-16,광주,전자제품,6,34833,0.2,4.0,42.0,208998,41799.6,167198.4
3346,2025-10-05,대구,식품,1,37209,0.3,1.0,32.0,37209,11162.7,26046.3
3347,2025-08-08,대구,식품,2,123667,0.3,2.0,64.0,247334,74200.2,173133.8
3348,2025-02-16,대구,생활용품,3,25404,0.2,3.0,64.0,76212,15242.4,60969.6
3349,2025-02-14,광주,식품,7,22504,0.0,4.0,24.0,157528,0.0,157528.0
3350,2025-10-13,광주,전자제품,4,51472,0.25,2.0,42.0,205888,51472.0,154416.0
3351,2025-02-28,서울,의류,2,8406,0.25,4.0,57.0,16812,4203.0,12609.0
3352,2025-12-09,서울,전자제품,7,130993,0.1,4.0,53.0,916951,91695.1,825255.9
3353,2025-02-08,부산,식품,1,148103,0.05,5.0,64.0,148103,7405.15,140697.85
3354,2025-09-23,대구,식품,6,121758,0.0,1.0,29.0,730548,0.0,730548.0
3355,2025-12-22,제주,전자제품,6,10000000,0.05,3.0,67.0,60000000,3000000.0,57000000.0
3356,2025-06-11,제주,생활용품,3,19739,0.25,4.0,30.0,59217,14804.25,44412.75
3357,2025-01-21,광주,식품,1,85412,0.3,3.0,23.0,85412,25623.6,59788.4
3358,2025-11-16,서울,의류,7,17732,0.05,2.0,56.0,124124,6206.2,117917.8
3359,2025-03-10,서울,생활용품,7,48617,0.1,3.0,67.0,340319,34031.9,306287.1
3360,2025-07-12,대구,식품,3,76478,0.25,3.0,36.0,229434,57358.5,172075.5
3361,2025-12-26,대구,생활용품,2,103820,0.0,3.0,26.0,207640,0.0,207640.0
3362,2025-09-29,광주,식품,2,45220,0.3,5.0,64.0,90440,27132.0,63308.0
3363,2025-01-17,서울,생활용품,1,42143,0.0,3.0,23.0,42143,0.0,42143.0
3364,2025-10-27,제주,식품,5,124397,0.05,2.0,53.0,621985,31099.25,590885.75
3365,2025-02-28,대구,전자제품,4,37513,0.0,1.0,24.0,150052,0.0,150052.0
3366,2025-10-01,대구,생활용품,3,75496,0.25,1.0,53.0,226488,56622.0,169866.0
3367,2025-08-15,서울,생활용품,5,46588,0.1,3.0,24.0,232940,23294.0,209646.0
3368,2025-04-16,제주,생활용품,5,128643,0.15,2.0,38.0,643215,96482.25,546732.75
3369,2025-06-04,대구,전자제품,1,82553,0.15,1.0,42.0,82553,12382.95,70170.05
3370,2025-02-13,부산,생활용품,3,20688,0.1,2.0,65.0,62064,6206.4,55857.6
3371,2025-12-27,부산,식품,7,26453,0.25,2.0,55.0,185171,46292.75,138878.25
3372,2025-03-28,부산,생활용품,6,145662,0.15,3.0,68.0,873972,131095.8,742876.2
3373,2025-04-23,서울,생활용품,6,141350,0.25,1.0,46.0,848100,212025.0,636075.0
3374,2025-07-03,제주,전자제품,7,116230,0.2,5.0,31.0,813610,162722.0,650888.0
3375,2025-09-03,제주,식품,1,16238,0.2,5.0,40.0,16238,3247.6,12990.4
3376,2025-07-04,제주,식품,2,111122,0.3,5.0,45.0,222244,66673.2,155570.8
3377,2025-07-04,부산,식품,4,100815,0.15,1.0,47.0,403260,60489.0,342771.0
3378,2025-08-01,대구,의류,4,141332,0.1,4.0,66.0,565328,56532.8,508795.2
3379,2025-11-10,대구,식품,6,75514,0.25,1.0,65.0,453084,113271.0,339813.0
3380,2025-05-25,대구,의류,6,73194,0.2,4.0,23.0,439164,87832.8,351331.2
3381,2025-10-31,대구,의류,5,96728,0.15,4.0,60.0,483640,72546.0,411094.0
3382,2025-10-15,대구,전자제품,2,26589,0.1,2.0,33.0,53178,5317.8,47860.2
3383,2025-12-17,광주,전자제품,5,113088,0.3,3.0,49.0,565440,169632.0,395808.0
3384,2025-11-30,서울,의류,6,77051,0.05,5.0,68.0,462306,23115.3,439190.7
3385,2025-10-19,서울,전자제품,6,32246,0.0,1.0,64.0,193476,0.0,193476.0
3386,2025-04-01,제주,전자제품,5,123208,0.2,3.0,43.0,616040,123208.0,492832.0
3387,2025-10-10,제주,의류,1,43348,0.0,2.0,20.0,43348,0.0,43348.0
3388,2025-09-26,제주,식품,2,129634,0.25,1.0,68.0,259268,64817.0,194451.0
3389,2025-04-16,부산,전자제품,6,44554,0.25,4.0,66.0,267324,66831.0,200493.0
3390,2025-09-05,대구,식품,7,75839,0.25,5.0,38.0,530873,132718.25,398154.75
3391,2025-04-03,서울,의류,6,68333,0.05,3.0,25.0,409998,20499.9,389498.1
3392,2025-07-10,부산,생활용품,3,111184,0.3,3.0,45.0,333552,100065.6,233486.4
3393,2025-10-18,광주,생활용품,5,31999,0.0,3.0,60.0,159995,0.0,159995.0
3394,2025-03-10,부산,의류,2,40808,0.0,1.0,42.0,81616,0.0,81616.0
3395,2025-05-03,대구,생활용품,5,32907,0.1,2.0,19.0,164535,16453.5,148081.5
3396,2025-10-18,서울,의류,2,38429,0.15,4.0,42.0,76858,11528.7,65329.3
3397,2025-06-15,대구,식품,6,70667,0.2,3.0,45.0,424002,84800.4,339201.6
3398,2025-12-17,광주,생활용품,6,90008,0.1,2.0,66.0,540048,54004.8,486043.2
3399,2025-01-03,대구,식품,1,130232,0.3,1.0,60.0,130232,39069.6,91162.4
3400,2025-09-21,대구,생활용품,7,66154,0.25,1.0,54.0,463078,115769.5,347308.5
3401,2025-10-25,제주,생활용품,6,64437,0.05,3.0,39.0,386622,19331.1,367290.9
3402,2025-12-02,부산,식품,3,28352,0.0,2.0,68.0,85056,0.0,85056.0
3403,2025-02-27,부산,의류,4,19344,0.2,4.0,30.0,77376,15475.2,61900.8
3404,2025-12-26,광주,생활용품,1,115398,0.05,3.0,35.0,115398,5769.9,109628.1
3405,2025-05-24,대구,생활용품,7,96767,0.05,1.0,62.0,677369,33868.45,643500.55
3406,2025-05-09,제주,전자제품,1,82161,0.25,2.0,70.0,82161,20540.25,61620.75
3407,2025-05-10,서울,생활용품,7,69394,0.05,1.0,61.0,485758,24287.9,461470.1
3408,2025-08-21,서울,의류,5,80457,0.1,1.0,55.0,402285,40228.5,362056.5
3409,2025-08-29,부산,전자제품,7,127626,0.3,4.0,67.0,893382,268014.6,625367.4
3410,2025-06-22,대구,전자제품,3,32450,0.2,2.0,24.0,97350,19470.0,77880.0
3411,2025-01-26,제주,의류,7,77324,0.2,5.0,53.0,541268,108253.6,433014.4
3412,2025-12-27,대구,식품,3,39965,0.3,2.0,39.0,119895,35968.5,83926.5
3413,2025-03-23,대구,전자제품,3,20211,0.25,2.0,49.0,60633,15158.25,45474.75
3414,2025-02-04,서울,의류,3,105443,0.15,3.0,31.0,316329,47449.35,268879.65
3415,2025-08-07,대구,의류,7,107208,0.2,2.0,43.0,750456,150091.2,600364.8
3416,2025-05-31,대구,전자제품,4,128526,0.15,3.0,30.0,514104,77115.6,436988.4
3417,2025-08-13,대구,식품,4,8107,0.1,1.0,52.0,32428,3242.8,29185.2
3418,2025-11-16,광주,식품,5,30695,0.3,1.0,67.0,153475,46042.5,107432.5
3419,2025-02-05,대구,생활용품,4,88309,0.2,5.0,21.0,353236,70647.2,282588.8
3420,2025-04-14,서울,의류,4,122790,0.25,2.0,68.0,491160,122790.0,368370.0
3421,2025-07-08,서울,전자제품,3,141304,0.1,1.0,52.0,423912,42391.2,381520.8
3422,2025-10-15,서울,의류,2,119274,0.05,2.0,18.0,238548,11927.4,226620.6
3423,2025-08-08,광주,생활용품,7,136214,0.0,3.0,48.0,953498,0.0,953498.0
3424,2025-05-20,제주,전자제품,4,123163,0.25,3.0,25.0,492652,123163.0,369489.0
3425,2025-08-11,제주,생활용품,7,50780,0.15,4.0,60.0,355460,53319.0,302141.0
3426,2025-12-24,부산,전자제품,4,89353,0.15,5.0,32.0,357412,53611.8,303800.2
3427,2025-06-25,서울,의류,5,97133,0.0,2.0,21.0,485665,0.0,485665.0
3428,2025-11-19,광주,식품,4,56017,0.25,2.0,62.0,224068,56017.0,168051.0
3429,2025-10-12,서울,의류,7,133408,0.05,1.0,46.0,933856,46692.8,887163.2
3430,2025-04-20,광주,생활용품,1,116798,0.2,1.0,50.0,116798,23359.6,93438.4
3431,2025-04-02,부산,생활용품,4,79940,0.1,1.0,62.0,319760,31976.0,287784.0
3432,2025-10-09,제주,생활용품,2,74592,0.05,1.0,47.0,149184,7459.2,141724.8
3433,2025-03-17,광주,생활용품,7,119933,0.05,3.0,60.0,839531,41976.55,797554.45
3434,2025-05-03,광주,식품,4,37170,0.25,4.0,49.0,148680,37170.0,111510.0
3435,2025-03-27,대구,식품,7,36693,0.0,5.0,19.0,256851,0.0,256851.0
3436,2025-08-10,제주,의류,2,63346,0.0,2.0,68.0,126692,0.0,126692.0
3437,2025-04-18,대구,전자제품,2,23490,0.1,2.0,68.0,46980,4698.0,42282.0
3438,2025-08-29,광주,의류,5,71369,0.3,4.0,32.0,356845,107053.5,249791.5
3439,2025-12-08,부산,의류,2,67708,0.2,4.0,52.0,135416,27083.2,108332.8
3440,2025-10-30,대구,생활용품,3,78275,0.25,4.0,24.0,234825,58706.25,176118.75
3441,2025-12-13,제주,전자제품,3,71926,0.05,1.0,33.0,215778,10788.9,204989.1
3442,2025-01-09,부산,전자제품,2,135147,0.3,1.0,50.0,270294,81088.2,189205.8
3443,2025-06-16,서울,전자제품,1,10000000,0.0,3.0,36.0,10000000,0.0,10000000.0
3444,2025-03-22,부산,의류,5,64619,0.0,3.0,69.0,323095,0.0,323095.0
3445,2025-12-02,부산,의류,6,112042,0.15,2.0,22.0,672252,100837.8,571414.2
3446,2025-09-17,대구,의류,3,46297,0.15,5.0,55.0,138891,20833.65,118057.35
3447,2025-04-27,서울,전자제품,2,100197,0.1,1.0,50.0,200394,20039.4,180354.6
3448,2025-07-25,서울,식품,2,144541,0.05,2.0,65.0,289082,14454.1,274627.9
3449,2025-08-09,부산,식품,5,59433,0.1,4.0,60.0,297165,29716.5,267448.5
3450,2025-06-30,대구,전자제품,6,40082,0.1,3.0,65.0,240492,24049.2,216442.8
3451,2025-06-23,서울,생활용품,4,32566,0.2,2.0,60.0,130264,26052.8,104211.2
3452,2025-01-21,부산,전자제품,4,6611,0.1,3.0,29.0,26444,2644.4,23799.6
3453,2025-06-15,부산,의류,5,46192,0.05,3.0,40.0,230960,11548.0,219412.0
3454,2025-05-08,서울,식품,7,128224,0.2,2.0,54.0,897568,179513.6,718054.4
3455,2025-10-26,부산,생활용품,7,41938,0.2,4.0,70.0,293566,58713.2,234852.8
3456,2025-11-12,부산,의류,2,143395,0.15,4.0,63.0,286790,43018.5,243771.5
3457,2025-10-01,서울,식품,4,143182,0.0,1.0,52.0,572728,0.0,572728.0
3458,2025-01-12,광주,의류,7,103909,0.3,1.0,23.0,727363,218208.9,509154.1
3459,2025-11-04,서울,전자제품,5,147226,0.15,5.0,40.0,736130,110419.5,625710.5
3460,2025-05-25,대구,전자제품,6,64109,0.05,2.0,52.0,384654,19232.7,365421.3
3461,2025-06-01,광주,식품,7,143665,0.25,1.0,58.0,1005655,251413.75,754241.25
3462,2025-12-11,제주,생활용품,1,83844,0.1,3.0,32.0,83844,8384.4,75459.6
3463,2025-11-13,대구,생활용품,5,16709,0.05,,42.0,83545,4177.25,79367.75
3464,2025-01-19,대구,식품,4,125641,0.2,5.0,61.0,502564,100512.8,402051.2
3465,2025-05-12,광주,식품,2,142820,0.0,5.0,62.0,285640,0.0,285640.0
3466,2025-10-01,제주,생활용품,5,133375,0.05,1.0,29.0,666875,33343.75,633531.25
3467,2025-07-16,부산,의류,1,65436,0.2,1.0,31.0,65436,13087.2,52348.8
3468,2025-04-05,광주,전자제품,4,19866,0.25,4.0,37.0,79464,19866.0,59598.0
3469,2025-07-11,대구,전자제품,3,89893,0.3,2.0,52.0,269679,80903.7,188775.3
3470,2025-11-13,서울,생활용품,3,130860,0.2,1.0,53.0,392580,78516.0,314064.0
3471,2025-03-23,광주,생활용품,5,126900,0.05,3.0,58.0,634500,31725.0,602775.0
3472,2025-09-30,제주,생활용품,7,94516,0.2,4.0,47.0,661612,132322.4,529289.6
3473,2025-09-26,서울,전자제품,7,119019,0.25,5.0,66.0,833133,208283.25,624849.75
3474,2025-11-20,서울,생활용품,5,9680,0.2,3.0,24.0,48400,9680.0,38720.0
3475,2025-04-19,제주,전자제품,3,95399,0.25,4.0,45.0,286197,71549.25,214647.75
3476,2025-03-20,대구,생활용품,7,20730,0.25,3.0,29.0,145110,36277.5,108832.5
3477,2025-07-19,부산,생활용품,7,113658,0.15,4.0,46.0,795606,119340.9,676265.1
3478,2025-07-13,광주,식품,6,11602,0.3,5.0,64.0,69612,20883.6,48728.4
3479,2025-05-30,부산,전자제품,7,91263,0.2,5.0,64.0,638841,127768.2,511072.8
3480,2025-10-12,부산,의류,6,142541,0.0,4.0,70.0,855246,0.0,855246.0
3481,2025-10-19,부산,전자제품,6,21228,0.05,5.0,43.0,127368,6368.4,120999.6
3482,2025-03-31,대구,의류,6,66845,0.15,1.0,54.0,401070,60160.5,340909.5
3483,2025-10-18,서울,식품,5,10927,0.15,4.0,43.0,54635,8195.25,46439.75
3484,2025-03-26,부산,식품,5,108764,0.25,5.0,18.0,543820,135955.0,407865.0
3485,2025-05-29,부산,생활용품,3,139176,0.2,5.0,33.0,417528,83505.6,334022.4
3486,2025-01-10,서울,생활용품,7,5249,0.0,2.0,57.0,36743,0.0,36743.0
3487,2025-05-05,광주,식품,5,84163,0.15,3.0,20.0,420815,63122.25,357692.75
3488,2025-12-16,서울,식품,5,120010,0.15,4.0,52.0,600050,90007.5,510042.5
3489,2025-06-11,제주,생활용품,6,8681,0.3,1.0,42.0,52086,15625.8,36460.2
3490,2025-09-17,서울,식품,1,74895,0.2,4.0,39.0,74895,14979.0,59916.0
3491,2025-02-09,부산,전자제품,7,23704,0.05,2.0,56.0,165928,8296.4,157631.6
3492,2025-08-20,서울,생활용품,5,138923,0.05,5.0,30.0,694615,34730.75,659884.25
3493,2025-05-16,부산,생활용품,7,78876,0.1,4.0,31.0,552132,55213.2,496918.8
3494,2025-09-29,광주,식품,1,80530,0.1,2.0,26.0,80530,8053.0,72477.0
3495,2025-12-05,서울,전자제품,2,149596,0.0,1.0,23.0,299192,0.0,299192.0
3496,2025-07-14,대구,전자제품,7,119376,0.25,4.0,22.0,835632,208908.0,626724.0
3497,2025-02-07,광주,의류,5,50513,0.0,3.0,23.0,252565,0.0,252565.0
3498,2025-06-23,대구,식품,5,96273,0.0,4.0,51.0,481365,0.0,481365.0
3499,2025-02-14,서울,의류,3,48058,0.0,1.0,33.0,144174,0.0,144174.0
3500,2025-06-14,광주,생활용품,4,80478,0.0,3.0,35.0,321912,0.0,321912.0
3501,2025-01-23,서울,전자제품,4,122778,0.15,,57.0,491112,73666.8,417445.2
3502,2025-08-22,서울,생활용품,2,142496,0.25,5.0,45.0,284992,71248.0,213744.0
3503,2025-04-24,대구,전자제품,4,142971,0.3,2.0,22.0,571884,171565.2,400318.8
3504,2025-03-15,부산,전자제품,4,76862,0.25,2.0,45.0,307448,76862.0,230586.0
3505,2025-01-07,서울,의류,3,134776,0.2,4.0,53.0,404328,80865.6,323462.4
3506,2025-11-21,광주,의류,3,134397,0.2,2.0,50.0,403191,80638.2,322552.8
3507,2025-11-02,대구,생활용품,6,84235,0.1,5.0,64.0,505410,50541.0,454869.0
3508,2025-10-24,제주,의류,5,10231,0.1,4.0,49.0,51155,5115.5,46039.5
3509,2025-01-22,대구,식품,4,22262,0.3,5.0,61.0,89048,26714.4,62333.6
3510,2025-05-08,대구,의류,5,100326,0.0,1.0,45.0,501630,0.0,501630.0
3511,2025-12-21,제주,생활용품,2,125404,0.25,1.0,51.0,250808,62702.0,188106.0
3512,2025-07-31,서울,의류,4,137191,0.25,5.0,26.0,548764,137191.0,411573.0
3513,2025-02-16,부산,식품,4,40260,0.0,2.0,70.0,161040,0.0,161040.0
3514,2025-02-21,광주,생활용품,2,135395,0.05,2.0,19.0,270790,13539.5,257250.5
3515,2025-04-07,부산,식품,2,124850,0.1,2.0,69.0,249700,24970.0,224730.0
3516,2025-12-21,제주,식품,4,75333,0.3,,48.0,301332,90399.6,210932.4
3517,2025-03-03,부산,식품,7,59239,0.15,5.0,35.0,414673,62200.95,352472.05
3518,2025-11-26,대구,식품,4,73454,0.25,4.0,40.0,293816,73454.0,220362.0
3519,2025-09-05,제주,전자제품,7,102940,0.2,1.0,22.0,720580,144116.0,576464.0
3520,2025-12-03,부산,의류,6,122525,0.0,5.0,39.0,735150,0.0,735150.0
3521,2025-10-29,제주,의류,6,29887,0.2,3.0,21.0,179322,35864.4,143457.6
3522,2025-05-02,서울,식품,7,53577,0.2,4.0,40.0,375039,75007.8,300031.2
3523,2025-10-30,부산,생활용품,3,22416,0.3,2.0,25.0,67248,20174.4,47073.6
3524,2025-03-03,대구,식품,6,0,0.3,1.0,24.0,0,0.0,0.0
3525,2025-04-17,대구,식품,2,64024,0.2,3.0,55.0,128048,25609.6,102438.4
3526,2025-03-19,제주,전자제품,3,41349,0.3,2.0,27.0,124047,37214.1,86832.9
3527,2025-02-18,제주,생활용품,4,34479,0.0,1.0,35.0,137916,0.0,137916.0
3528,2025-02-02,광주,전자제품,1,15787,0.2,4.0,53.0,15787,3157.4,12629.6
3529,2025-03-10,광주,전자제품,6,73334,0.2,5.0,44.0,440004,88000.8,352003.2
3530,2025-02-13,부산,생활용품,7,116929,0.05,5.0,45.0,818503,40925.15,777577.85
3531,2025-05-19,제주,의류,1,51843,0.15,2.0,41.0,51843,7776.45,44066.55
3532,2025-01-27,광주,전자제품,7,63685,0.2,4.0,50.0,445795,89159.0,356636.0
3533,2025-01-23,서울,식품,1,97290,0.1,3.0,52.0,97290,9729.0,87561.0
3534,2025-12-28,제주,의류,1,56588,0.2,3.0,24.0,56588,11317.6,45270.4
3535,2025-02-02,부산,전자제품,6,112179,0.25,4.0,69.0,673074,168268.5,504805.5
3536,2025-01-28,대구,생활용품,5,51532,0.2,2.0,61.0,257660,51532.0,206128.0
3537,2025-01-11,대구,의류,7,69700,0.1,2.0,40.0,487900,48790.0,439110.0
3538,2025-02-18,제주,전자제품,3,147165,0.05,3.0,37.0,441495,22074.75,419420.25
3539,2025-07-12,부산,의류,5,126249,0.2,4.0,56.0,631245,126249.0,504996.0
3540,2025-10-29,부산,전자제품,2,87893,0.3,3.0,50.0,175786,52735.8,123050.2
3541,2025-09-26,서울,의류,5,61822,0.15,2.0,60.0,309110,46366.5,262743.5
3542,2025-07-31,부산,식품,7,148828,0.15,1.0,42.0,1041796,156269.4,885526.6
3543,2025-02-01,서울,전자제품,5,72071,0.3,3.0,41.0,360355,108106.5,252248.5
3544,2025-10-10,대구,의류,7,54819,0.1,1.0,42.0,383733,38373.3,345359.7
3545,2025-01-14,제주,식품,3,91428,0.25,3.0,33.0,274284,68571.0,205713.0
3546,2025-08-19,대구,식품,7,65025,0.05,4.0,59.0,455175,22758.75,432416.25
3547,2025-05-30,제주,생활용품,4,133971,0.05,3.0,60.0,535884,26794.2,509089.8
3548,2025-11-18,제주,의류,2,35705,0.05,3.0,23.0,71410,3570.5,67839.5
3549,2025-04-23,서울,식품,3,12265,0.0,2.0,22.0,36795,0.0,36795.0
3550,2025-08-22,대구,전자제품,4,67403,0.15,2.0,21.0,269612,40441.8,229170.2
3551,2025-06-10,대구,의류,1,142503,0.1,5.0,35.0,142503,14250.3,128252.7
3552,2025-07-10,부산,전자제품,7,13990,0.05,5.0,23.0,97930,4896.5,93033.5
3553,2025-12-09,제주,생활용품,2,122188,0.25,1.0,48.0,244376,61094.0,183282.0
3554,2025-09-18,부산,전자제품,5,5080,0.15,2.0,70.0,25400,3810.0,21590.0
3555,2025-06-01,서울,의류,7,85842,0.05,2.0,55.0,600894,30044.7,570849.3
3556,2025-06-13,대구,식품,4,70696,0.05,4.0,67.0,282784,14139.2,268644.8
3557,2025-09-15,부산,의류,5,28163,0.25,1.0,25.0,140815,35203.75,105611.25
3558,2025-05-07,부산,식품,4,113174,0.05,4.0,55.0,452696,22634.8,430061.2
3559,2025-03-03,대구,전자제품,6,30421,0.1,1.0,56.0,182526,18252.6,164273.4
3560,2025-06-20,광주,생활용품,1,68374,0.0,5.0,41.0,68374,0.0,68374.0
3561,2025-01-25,부산,생활용품,3,85956,0.25,1.0,57.0,257868,64467.0,193401.0
3562,2025-03-03,부산,전자제품,5,80111,0.1,5.0,22.0,400555,40055.5,360499.5
3563,2025-06-03,서울,전자제품,1,9591,0.2,5.0,50.0,9591,1918.2,7672.8
3564,2025-10-18,부산,의류,7,69614,0.1,4.0,61.0,487298,48729.8,438568.2
3565,2025-10-13,대구,생활용품,5,99943,0.25,5.0,38.0,499715,124928.75,374786.25
3566,2025-04-06,광주,의류,1,81387,0.1,3.0,28.0,81387,8138.7,73248.3
3567,2025-06-04,부산,전자제품,1,110863,0.3,4.0,18.0,110863,33258.9,77604.1
3568,2025-02-26,서울,의류,2,117463,0.25,4.0,32.0,234926,58731.5,176194.5
3569,2025-10-03,대구,식품,5,31009,0.15,1.0,61.0,155045,23256.75,131788.25
3570,2025-03-31,광주,의류,4,121549,0.15,5.0,62.0,486196,72929.4,413266.6
3571,2025-10-19,서울,식품,4,134746,0.2,4.0,50.0,538984,107796.8,431187.2
3572,2025-11-04,대구,전자제품,4,126519,0.2,3.0,31.0,506076,101215.2,404860.8
3573,2025-09-09,서울,전자제품,4,128437,0.2,2.0,31.0,513748,102749.6,410998.4
3574,2025-05-01,대구,의류,3,35802,0.0,4.0,62.0,107406,0.0,107406.0
3575,2025-12-14,광주,의류,1,99544,0.05,5.0,48.0,99544,4977.2,94566.8
3576,2025-09-08,광주,식품,1,71387,0.15,1.0,59.0,71387,10708.05,60678.95
3577,2025-08-24,광주,전자제품,5,147688,0.15,5.0,37.0,738440,110766.0,627674.0
3578,2025-11-09,광주,생활용품,6,125496,0.0,3.0,62.0,752976,0.0,752976.0
3579,2025-11-18,부산,전자제품,2,28420,0.05,4.0,,56840,2842.0,53998.0
3580,2025-01-29,제주,전자제품,2,141573,0.15,1.0,53.0,283146,42471.9,240674.1
3581,2025-11-18,부산,식품,3,106084,0.15,1.0,63.0,318252,47737.8,270514.2
3582,2025-10-07,부산,의류,5,83733,0.2,4.0,36.0,418665,83733.0,334932.0
3583,2025-03-17,광주,생활용품,5,69678,0.0,2.0,59.0,348390,0.0,348390.0
3584,2025-04-23,부산,의류,4,76485,0.25,2.0,52.0,305940,76485.0,229455.0
3585,2025-10-02,서울,생활용품,1,116787,0.1,4.0,44.0,116787,11678.7,105108.3
3586,2025-03-21,광주,의류,4,115867,0.15,2.0,61.0,463468,69520.2,393947.8
3587,2025-06-15,광주,생활용품,6,85052,0.3,2.0,41.0,510312,153093.6,357218.4
3588,2025-09-09,대구,전자제품,5,148796,0.1,2.0,57.0,743980,74398.0,669582.0
3589,2025-08-26,서울,전자제품,6,38687,0.1,2.0,22.0,232122,23212.2,208909.8
3590,2025-11-29,광주,의류,5,66760,0.05,4.0,63.0,333800,16690.0,317110.0
3591,2025-02-10,서울,생활용품,7,91816,0.2,1.0,69.0,642712,128542.4,514169.6
3592,2025-04-18,대구,의류,5,28939,0.3,5.0,70.0,144695,43408.5,101286.5
3593,2025-12-26,대구,식품,4,77327,0.15,4.0,62.0,309308,46396.2,262911.8
3594,2025-07-27,광주,식품,4,125975,0.05,1.0,54.0,503900,25195.0,478705.0
3595,2025-04-01,제주,전자제품,2,102947,0.3,3.0,57.0,205894,61768.2,144125.8
3596,2025-04-16,서울,식품,4,108012,0.0,1.0,67.0,432048,0.0,432048.0
3597,2025-05-04,서울,의류,2,28444,0.1,1.0,56.0,56888,5688.8,51199.2
3598,2025-07-22,대구,전자제품,4,26036,0.0,4.0,32.0,104144,0.0,104144.0
3599,2025-04-14,제주,식품,2,69074,0.0,2.0,26.0,138148,0.0,138148.0
3600,2025-08-15,서울,식품,4,51909,0.3,3.0,69.0,207636,62290.8,145345.2
3601,2025-06-12,대구,식품,7,6462,0.0,2.0,25.0,45234,0.0,45234.0
3602,2025-08-11,대구,생활용품,4,85217,0.3,2.0,66.0,340868,102260.4,238607.6
3603,2025-02-26,부산,생활용품,6,114366,0.15,4.0,67.0,686196,102929.4,583266.6
3604,2025-08-16,광주,식품,4,111063,0.1,4.0,20.0,444252,44425.2,399826.8
3605,2025-12-04,부산,생활용품,7,19954,0.3,1.0,60.0,139678,41903.4,97774.6
3606,2025-02-19,대구,의류,2,118194,0.0,5.0,49.0,236388,0.0,236388.0
3607,2025-04-30,제주,생활용품,6,60210,0.2,3.0,38.0,361260,72252.0,289008.0
3608,2025-09-11,부산,의류,6,27581,0.25,2.0,44.0,165486,41371.5,124114.5
3609,2025-08-14,서울,의류,7,73435,0.1,1.0,40.0,514045,51404.5,462640.5
3610,2025-09-04,제주,의류,1,36429,0.1,3.0,61.0,36429,3642.9,32786.1
3611,2025-07-24,부산,식품,7,102565,0.0,4.0,39.0,717955,0.0,717955.0
3612,2025-09-07,광주,의류,7,112898,0.0,1.0,24.0,790286,0.0,790286.0
3613,2025-08-11,광주,의류,3,110221,0.0,2.0,39.0,330663,0.0,330663.0
3614,2025-01-28,대구,의류,5,21836,0.15,5.0,45.0,109180,16377.0,92803.0
3615,2025-10-02,서울,전자제품,5,55538,0.15,1.0,41.0,277690,41653.5,236036.5
3616,2025-06-13,제주,의류,1,77233,0.1,5.0,44.0,77233,7723.3,69509.7
3617,2025-01-19,광주,의류,4,147797,0.2,2.0,70.0,591188,118237.6,472950.4
3618,2025-05-30,대구,전자제품,5,84169,0.1,3.0,38.0,420845,42084.5,378760.5
3619,2025-06-08,제주,생활용품,2,99745,0.25,4.0,61.0,199490,49872.5,149617.5
3620,2025-02-01,광주,생활용품,3,54206,0.2,5.0,70.0,162618,32523.6,130094.4
3621,2025-12-30,광주,의류,5,47834,0.3,4.0,62.0,239170,71751.0,167419.0
3622,2025-03-23,서울,생활용품,7,120469,0.25,2.0,46.0,843283,210820.75,632462.25
3623,2025-05-01,광주,생활용품,1,126002,0.0,1.0,70.0,126002,0.0,126002.0
3624,2025-06-10,부산,식품,7,13035,0.15,4.0,39.0,91245,13686.75,77558.25
3625,2025-10-31,서울,생활용품,6,83121,0.2,3.0,32.0,498726,99745.2,398980.8
3626,2025-09-29,부산,생활용품,6,117730,0.0,4.0,63.0,706380,0.0,706380.0
3627,2025-10-09,서울,전자제품,1,27892,0.0,5.0,66.0,27892,0.0,27892.0
3628,2025-03-28,서울,생활용품,4,98675,0.0,5.0,25.0,394700,0.0,394700.0
3629,2025-11-05,광주,전자제품,3,73679,0.05,3.0,34.0,221037,11051.85,209985.15
3630,2025-10-30,대구,식품,7,78547,0.3,4.0,33.0,549829,164948.7,384880.3
3631,2025-06-19,부산,생활용품,6,91115,0.05,4.0,61.0,546690,27334.5,519355.5
3632,2025-07-19,서울,의류,5,131494,0.05,1.0,32.0,657470,32873.5,624596.5
3633,2025-01-14,광주,식품,1,17594,0.15,2.0,53.0,17594,2639.1,14954.9
3634,2025-10-05,광주,의류,7,34325,0.1,1.0,67.0,240275,24027.5,216247.5
3635,2025-12-17,대구,전자제품,4,55030,0.3,2.0,66.0,220120,66036.0,154084.0
3636,2025-06-22,서울,전자제품,2,121113,0.0,1.0,64.0,242226,0.0,242226.0
3637,2025-07-17,서울,생활용품,7,90878,0.25,5.0,46.0,636146,159036.5,477109.5
3638,2025-07-02,서울,전자제품,7,32227,0.05,5.0,50.0,225589,11279.45,214309.55
3639,2025-01-31,서울,생활용품,4,8425,0.1,4.0,56.0,33700,3370.0,30330.0
3640,2025-08-15,제주,식품,5,148615,0.15,3.0,34.0,743075,111461.25,631613.75
3641,2025-09-21,부산,전자제품,5,24967,0.3,1.0,44.0,124835,37450.5,87384.5
3642,2025-12-05,광주,생활용품,3,9750,0.05,3.0,42.0,29250,1462.5,27787.5
3643,2025-12-06,제주,전자제품,6,63952,0.1,1.0,60.0,383712,38371.2,345340.8
3644,2025-06-29,제주,식품,7,85214,0.2,1.0,48.0,596498,119299.6,477198.4
3645,2025-12-17,부산,전자제품,7,42501,0.2,1.0,41.0,297507,59501.4,238005.6
3646,2025-07-12,대구,생활용품,5,29362,0.1,3.0,46.0,146810,14681.0,132129.0
3647,2025-08-23,대구,식품,3,10000000,0.0,4.0,27.0,30000000,0.0,30000000.0
3648,2025-08-08,서울,의류,7,64156,0.25,3.0,31.0,449092,112273.0,336819.0
3649,2025-12-31,광주,전자제품,7,143017,0.3,4.0,60.0,1001119,300335.7,700783.3
3650,2025-09-27,대구,의류,1,26452,0.2,3.0,24.0,26452,5290.4,21161.6
3651,2025-02-13,부산,의류,3,88055,0.3,5.0,54.0,264165,79249.5,184915.5
3652,2025-01-27,대구,식품,4,33104,0.05,2.0,66.0,132416,6620.8,125795.2
3653,2025-05-30,광주,생활용품,5,102688,0.3,2.0,54.0,513440,154032.0,359408.0
3654,2025-07-08,서울,식품,5,13842,0.25,1.0,51.0,69210,17302.5,51907.5
3655,2025-09-02,광주,의류,4,34470,0.3,2.0,56.0,137880,41364.0,96516.0
3656,2025-06-25,제주,전자제품,1,6160,0.3,1.0,25.0,6160,1848.0,4312.0
3657,2025-07-07,광주,생활용품,2,99023,0.1,1.0,25.0,198046,19804.6,178241.4
3658,2025-12-03,광주,전자제품,6,109300,0.0,5.0,70.0,655800,0.0,655800.0
3659,2025-05-03,서울,의류,5,29873,0.25,3.0,40.0,149365,37341.25,112023.75
3660,2025-06-30,광주,전자제품,5,70752,0.2,4.0,39.0,353760,70752.0,283008.0
3661,2025-07-23,광주,전자제품,4,47515,0.2,2.0,26.0,190060,38012.0,152048.0
3662,2025-06-20,대구,전자제품,2,11610,0.2,4.0,56.0,23220,4644.0,18576.0
3663,2025-12-20,대구,생활용품,3,10404,0.0,3.0,19.0,31212,0.0,31212.0
3664,2025-12-18,광주,전자제품,5,141151,0.2,5.0,27.0,705755,141151.0,564604.0
3665,2025-07-07,서울,생활용품,4,98870,0.15,4.0,29.0,395480,59322.0,336158.0
3666,2025-06-14,부산,의류,1,101514,0.0,3.0,67.0,101514,0.0,101514.0
3667,2025-08-03,광주,전자제품,3,47825,0.25,4.0,68.0,143475,35868.75,107606.25
3668,2025-03-08,제주,식품,6,43319,0.0,4.0,22.0,259914,0.0,259914.0
3669,2025-06-05,부산,식품,5,120237,0.05,5.0,25.0,601185,30059.25,571125.75
3670,2025-03-21,대구,식품,7,68611,0.1,3.0,68.0,480277,48027.7,432249.3
3671,2025-02-22,제주,의류,4,19804,0.25,5.0,51.0,79216,19804.0,59412.0
3672,2025-02-04,서울,생활용품,4,75944,0.0,1.0,56.0,303776,0.0,303776.0
3673,2025-08-03,부산,생활용품,7,80633,0.1,1.0,48.0,564431,56443.1,507987.9
3674,2025-01-01,서울,의류,4,87640,0.1,2.0,30.0,350560,35056.0,315504.0
3675,2025-08-24,부산,생활용품,1,82849,0.1,5.0,56.0,82849,8284.9,74564.1
3676,2025-06-07,광주,생활용품,3,129331,0.3,5.0,27.0,387993,116397.9,271595.1
3677,2025-05-14,부산,전자제품,5,40429,0.1,3.0,19.0,202145,20214.5,181930.5
3678,2025-10-08,제주,의류,3,90536,0.1,3.0,62.0,271608,27160.8,244447.2
3679,2025-07-16,제주,생활용품,3,133718,0.1,3.0,38.0,401154,40115.4,361038.6
3680,2025-09-25,제주,전자제품,7,146916,0.1,2.0,20.0,1028412,102841.2,925570.8
3681,2025-09-16,광주,의류,4,144923,0.3,3.0,41.0,579692,173907.6,405784.4
3682,2025-01-12,광주,생활용품,3,110388,0.05,5.0,24.0,331164,16558.2,314605.8
3683,2025-03-20,대구,식품,1,20467,0.0,4.0,42.0,20467,0.0,20467.0
3684,2025-07-28,제주,생활용품,3,148335,0.1,1.0,53.0,445005,44500.5,400504.5
3685,2025-12-23,서울,생활용품,6,9675,0.0,2.0,35.0,58050,0.0,58050.0
3686,2025-02-26,광주,의류,3,84859,0.25,4.0,22.0,254577,63644.25,190932.75
3687,2025-02-08,서울,의류,4,69773,0.3,3.0,65.0,279092,83727.6,195364.4
3688,2025-12-10,부산,의류,5,103375,0.25,4.0,46.0,516875,129218.75,387656.25
3689,2025-12-19,부산,식품,7,118500,0.25,4.0,19.0,829500,207375.0,622125.0
3690,2025-03-03,광주,식품,6,111996,0.1,2.0,48.0,671976,67197.6,604778.4
3691,2025-05-27,광주,의류,3,37889,0.2,3.0,66.0,113667,22733.4,90933.6
3692,2025-08-17,서울,식품,2,114439,0.1,1.0,18.0,228878,22887.8,205990.2
3693,2025-03-13,광주,생활용품,5,114882,0.25,4.0,59.0,574410,143602.5,430807.5
3694,2025-04-30,부산,생활용품,2,8542,0.05,3.0,37.0,17084,854.2,16229.8
3695,2025-05-25,서울,식품,3,97411,0.0,2.0,55.0,292233,0.0,292233.0
3696,2025-08-23,대구,의류,1,23483,0.3,4.0,19.0,23483,7044.9,16438.1
3697,2025-04-23,대구,전자제품,6,86494,0.1,5.0,66.0,518964,51896.4,467067.6
3698,2025-05-31,부산,전자제품,2,38019,0.1,5.0,69.0,76038,7603.8,68434.2
3699,2025-04-16,부산,식품,3,56966,0.2,1.0,47.0,170898,34179.6,136718.4
3700,2025-10-05,제주,전자제품,3,44366,0.1,5.0,29.0,133098,13309.8,119788.2
3701,2025-02-25,부산,생활용품,1,130012,0.25,3.0,26.0,130012,32503.0,97509.0
3702,2025-03-26,제주,전자제품,6,136279,0.15,1.0,54.0,817674,122651.1,695022.9
3703,2025-04-02,제주,식품,5,120752,0.25,2.0,60.0,603760,150940.0,452820.0
3704,2025-11-27,부산,식품,4,109778,0.0,2.0,53.0,439112,0.0,439112.0
3705,2025-12-11,대구,전자제품,2,57682,0.25,2.0,44.0,115364,28841.0,86523.0
3706,2025-07-02,광주,식품,1,25775,0.1,4.0,58.0,25775,2577.5,23197.5
3707,2025-02-27,대구,의류,1,87394,0.1,3.0,57.0,87394,8739.4,78654.6
3708,2025-10-03,대구,생활용품,5,66821,0.3,4.0,35.0,334105,100231.5,233873.5
3709,2025-06-29,부산,전자제품,6,45948,0.15,5.0,59.0,275688,41353.2,234334.8
3710,2025-11-07,서울,전자제품,6,40252,0.0,1.0,27.0,241512,0.0,241512.0
3711,2025-05-12,서울,식품,6,28335,0.15,5.0,61.0,170010,25501.5,144508.5
3712,2025-12-31,부산,식품,3,125331,0.05,1.0,46.0,375993,18799.65,357193.35
3713,2025-10-22,광주,생활용품,1,51597,0.15,1.0,57.0,51597,7739.55,43857.45
3714,2025-03-23,부산,전자제품,2,138081,0.05,1.0,54.0,276162,13808.1,262353.9
3715,2025-09-22,서울,식품,6,102111,0.2,1.0,23.0,612666,122533.2,490132.8
3716,2025-04-15,부산,의류,6,28822,0.05,2.0,58.0,172932,8646.6,164285.4
3717,2025-05-08,대구,식품,4,14070,0.15,5.0,59.0,56280,8442.0,47838.0
3718,2025-04-02,부산,의류,1,65403,0.3,4.0,20.0,65403,19620.9,45782.1
3719,2025-09-07,부산,생활용품,6,16827,0.2,3.0,29.0,100962,20192.4,80769.6
3720,2025-04-06,서울,의류,6,143162,0.2,5.0,57.0,858972,171794.4,687177.6
3721,2025-08-22,부산,식품,2,136550,0.25,3.0,37.0,273100,68275.0,204825.0
3722,2025-08-01,부산,생활용품,6,100278,0.3,1.0,23.0,601668,180500.4,421167.6
3723,2025-10-02,제주,생활용품,5,47473,0.3,1.0,63.0,237365,71209.5,166155.5
3724,2025-12-29,제주,생활용품,7,130874,0.3,3.0,45.0,916118,274835.4,641282.6
3725,2025-01-04,부산,전자제품,5,98824,0.1,2.0,38.0,494120,49412.0,444708.0
3726,2025-12-28,서울,생활용품,1,56865,0.2,2.0,47.0,56865,11373.0,45492.0
3727,2025-02-09,서울,생활용품,5,132583,0.25,2.0,39.0,662915,165728.75,497186.25
3728,2025-07-12,부산,생활용품,1,35407,0.15,2.0,24.0,35407,5311.05,30095.95
3729,2025-05-05,대구,의류,2,87331,0.0,5.0,47.0,174662,0.0,174662.0
3730,2025-08-22,대구,식품,7,105239,0.15,1.0,69.0,736673,110500.95,626172.05
3731,2025-09-21,부산,의류,7,136642,0.05,1.0,68.0,956494,47824.7,908669.3
3732,2025-11-10,부산,의류,4,24926,0.2,2.0,51.0,99704,19940.8,79763.2
3733,2025-05-27,부산,생활용품,3,46710,0.3,4.0,26.0,140130,42039.0,98091.0
3734,2025-12-07,대구,식품,3,126786,0.2,2.0,29.0,380358,76071.6,304286.4
3735,2025-04-28,광주,의류,2,77444,0.15,2.0,34.0,154888,23233.2,131654.8
3736,2025-03-16,서울,생활용품,5,114452,0.2,4.0,20.0,572260,114452.0,457808.0
3737,2025-05-19,대구,생활용품,3,117162,0.15,4.0,25.0,351486,52722.9,298763.1
3738,2025-07-12,광주,전자제품,1,49211,0.15,4.0,59.0,49211,7381.65,41829.35
3739,2025-09-01,광주,생활용품,5,53057,0.05,4.0,40.0,265285,13264.25,252020.75
3740,2025-10-31,대구,전자제품,5,77313,0.2,4.0,62.0,386565,77313.0,309252.0
3741,2025-03-24,대구,생활용품,5,9048,0.1,3.0,21.0,45240,4524.0,40716.0
3742,2025-04-21,광주,전자제품,7,120883,0.05,3.0,22.0,846181,42309.05,803871.95
3743,2025-12-09,부산,전자제품,5,21743,0.25,4.0,54.0,108715,27178.75,81536.25
3744,2025-06-10,대구,의류,5,140562,0.15,2.0,31.0,702810,105421.5,597388.5
3745,2025-03-30,부산,의류,2,117924,0.15,2.0,29.0,235848,35377.2,200470.8
3746,2025-12-26,대구,의류,4,56063,0.15,2.0,52.0,224252,33637.8,190614.2
3747,2025-06-13,서울,식품,4,15481,0.0,5.0,66.0,61924,0.0,61924.0
3748,2025-12-26,부산,전자제품,7,119549,0.15,1.0,40.0,836843,125526.45,711316.55
3749,2025-12-02,서울,의류,4,70036,0.15,2.0,58.0,280144,42021.6,238122.4
3750,2025-11-27,부산,의류,5,33197,0.15,1.0,36.0,165985,24897.75,141087.25
3751,2025-08-01,대구,의류,4,67289,0.0,2.0,62.0,269156,0.0,269156.0
3752,2025-10-19,대구,식품,1,136014,0.25,2.0,40.0,136014,34003.5,102010.5
3753,2025-12-17,제주,생활용품,7,104830,0.2,3.0,26.0,733810,146762.0,587048.0
3754,2025-04-09,서울,생활용품,5,104506,0.25,5.0,44.0,522530,130632.5,391897.5
3755,2025-01-14,제주,전자제품,2,79612,0.15,3.0,33.0,159224,23883.6,135340.4
3756,2025-04-28,부산,전자제품,1,27147,0.1,5.0,27.0,27147,2714.7,24432.3
3757,2025-08-21,광주,전자제품,7,142693,0.25,2.0,27.0,998851,249712.75,749138.25
3758,2025-07-19,광주,전자제품,3,112275,0.1,4.0,38.0,336825,33682.5,303142.5
3759,2025-01-30,제주,의류,1,79702,0.15,1.0,18.0,79702,11955.3,67746.7
3760,2025-07-24,서울,의류,5,109989,0.0,4.0,21.0,549945,0.0,549945.0
3761,2025-03-05,제주,식품,1,57615,0.05,4.0,49.0,57615,2880.75,54734.25
3762,2025-07-04,서울,의류,2,112633,0.0,4.0,18.0,225266,0.0,225266.0
3763,2025-07-30,제주,생활용품,7,145353,0.1,5.0,58.0,1017471,101747.1,915723.9
3764,2025-08-21,광주,생활용품,1,55007,0.05,4.0,69.0,55007,2750.35,52256.65
3765,2025-05-31,대구,식품,6,6216,0.1,3.0,27.0,37296,3729.6,33566.4
3766,2025-05-30,부산,의류,5,112271,0.25,4.0,20.0,561355,140338.75,421016.25
3767,2025-09-05,서울,의류,3,128549,0.2,2.0,29.0,385647,77129.4,308517.6
3768,2025-10-01,제주,생활용품,3,124853,0.25,2.0,20.0,374559,93639.75,280919.25
3769,2025-10-22,광주,생활용품,4,146389,0.25,5.0,32.0,585556,146389.0,439167.0
3770,2025-05-02,제주,식품,4,55334,0.05,5.0,65.0,221336,11066.8,210269.2
3771,2025-06-04,광주,생활용품,7,138118,0.2,5.0,61.0,966826,193365.2,773460.8
3772,2025-05-01,제주,식품,2,35154,0.3,4.0,69.0,70308,21092.4,49215.6
3773,2025-07-12,제주,생활용품,5,90135,0.1,2.0,61.0,450675,45067.5,405607.5
3774,2025-02-16,대구,생활용품,5,133743,0.1,2.0,62.0,668715,66871.5,601843.5
3775,2025-06-06,광주,생활용품,1,137736,0.15,2.0,49.0,137736,20660.4,117075.6
3776,2025-03-10,부산,전자제품,7,95001,0.25,3.0,25.0,665007,166251.75,498755.25
3777,2025-07-14,광주,전자제품,7,84182,0.05,2.0,58.0,589274,29463.7,559810.3
3778,2025-11-07,광주,생활용품,1,71756,0.15,4.0,51.0,71756,10763.4,60992.6
3779,2025-12-26,대구,전자제품,2,130794,0.05,1.0,68.0,261588,13079.4,248508.6
3780,2025-06-12,광주,전자제품,6,132563,0.2,5.0,54.0,795378,159075.6,636302.4
3781,2025-01-21,부산,식품,6,39738,0.05,3.0,46.0,238428,11921.4,226506.6
3782,2025-03-25,광주,식품,2,0,0.1,2.0,58.0,0,0.0,0.0
3783,2025-02-08,대구,전자제품,7,123021,0.1,3.0,52.0,861147,86114.7,775032.3
3784,2025-10-05,부산,전자제품,3,122535,0.0,3.0,23.0,367605,0.0,367605.0
3785,2025-12-26,제주,식품,3,19468,0.2,3.0,50.0,58404,11680.8,46723.2
3786,2025-07-22,서울,의류,3,76169,0.05,2.0,38.0,228507,11425.35,217081.65
3787,2025-03-06,광주,의류,5,78442,0.15,2.0,26.0,392210,58831.5,333378.5
3788,2025-01-08,부산,생활용품,2,11166,0.2,2.0,32.0,22332,4466.4,17865.6
3789,2025-12-23,부산,생활용품,4,101287,0.25,1.0,62.0,405148,101287.0,303861.0
3790,2025-04-26,서울,전자제품,1,146029,0.3,2.0,52.0,146029,43808.7,102220.3
3791,2025-02-10,서울,의류,2,35671,0.0,3.0,21.0,71342,0.0,71342.0
3792,2025-03-06,서울,전자제품,6,117820,0.2,1.0,36.0,706920,141384.0,565536.0
3793,2025-04-04,제주,식품,3,16737,0.1,3.0,54.0,50211,5021.1,45189.9
3794,2025-08-28,제주,식품,6,36139,0.25,3.0,44.0,216834,54208.5,162625.5
3795,2025-11-22,대구,의류,6,86953,0.1,1.0,59.0,521718,52171.8,469546.2
3796,2025-04-11,서울,식품,7,138936,0.0,3.0,51.0,972552,0.0,972552.0
3797,2025-09-08,제주,생활용품,1,133387,0.25,4.0,19.0,133387,33346.75,100040.25
3798,2025-01-24,광주,식품,7,140626,0.25,4.0,63.0,984382,246095.5,738286.5
3799,2025-01-04,대구,생활용품,7,148197,0.1,2.0,48.0,1037379,103737.9,933641.1
3800,2025-01-21,제주,생활용품,4,121068,0.25,3.0,66.0,484272,121068.0,363204.0
3801,2025-12-03,대구,의류,1,57688,0.1,1.0,29.0,57688,5768.8,51919.2
3802,2025-08-01,부산,전자제품,1,23439,0.1,2.0,54.0,23439,2343.9,21095.1
3803,2025-10-21,광주,의류,4,124221,0.1,4.0,19.0,496884,49688.4,447195.6
3804,2025-01-08,대구,식품,1,32025,0.15,3.0,26.0,32025,4803.75,27221.25
3805,2025-01-09,광주,식품,1,80494,0.3,5.0,64.0,80494,24148.2,56345.8
3806,2025-11-06,광주,식품,4,114335,0.0,4.0,65.0,457340,0.0,457340.0
3807,2025-02-07,제주,식품,4,10021,0.2,5.0,68.0,40084,8016.8,32067.2
3808,2025-02-26,부산,식품,7,137502,0.05,3.0,28.0,962514,48125.7,914388.3
3809,2025-07-09,서울,생활용품,7,48986,0.0,1.0,65.0,342902,0.0,342902.0
3810,2025-08-10,대구,식품,2,36177,0.0,3.0,20.0,72354,0.0,72354.0
3811,2025-03-25,광주,식품,3,58917,0.05,5.0,39.0,176751,8837.55,167913.45
3812,2025-06-12,제주,의류,2,71820,0.25,1.0,41.0,143640,35910.0,107730.0
3813,2025-09-04,부산,전자제품,2,70899,0.25,5.0,60.0,141798,35449.5,106348.5
3814,2025-06-11,광주,의류,4,27445,0.25,1.0,54.0,109780,27445.0,82335.0
3815,2025-05-20,제주,생활용품,7,32454,0.05,4.0,37.0,227178,11358.9,215819.1
3816,2025-01-27,제주,생활용품,7,74311,0.0,5.0,25.0,520177,0.0,520177.0
3817,2025-06-14,제주,전자제품,7,37838,0.3,2.0,37.0,264866,79459.8,185406.2
3818,2025-10-21,제주,식품,4,98167,0.3,2.0,33.0,392668,117800.4,274867.6
3819,2025-08-17,광주,전자제품,5,135374,0.2,5.0,53.0,676870,135374.0,541496.0
3820,2025-11-22,부산,의류,6,7690,0.25,2.0,22.0,46140,11535.0,34605.0
3821,2025-02-16,대구,식품,2,10238,0.25,4.0,39.0,20476,5119.0,15357.0
3822,2025-01-05,광주,생활용품,4,98225,0.2,1.0,50.0,392900,78580.0,314320.0
3823,2025-07-20,부산,전자제품,4,9146,0.15,4.0,52.0,36584,5487.6,31096.4
3824,2025-03-07,광주,생활용품,3,97764,0.3,3.0,55.0,293292,87987.6,205304.4
3825,2025-08-05,대구,식품,4,76101,0.2,3.0,33.0,304404,60880.8,243523.2
3826,2025-11-26,광주,생활용품,4,70976,0.3,4.0,45.0,283904,85171.2,198732.8
3827,2025-05-04,대구,전자제품,1,92950,0.05,3.0,23.0,92950,4647.5,88302.5
3828,2025-07-20,광주,식품,6,134834,0.05,4.0,41.0,809004,40450.2,768553.8
3829,2025-09-06,서울,식품,7,23485,0.2,3.0,70.0,164395,32879.0,131516.0
3830,2025-02-24,광주,생활용품,6,24548,0.3,5.0,62.0,147288,44186.4,103101.6
3831,2025-11-24,제주,의류,7,106013,0.2,3.0,50.0,742091,148418.2,593672.8
3832,2025-03-16,제주,생활용품,4,12440,0.15,2.0,40.0,49760,7464.0,42296.0
3833,2025-10-23,제주,의류,1,67189,0.0,5.0,65.0,67189,0.0,67189.0
3834,2025-08-29,부산,생활용품,2,76896,0.05,2.0,41.0,153792,7689.6,146102.4
3835,2025-02-21,서울,의류,6,61799,0.05,5.0,58.0,370794,18539.7,352254.3
3836,2025-09-22,광주,의류,1,82290,0.05,5.0,48.0,82290,4114.5,78175.5
3837,2025-03-13,서울,생활용품,4,21454,0.2,3.0,19.0,85816,17163.2,68652.8
3838,2025-08-07,부산,생활용품,1,43670,0.2,3.0,55.0,43670,8734.0,34936.0
3839,2025-12-17,광주,의류,3,5734,0.1,2.0,65.0,17202,1720.2,15481.8
3840,2025-12-14,대구,식품,1,144436,0.3,5.0,59.0,144436,43330.8,101105.2
3841,2025-11-15,광주,의류,1,125636,0.1,2.0,50.0,125636,12563.6,113072.4
3842,2025-06-30,광주,의류,2,41790,0.15,4.0,20.0,83580,12537.0,71043.0
3843,2025-07-24,서울,생활용품,4,10268,0.15,5.0,19.0,41072,6160.8,34911.2
3844,2025-04-20,광주,의류,5,44173,0.2,1.0,63.0,220865,44173.0,176692.0
3845,2025-12-03,대구,생활용품,3,143630,0.05,1.0,43.0,430890,21544.5,409345.5
3846,2025-06-24,대구,의류,6,122593,0.1,5.0,41.0,735558,73555.8,662002.2
3847,2025-10-09,대구,생활용품,3,100563,0.2,5.0,51.0,301689,60337.8,241351.2
3848,2025-05-12,대구,생활용품,6,138810,0.25,2.0,66.0,832860,208215.0,624645.0
3849,2025-09-28,대구,생활용품,4,30609,0.1,2.0,41.0,122436,12243.6,110192.4
3850,2025-03-23,부산,전자제품,6,82740,0.0,4.0,46.0,496440,0.0,496440.0
3851,2025-09-25,부산,생활용품,7,120117,0.25,3.0,47.0,840819,210204.75,630614.25
3852,2025-01-17,서울,식품,7,7762,0.2,2.0,,54334,10866.8,43467.2
3853,2025-02-08,부산,생활용품,5,68078,0.15,2.0,52.0,340390,51058.5,289331.5
3854,2025-05-09,부산,식품,7,56538,0.2,3.0,28.0,395766,79153.2,316612.8
3855,2025-06-25,대구,식품,5,30638,0.25,2.0,37.0,153190,38297.5,114892.5
3856,2025-09-17,제주,의류,2,37471,0.0,3.0,42.0,74942,0.0,74942.0
3857,2025-05-12,서울,의류,7,145379,0.1,4.0,45.0,1017653,101765.3,915887.7
3858,2025-01-07,부산,의류,2,79098,0.3,2.0,44.0,158196,47458.8,110737.2
3859,2025-04-29,서울,전자제품,4,16833,0.1,3.0,40.0,67332,6733.2,60598.8
3860,2025-06-10,제주,생활용품,2,103973,0.3,5.0,65.0,207946,62383.8,145562.2
3861,2025-07-18,광주,식품,6,90715,0.05,3.0,60.0,544290,27214.5,517075.5
3862,2025-08-24,부산,생활용품,7,61903,0.15,1.0,65.0,433321,64998.15,368322.85
3863,2025-04-01,대구,식품,6,62569,0.0,4.0,49.0,375414,0.0,375414.0
3864,2025-08-11,광주,의류,1,82917,0.25,3.0,43.0,82917,20729.25,62187.75
3865,2025-08-19,제주,의류,2,139678,0.05,4.0,40.0,279356,13967.8,265388.2
3866,2025-10-11,대구,전자제품,3,115180,0.25,1.0,63.0,345540,86385.0,259155.0
3867,2025-07-10,부산,식품,1,63070,0.0,4.0,53.0,63070,0.0,63070.0
3868,2025-10-23,광주,의류,4,40691,0.0,4.0,63.0,162764,0.0,162764.0
3869,2025-03-22,광주,생활용품,1,20762,0.15,1.0,63.0,20762,3114.3,17647.7
3870,2025-09-17,광주,생활용품,5,33415,0.0,3.0,68.0,167075,0.0,167075.0
3871,2025-01-17,서울,식품,5,24929,0.1,3.0,46.0,124645,12464.5,112180.5
3872,2025-02-07,광주,의류,5,121817,0.2,3.0,37.0,609085,121817.0,487268.0
3873,2025-11-12,서울,전자제품,7,88490,0.15,4.0,66.0,619430,92914.5,526515.5
3874,2025-06-23,제주,생활용품,6,10368,0.15,4.0,29.0,62208,9331.2,52876.8
3875,2025-08-15,제주,생활용품,2,139300,0.0,,35.0,278600,0.0,278600.0
3876,2025-08-09,대구,생활용품,5,26836,0.2,4.0,68.0,134180,26836.0,107344.0
3877,2025-09-11,광주,식품,6,98590,0.0,2.0,55.0,591540,0.0,591540.0
3878,2025-03-31,서울,식품,6,6791,0.2,5.0,48.0,40746,8149.2,32596.8
3879,2025-03-07,제주,생활용품,5,90381,0.25,3.0,46.0,451905,112976.25,338928.75
3880,2025-01-16,부산,의류,1,85531,0.25,5.0,42.0,85531,21382.75,64148.25
3881,2025-11-12,부산,전자제품,4,136787,0.1,3.0,65.0,547148,54714.8,492433.2
3882,2025-03-23,광주,의류,7,92013,0.05,2.0,39.0,644091,32204.55,611886.45
3883,2025-07-29,제주,의류,1,75933,0.25,4.0,43.0,75933,18983.25,56949.75
3884,2025-06-16,대구,식품,5,81999,0.05,4.0,22.0,409995,20499.75,389495.25
3885,2025-03-01,대구,식품,4,96831,0.15,1.0,24.0,387324,58098.6,329225.4
3886,2025-06-01,대구,전자제품,2,65069,0.05,1.0,28.0,130138,6506.9,123631.1
3887,2025-01-31,부산,식품,3,108509,0.0,4.0,33.0,325527,0.0,325527.0
3888,2025-03-06,대구,전자제품,7,81709,0.1,1.0,33.0,571963,57196.3,514766.7
3889,2025-02-20,제주,식품,5,145534,0.15,3.0,53.0,727670,109150.5,618519.5
3890,2025-10-28,부산,전자제품,7,33121,0.25,3.0,47.0,231847,57961.75,173885.25
3891,2025-07-27,광주,식품,4,110737,0.25,3.0,18.0,442948,110737.0,332211.0
3892,2025-12-04,광주,의류,6,124806,0.25,3.0,45.0,748836,187209.0,561627.0
3893,2025-06-09,제주,식품,5,109131,0.25,5.0,22.0,545655,136413.75,409241.25
3894,2025-03-15,광주,전자제품,7,147213,0.1,3.0,46.0,1030491,103049.1,927441.9
3895,2025-08-11,제주,생활용품,3,67937,0.1,5.0,20.0,203811,20381.1,183429.9
3896,2025-12-06,광주,식품,3,83390,0.2,3.0,22.0,250170,50034.0,200136.0
3897,2025-07-14,제주,의류,1,27324,0.15,3.0,61.0,27324,4098.6,23225.4
3898,2025-01-07,광주,의류,2,59281,0.1,4.0,18.0,118562,11856.2,106705.8
3899,2025-04-21,제주,의류,1,28153,0.0,2.0,69.0,28153,0.0,28153.0
3900,2025-12-04,제주,식품,2,119809,0.15,5.0,42.0,239618,35942.7,203675.3
3901,2025-07-09,제주,생활용품,3,118417,0.15,5.0,61.0,355251,53287.65,301963.35
3902,2025-12-14,대구,생활용품,7,32995,0.3,1.0,28.0,230965,69289.5,161675.5
3903,2025-07-05,광주,생활용품,3,121422,0.25,1.0,42.0,364266,91066.5,273199.5
3904,2025-01-05,제주,식품,6,51512,0.05,2.0,65.0,309072,15453.6,293618.4
3905,2025-11-15,부산,식품,6,110811,0.0,1.0,22.0,664866,0.0,664866.0
3906,2025-10-06,서울,전자제품,7,141298,0.25,1.0,40.0,989086,247271.5,741814.5
3907,2025-09-19,제주,식품,4,125265,0.15,5.0,24.0,501060,75159.0,425901.0
3908,2025-12-21,광주,생활용품,6,32012,0.0,1.0,36.0,192072,0.0,192072.0
3909,2025-03-13,대구,식품,3,31138,0.25,2.0,69.0,93414,23353.5,70060.5
3910,2025-11-27,광주,생활용품,5,21256,0.1,5.0,46.0,106280,10628.0,95652.0
3911,2025-03-26,서울,생활용품,6,127085,0.05,2.0,35.0,762510,38125.5,724384.5
3912,2025-12-21,대구,의류,1,84221,0.2,1.0,51.0,84221,16844.2,67376.8
3913,2025-03-11,부산,의류,1,27601,0.25,2.0,32.0,27601,6900.25,20700.75
3914,2025-07-20,부산,생활용품,2,90176,0.25,2.0,22.0,180352,45088.0,135264.0
3915,2025-10-16,제주,전자제품,6,81836,0.05,3.0,47.0,491016,24550.8,466465.2
3916,2025-01-29,대구,전자제품,4,91587,0.2,3.0,57.0,366348,73269.6,293078.4
3917,2025-01-25,서울,전자제품,2,97034,0.15,1.0,27.0,194068,29110.2,164957.8
3918,2025-11-07,부산,생활용품,6,28849,0.3,2.0,25.0,173094,51928.2,121165.8
3919,2025-01-23,부산,식품,1,61149,0.05,3.0,49.0,61149,3057.45,58091.55
3920,2025-08-13,제주,전자제품,2,109566,0.25,3.0,38.0,219132,54783.0,164349.0
3921,2025-12-09,부산,전자제품,4,136820,0.1,3.0,67.0,547280,54728.0,492552.0
3922,2025-08-13,부산,식품,7,40131,0.2,5.0,36.0,280917,56183.4,224733.6
3923,2025-06-25,부산,식품,6,87810,0.15,3.0,38.0,526860,79029.0,447831.0
3924,2025-06-02,서울,전자제품,5,142475,0.1,4.0,48.0,712375,71237.5,641137.5
3925,2025-08-21,광주,전자제품,5,92173,0.05,3.0,69.0,460865,23043.25,437821.75
3926,2025-07-28,대구,생활용품,3,38054,0.1,3.0,54.0,114162,11416.2,102745.8
3927,2025-07-03,대구,생활용품,4,0,0.2,1.0,53.0,0,0.0,0.0
3928,2025-02-26,부산,전자제품,7,7510,0.2,4.0,60.0,52570,10514.0,42056.0
3929,2025-08-30,광주,식품,6,75920,0.2,5.0,61.0,455520,91104.0,364416.0
3930,2025-09-28,서울,식품,5,87338,0.2,5.0,45.0,436690,87338.0,349352.0
3931,2025-09-16,제주,식품,1,13190,0.0,4.0,33.0,13190,0.0,13190.0
3932,2025-01-28,대구,전자제품,6,34413,0.1,2.0,26.0,206478,20647.8,185830.2
3933,2025-09-14,부산,생활용품,3,148370,0.1,3.0,48.0,445110,44511.0,400599.0
3934,2025-09-24,대구,의류,3,96143,0.1,4.0,54.0,288429,28842.9,259586.1
3935,2025-03-08,제주,생활용품,5,71479,0.1,4.0,37.0,357395,35739.5,321655.5
3936,2025-11-06,서울,식품,3,38236,0.05,4.0,43.0,114708,5735.4,108972.6
3937,2025-07-11,대구,생활용품,5,23002,0.3,1.0,41.0,115010,34503.0,80507.0
3938,2025-06-22,대구,의류,1,67072,0.0,4.0,49.0,67072,0.0,67072.0
3939,2025-09-21,제주,전자제품,2,84105,0.2,3.0,61.0,168210,33642.0,134568.0
3940,2025-07-06,대구,식품,4,31029,0.15,1.0,41.0,124116,18617.4,105498.6
3941,2025-07-18,광주,생활용품,7,121127,0.2,3.0,45.0,847889,169577.8,678311.2
3942,2025-04-24,광주,생활용품,6,67178,0.25,4.0,40.0,403068,100767.0,302301.0
3943,2025-12-05,제주,의류,3,13095,0.2,5.0,33.0,39285,7857.0,31428.0
3944,2025-12-20,부산,전자제품,7,24795,0.25,4.0,55.0,173565,43391.25,130173.75
3945,2025-02-17,광주,의류,2,129936,0.05,2.0,50.0,259872,12993.6,246878.4
3946,2025-09-25,부산,생활용품,7,54006,0.3,4.0,45.0,378042,113412.6,264629.4
3947,2025-01-09,제주,전자제품,3,59066,0.0,4.0,33.0,177198,0.0,177198.0
3948,2025-05-15,제주,식품,1,33845,0.2,1.0,63.0,33845,6769.0,27076.0
3949,2025-12-21,부산,전자제품,1,122132,0.05,5.0,60.0,122132,6106.6,116025.4
3950,2025-03-05,대구,전자제품,7,123335,0.05,1.0,57.0,863345,43167.25,820177.75
3951,2025-05-18,제주,생활용품,5,40158,0.25,4.0,61.0,200790,50197.5,150592.5
3952,2025-03-22,서울,전자제품,2,110757,0.2,4.0,43.0,221514,44302.8,177211.2
3953,2025-09-23,광주,전자제품,7,70587,0.2,5.0,51.0,494109,98821.8,395287.2
3954,2025-06-19,제주,전자제품,1,29188,0.25,4.0,29.0,29188,7297.0,21891.0
3955,2025-08-05,제주,생활용품,3,120404,0.05,1.0,59.0,361212,18060.6,343151.4
3956,2025-12-11,서울,식품,6,17021,0.2,5.0,18.0,102126,20425.2,81700.8
3957,2025-07-10,광주,생활용품,1,131783,0.05,2.0,44.0,131783,6589.15,125193.85
3958,2025-09-25,광주,식품,7,8732,0.15,3.0,28.0,61124,9168.6,51955.4
3959,2025-02-05,서울,의류,5,51835,0.1,5.0,49.0,259175,25917.5,233257.5
3960,2025-03-20,광주,생활용품,7,37867,0.2,2.0,32.0,265069,53013.8,212055.2
3961,2025-12-12,광주,의류,6,39118,0.0,4.0,69.0,234708,0.0,234708.0
3962,2025-11-10,제주,의류,6,74626,0.0,4.0,24.0,447756,0.0,447756.0
3963,2025-08-28,서울,전자제품,2,113993,0.0,3.0,61.0,227986,0.0,227986.0
3964,2025-05-19,제주,전자제품,2,62983,0.05,4.0,53.0,125966,6298.3,119667.7
3965,2025-03-14,대구,의류,2,79799,0.2,4.0,70.0,159598,31919.6,127678.4
3966,2025-11-07,부산,식품,2,145868,0.05,3.0,35.0,291736,14586.8,277149.2
3967,2025-10-14,부산,전자제품,5,77189,0.3,1.0,55.0,385945,115783.5,270161.5
3968,2025-03-30,광주,전자제품,1,119876,0.1,4.0,19.0,119876,11987.6,107888.4
3969,2025-08-04,제주,식품,3,60797,0.1,4.0,53.0,182391,18239.1,164151.9
3970,2025-08-14,부산,전자제품,5,16337,0.3,2.0,41.0,81685,24505.5,57179.5
3971,2025-06-24,제주,의류,4,42102,0.05,5.0,56.0,168408,8420.4,159987.6
3972,2025-12-05,광주,식품,4,28045,0.05,2.0,59.0,112180,5609.0,106571.0
3973,2025-02-15,서울,식품,2,136532,0.1,1.0,43.0,273064,27306.4,245757.6
3974,2025-04-05,대구,전자제품,1,8856,0.0,1.0,36.0,8856,0.0,8856.0
3975,2025-02-04,제주,의류,7,124247,0.2,3.0,55.0,869729,173945.8,695783.2
3976,2025-09-10,서울,전자제품,4,25042,0.25,2.0,65.0,100168,25042.0,75126.0
3977,2025-08-24,서울,의류,5,26820,0.1,4.0,37.0,134100,13410.0,120690.0
3978,2025-12-27,서울,생활용품,4,81766,0.3,4.0,63.0,327064,98119.2,228944.8
3979,2025-07-17,대구,생활용품,3,16754,0.0,3.0,41.0,50262,0.0,50262.0
3980,2025-02-24,서울,의류,6,16127,0.15,2.0,65.0,96762,14514.3,82247.7
3981,2025-06-14,제주,생활용품,3,117469,0.25,5.0,52.0,352407,88101.75,264305.25
3982,2025-02-02,서울,생활용품,3,13680,0.1,5.0,53.0,41040,4104.0,36936.0
3983,2025-09-02,서울,의류,6,91594,0.3,2.0,54.0,549564,164869.2,384694.8
3984,2025-09-04,부산,식품,3,22133,0.15,2.0,60.0,66399,9959.85,56439.15
3985,2025-11-10,광주,의류,5,17412,0.3,5.0,63.0,87060,26118.0,60942.0
3986,2025-05-05,제주,생활용품,5,102065,0.2,4.0,38.0,510325,102065.0,408260.0
3987,2025-04-24,부산,의류,1,61871,0.05,3.0,57.0,61871,3093.55,58777.45
3988,2025-01-27,대구,식품,5,7806,0.25,3.0,54.0,39030,9757.5,29272.5
3989,2025-06-01,광주,전자제품,6,103820,0.0,4.0,49.0,622920,0.0,622920.0
3990,2025-06-23,광주,전자제품,2,145596,0.05,2.0,29.0,291192,14559.6,276632.4
3991,2025-10-03,서울,식품,7,86351,0.25,5.0,42.0,604457,151114.25,453342.75
3992,2025-10-03,제주,생활용품,1,60214,0.3,3.0,28.0,60214,18064.2,42149.8
3993,2025-02-21,제주,의류,2,127355,0.1,1.0,25.0,254710,25471.0,229239.0
3994,2025-04-15,광주,전자제품,7,53805,0.2,5.0,68.0,376635,75327.0,301308.0
3995,2025-07-06,대구,생활용품,6,93892,0.2,5.0,56.0,563352,112670.4,450681.6
3996,2025-05-03,부산,식품,6,73848,0.25,5.0,47.0,443088,110772.0,332316.0
3997,2025-01-10,제주,식품,5,110313,0.3,4.0,41.0,551565,165469.5,386095.5
3998,2025-11-05,제주,생활용품,2,80090,0.0,2.0,21.0,160180,0.0,160180.0
3999,2025-09-24,대구,식품,4,74860,0.05,3.0,36.0,299440,14972.0,284468.0
4000,2025-07-09,광주,의류,4,65902,0.3,3.0,28.0,263608,79082.4,184525.6
4001,2025-04-26,부산,생활용품,1,47899,0.15,3.0,46.0,47899,7184.85,40714.15
4002,2025-11-04,광주,의류,5,75517,0.15,1.0,42.0,377585,56637.75,320947.25
4003,2025-01-13,서울,의류,1,13800,0.1,2.0,69.0,13800,1380.0,12420.0
4004,2025-06-12,제주,식품,1,54261,0.1,3.0,62.0,54261,5426.1,48834.9
4005,2025-10-20,대구,생활용품,2,16085,0.05,3.0,49.0,32170,1608.5,30561.5
4006,2025-12-14,대구,전자제품,2,51691,0.1,2.0,65.0,103382,10338.2,93043.8
4007,2025-04-02,서울,식품,1,55984,0.0,4.0,35.0,55984,0.0,55984.0
4008,2025-08-26,대구,생활용품,7,8960,0.1,5.0,24.0,62720,6272.0,56448.0
4009,2025-03-11,서울,식품,6,47957,0.3,3.0,47.0,287742,86322.6,201419.4
4010,2025-02-12,제주,전자제품,4,102411,0.05,4.0,21.0,409644,20482.2,389161.8
4011,2025-05-09,광주,식품,3,145633,0.25,1.0,67.0,436899,109224.75,327674.25
4012,2025-11-20,대구,식품,2,94505,0.0,1.0,24.0,189010,0.0,189010.0
4013,2025-09-09,제주,의류,7,108238,0.25,1.0,63.0,757666,189416.5,568249.5
4014,2025-06-28,제주,전자제품,6,101979,0.05,5.0,53.0,611874,30593.7,581280.3
4015,2025-04-14,서울,식품,6,141963,0.2,2.0,31.0,851778,170355.6,681422.4
4016,2025-02-21,서울,생활용품,4,141453,0.15,4.0,46.0,565812,84871.8,480940.2
4017,2025-04-09,부산,전자제품,1,21555,0.25,4.0,46.0,21555,5388.75,16166.25
4018,2025-02-25,서울,생활용품,5,73597,0.2,1.0,57.0,367985,73597.0,294388.0
4019,2025-03-10,대구,전자제품,4,136638,0.15,1.0,40.0,546552,81982.8,464569.2
4020,2025-09-08,대구,식품,3,132857,0.25,4.0,49.0,398571,99642.75,298928.25
4021,2025-02-18,대구,의류,3,82504,0.3,4.0,40.0,247512,74253.6,173258.4
4022,2025-01-18,서울,생활용품,1,69372,0.2,3.0,23.0,69372,13874.4,55497.6
4023,2025-07-17,제주,식품,7,13446,0.05,2.0,55.0,94122,4706.1,89415.9
4024,2025-04-15,제주,전자제품,2,74254,0.0,3.0,31.0,148508,0.0,148508.0
4025,2025-06-15,대구,생활용품,6,78415,0.15,4.0,32.0,470490,70573.5,399916.5
4026,2025-02-21,서울,생활용품,7,96778,0.15,1.0,35.0,677446,101616.9,575829.1
4027,2025-03-18,부산,의류,1,80671,0.2,1.0,48.0,80671,16134.2,64536.8
4028,2025-06-10,광주,전자제품,5,36305,0.2,2.0,55.0,181525,36305.0,145220.0
4029,2025-09-09,광주,의류,1,145379,0.05,1.0,61.0,145379,7268.95,138110.05
4030,2025-06-01,부산,식품,6,36516,0.25,1.0,49.0,219096,54774.0,164322.0
4031,2025-07-17,제주,식품,4,60478,0.3,3.0,39.0,241912,72573.6,169338.4
4032,2025-07-10,제주,전자제품,1,78926,0.1,5.0,68.0,78926,7892.6,71033.4
4033,2025-04-09,대구,식품,6,47511,0.3,4.0,43.0,285066,85519.8,199546.2
4034,2025-04-13,부산,생활용품,6,14948,0.3,2.0,25.0,89688,26906.4,62781.6
4035,2025-06-05,대구,전자제품,7,93625,0.1,3.0,60.0,655375,65537.5,589837.5
4036,2025-01-12,서울,생활용품,4,39315,0.25,3.0,67.0,157260,39315.0,117945.0
4037,2025-09-08,대구,의류,7,132466,0.3,2.0,33.0,927262,278178.6,649083.4
4038,2025-08-13,서울,의류,5,120045,0.25,5.0,29.0,600225,150056.25,450168.75
4039,2025-04-22,서울,생활용품,4,67088,0.1,5.0,36.0,268352,26835.2,241516.8
4040,2025-05-17,대구,전자제품,3,72241,0.2,5.0,36.0,216723,43344.6,173378.4
4041,2025-04-30,대구,생활용품,3,142713,0.2,3.0,28.0,428139,85627.8,342511.2
4042,2025-08-26,제주,식품,5,8860,0.1,4.0,19.0,44300,4430.0,39870.0
4043,2025-10-05,대구,식품,6,59909,0.2,4.0,27.0,359454,71890.8,287563.2
4044,2025-02-09,제주,식품,1,13807,0.3,4.0,33.0,13807,4142.1,9664.9
4045,2025-05-31,제주,의류,3,25084,0.0,1.0,27.0,75252,0.0,75252.0
4046,2025-01-06,부산,식품,1,138330,0.3,5.0,28.0,138330,41499.0,96831.0
4047,2025-06-15,제주,생활용품,3,19706,0.1,5.0,67.0,59118,5911.8,53206.2
4048,2025-04-01,대구,전자제품,6,143725,0.25,4.0,29.0,862350,215587.5,646762.5
4049,2025-05-03,대구,의류,5,118650,0.0,3.0,61.0,593250,0.0,593250.0
4050,2025-06-16,서울,의류,1,97960,0.3,3.0,48.0,97960,29388.0,68572.0
4051,2025-04-29,부산,의류,6,112586,0.15,2.0,41.0,675516,101327.4,574188.6
4052,2025-05-24,대구,의류,1,31817,0.3,1.0,59.0,31817,9545.1,22271.9
4053,2025-10-07,부산,의류,1,22002,0.1,5.0,18.0,22002,2200.2,19801.8
4054,2025-10-23,대구,생활용품,7,58372,0.25,2.0,57.0,408604,102151.0,306453.0
4055,2025-01-03,서울,전자제품,1,115836,0.2,2.0,40.0,115836,23167.2,92668.8
4056,2025-05-18,부산,식품,2,49293,0.05,3.0,61.0,98586,4929.3,93656.7
4057,2025-11-06,광주,의류,1,30485,0.05,4.0,69.0,30485,1524.25,28960.75
4058,2025-07-13,광주,식품,5,118848,0.15,2.0,56.0,594240,89136.0,505104.0
4059,2025-03-16,제주,생활용품,4,96945,0.15,2.0,24.0,387780,58167.0,329613.0
4060,2025-08-05,제주,의류,6,82878,0.2,2.0,69.0,497268,99453.6,397814.4
4061,2025-02-22,제주,의류,7,64792,0.25,2.0,58.0,453544,113386.0,340158.0
4062,2025-01-08,서울,전자제품,6,118050,0.25,1.0,18.0,708300,177075.0,531225.0
4063,2025-08-19,광주,식품,4,111492,0.0,2.0,28.0,445968,0.0,445968.0
4064,2025-07-08,부산,의류,1,57274,0.15,3.0,70.0,57274,8591.1,48682.9
4065,2025-10-04,부산,식품,7,23785,0.05,3.0,62.0,166495,8324.75,158170.25
4066,2025-05-06,부산,생활용품,4,131080,0.15,2.0,39.0,524320,78648.0,445672.0
4067,2025-11-08,대구,전자제품,2,24836,0.15,5.0,68.0,49672,7450.8,42221.2
4068,2025-06-03,서울,전자제품,4,67228,0.3,2.0,43.0,268912,80673.6,188238.4
4069,2025-09-27,대구,식품,3,134907,0.1,5.0,63.0,404721,40472.1,364248.9
4070,2025-02-06,서울,식품,3,65519,0.15,4.0,48.0,196557,29483.55,167073.45
4071,2025-02-05,대구,생활용품,4,125534,0.15,4.0,52.0,502136,75320.4,426815.6
4072,2025-10-13,광주,생활용품,6,75919,0.0,2.0,18.0,455514,0.0,455514.0
4073,2025-11-01,서울,식품,2,113038,0.0,5.0,69.0,226076,0.0,226076.0
4074,2025-12-10,서울,의류,7,90812,0.2,3.0,27.0,635684,127136.8,508547.2
4075,2025-04-29,제주,식품,1,45616,0.1,3.0,29.0,45616,4561.6,41054.4
4076,2025-01-09,광주,의류,2,134647,0.1,2.0,41.0,269294,26929.4,242364.6
4077,2025-12-24,부산,의류,5,72779,0.3,3.0,58.0,363895,109168.5,254726.5
4078,2025-08-08,제주,의류,2,71375,0.05,4.0,58.0,142750,7137.5,135612.5
4079,2025-04-01,부산,생활용품,6,100490,0.3,5.0,51.0,602940,180882.0,422058.0
4080,2025-10-06,제주,의류,6,139870,0.2,5.0,64.0,839220,167844.0,671376.0
4081,2025-11-26,서울,식품,4,131369,0.05,1.0,54.0,525476,26273.8,499202.2
4082,2025-04-14,광주,전자제품,4,62082,0.3,1.0,25.0,248328,74498.4,173829.6
4083,2025-10-08,서울,의류,7,38533,0.2,5.0,59.0,269731,53946.2,215784.8
4084,2025-10-15,서울,생활용품,6,52063,0.1,5.0,31.0,312378,31237.8,281140.2
4085,2025-07-03,대구,의류,5,43084,0.15,1.0,45.0,215420,32313.0,183107.0
4086,2025-08-19,서울,생활용품,1,47781,0.1,5.0,50.0,47781,4778.1,43002.9
4087,2025-04-09,대구,식품,5,67459,0.25,4.0,38.0,337295,84323.75,252971.25
4088,2025-12-06,부산,전자제품,1,8067,0.15,5.0,37.0,8067,1210.05,6856.95
4089,2025-12-25,서울,의류,2,82297,0.0,1.0,32.0,164594,0.0,164594.0
4090,2025-12-25,제주,전자제품,5,128126,0.2,5.0,33.0,640630,128126.0,512504.0
4091,2025-09-27,제주,전자제품,3,67401,0.25,2.0,70.0,202203,50550.75,151652.25
4092,2025-01-16,제주,의류,7,16488,0.1,3.0,38.0,115416,11541.6,103874.4
4093,2025-05-14,서울,식품,7,61516,0.3,2.0,43.0,430612,129183.6,301428.4
4094,2025-06-12,부산,의류,1,53478,0.1,1.0,55.0,53478,5347.8,48130.2
4095,2025-12-17,부산,의류,7,91191,0.05,4.0,31.0,638337,31916.85,606420.15
4096,2025-07-19,부산,식품,7,41316,0.2,1.0,28.0,289212,57842.4,231369.6
4097,2025-07-15,대구,의류,1,48635,0.0,3.0,29.0,48635,0.0,48635.0
4098,2025-02-23,대구,의류,3,112944,0.3,1.0,21.0,338832,101649.6,237182.4
4099,2025-10-17,대구,의류,7,30449,0.2,5.0,41.0,213143,42628.6,170514.4
4100,2025-05-03,부산,의류,1,140226,0.1,3.0,18.0,140226,14022.6,126203.4
4101,2025-02-03,제주,식품,1,48153,0.0,1.0,38.0,48153,0.0,48153.0
4102,2025-12-27,제주,의류,4,123423,0.2,5.0,45.0,493692,98738.4,394953.6
4103,2025-03-11,부산,의류,7,16893,0.2,4.0,31.0,118251,23650.2,94600.8
4104,2025-01-06,부산,전자제품,2,51400,0.25,1.0,31.0,102800,25700.0,77100.0
4105,2025-01-29,대구,전자제품,6,59691,0.05,2.0,49.0,358146,17907.3,340238.7
4106,2025-06-15,부산,전자제품,5,71085,0.05,3.0,47.0,355425,17771.25,337653.75
4107,2025-02-07,제주,전자제품,2,18337,0.1,4.0,59.0,36674,3667.4,33006.6
4108,2025-11-04,대구,식품,3,40820,0.25,5.0,64.0,122460,30615.0,91845.0
4109,2025-07-07,서울,생활용품,5,132181,0.3,5.0,31.0,660905,198271.5,462633.5
4110,2025-04-29,서울,생활용품,4,138978,0.1,1.0,33.0,555912,55591.2,500320.8
4111,2025-01-02,서울,생활용품,2,68940,0.0,3.0,45.0,137880,0.0,137880.0
4112,2025-06-25,부산,의류,2,22218,0.0,1.0,27.0,44436,0.0,44436.0
4113,2025-02-25,부산,전자제품,4,44947,0.15,2.0,56.0,179788,26968.2,152819.8
4114,2025-12-23,제주,식품,6,143034,0.0,2.0,18.0,858204,0.0,858204.0
4115,2025-04-17,제주,생활용품,3,138235,0.25,2.0,37.0,414705,103676.25,311028.75
4116,2025-06-23,서울,생활용품,7,122981,0.0,2.0,70.0,860867,0.0,860867.0
4117,2025-01-07,제주,생활용품,5,130134,0.1,3.0,56.0,650670,65067.0,585603.0
4118,2025-02-17,대구,식품,3,108179,0.25,3.0,45.0,324537,81134.25,243402.75
4119,2025-03-17,부산,식품,5,95387,0.15,5.0,18.0,476935,71540.25,405394.75
4120,2025-01-19,대구,의류,4,117229,0.2,3.0,60.0,468916,93783.2,375132.8
4121,2025-09-22,대구,전자제품,6,98717,0.1,1.0,41.0,592302,59230.2,533071.8
4122,2025-12-12,서울,전자제품,7,54205,0.25,3.0,63.0,379435,94858.75,284576.25
4123,2025-12-26,제주,전자제품,6,97975,0.1,2.0,59.0,587850,58785.0,529065.0
4124,2025-04-08,서울,의류,1,47903,0.25,1.0,70.0,47903,11975.75,35927.25
4125,2025-10-15,서울,전자제품,1,95637,0.3,4.0,24.0,95637,28691.1,66945.9
4126,2025-07-03,부산,의류,6,60306,0.1,4.0,63.0,361836,36183.6,325652.4
4127,2025-01-17,서울,식품,6,75682,0.05,2.0,55.0,454092,22704.6,431387.4
4128,2025-02-03,서울,생활용품,4,31334,0.3,2.0,33.0,125336,37600.8,87735.2
4129,2025-07-19,부산,전자제품,2,143771,0.2,3.0,62.0,287542,57508.4,230033.6
4130,2025-06-04,부산,식품,7,113222,0.3,3.0,47.0,792554,237766.2,554787.8
4131,2025-01-04,서울,전자제품,4,20545,0.1,5.0,52.0,82180,8218.0,73962.0
4132,2025-12-06,제주,식품,3,73881,0.1,1.0,69.0,221643,22164.3,199478.7
4133,2025-09-24,제주,의류,3,70875,0.0,1.0,48.0,212625,0.0,212625.0
4134,2025-07-03,광주,전자제품,3,133443,0.25,4.0,51.0,400329,100082.25,300246.75
4135,2025-12-27,대구,의류,2,114505,0.25,5.0,63.0,229010,57252.5,171757.5
4136,2025-12-21,제주,생활용품,3,132366,0.25,4.0,58.0,397098,99274.5,297823.5
4137,2025-12-22,부산,전자제품,5,72684,0.1,2.0,51.0,363420,36342.0,327078.0
4138,2025-04-05,대구,전자제품,1,27598,0.15,2.0,66.0,27598,4139.7,23458.3
4139,2025-11-18,서울,생활용품,3,109582,0.15,5.0,66.0,328746,49311.9,279434.1
4140,2025-07-04,광주,의류,2,36728,0.0,4.0,50.0,73456,0.0,73456.0
4141,2025-09-23,서울,생활용품,5,97307,0.0,3.0,23.0,486535,0.0,486535.0
4142,2025-11-10,광주,의류,7,64543,0.1,3.0,54.0,451801,45180.1,406620.9
4143,2025-03-01,광주,의류,6,55699,0.15,1.0,35.0,334194,50129.1,284064.9
4144,2025-06-13,부산,전자제품,2,22228,0.3,5.0,49.0,44456,13336.8,31119.2
4145,2025-02-17,광주,의류,4,121011,0.3,1.0,37.0,484044,145213.2,338830.8
4146,2025-04-13,부산,식품,1,104968,0.25,5.0,35.0,104968,26242.0,78726.0
4147,2025-05-31,부산,생활용품,3,54587,0.3,1.0,69.0,163761,49128.3,114632.7
4148,2025-11-09,대구,전자제품,2,111952,0.25,1.0,31.0,223904,55976.0,167928.0
4149,2025-11-11,부산,전자제품,4,148027,0.15,1.0,26.0,592108,88816.2,503291.8
4150,2025-05-23,광주,의류,3,109596,0.3,3.0,51.0,328788,98636.4,230151.6
4151,2025-05-01,부산,생활용품,5,142677,0.3,1.0,52.0,713385,214015.5,499369.5
4152,2025-07-13,대구,생활용품,4,73180,0.05,2.0,69.0,292720,14636.0,278084.0
4153,2025-11-29,제주,의류,7,59648,0.05,4.0,21.0,417536,20876.8,396659.2
4154,2025-12-23,부산,식품,1,127267,0.3,4.0,66.0,127267,38180.1,89086.9
4155,2025-03-24,대구,식품,7,101133,0.0,2.0,62.0,707931,0.0,707931.0
4156,2025-03-10,제주,생활용품,6,92848,0.15,1.0,29.0,557088,83563.2,473524.8
4157,2025-09-15,부산,전자제품,5,98084,0.1,1.0,61.0,490420,49042.0,441378.0
4158,2025-04-21,서울,전자제품,6,149074,0.25,3.0,62.0,894444,223611.0,670833.0
4159,2025-03-14,부산,의류,1,104679,0.3,3.0,24.0,104679,31403.7,73275.3
4160,2025-01-12,제주,식품,2,123239,0.1,5.0,19.0,246478,24647.8,221830.2
4161,2025-05-28,광주,식품,1,10211,0.05,3.0,53.0,10211,510.55,9700.45
4162,2025-05-24,제주,생활용품,6,109728,0.1,2.0,49.0,658368,65836.8,592531.2
4163,2025-07-25,부산,식품,3,51077,0.25,4.0,63.0,153231,38307.75,114923.25
4164,2025-03-15,제주,생활용품,3,22879,0.1,5.0,67.0,68637,6863.7,61773.3
4165,2025-09-18,부산,전자제품,5,45084,0.2,5.0,23.0,225420,45084.0,180336.0
4166,2025-09-06,광주,식품,3,125727,0.1,1.0,68.0,377181,37718.1,339462.9
4167,2025-06-18,제주,전자제품,5,123550,0.25,3.0,63.0,617750,154437.5,463312.5
4168,2025-03-08,부산,의류,7,49308,0.0,5.0,49.0,345156,0.0,345156.0
4169,2025-07-05,제주,생활용품,3,32848,0.1,5.0,37.0,98544,9854.4,88689.6
4170,2025-09-04,광주,생활용품,7,65742,0.1,4.0,51.0,460194,46019.4,414174.6
4171,2025-05-17,광주,전자제품,4,53107,0.2,1.0,47.0,212428,42485.6,169942.4
4172,2025-04-07,광주,생활용품,3,72100,0.2,2.0,38.0,216300,43260.0,173040.0
4173,2025-07-04,서울,전자제품,7,118683,0.25,5.0,22.0,830781,207695.25,623085.75
4174,2025-05-10,광주,의류,4,53040,0.3,1.0,56.0,212160,63648.0,148512.0
4175,2025-05-27,부산,의류,1,30157,0.25,4.0,34.0,30157,7539.25,22617.75
4176,2025-05-08,부산,전자제품,3,20723,0.0,3.0,31.0,62169,0.0,62169.0
4177,2025-04-21,서울,전자제품,6,104354,0.2,4.0,37.0,626124,125224.8,500899.2
4178,2025-09-19,서울,전자제품,4,33907,0.0,4.0,19.0,135628,0.0,135628.0
4179,2025-06-17,제주,의류,4,36848,0.1,1.0,38.0,147392,14739.2,132652.8
4180,2025-06-20,부산,의류,5,121503,0.2,1.0,62.0,607515,121503.0,486012.0
4181,2025-08-27,부산,전자제품,2,18457,0.1,2.0,56.0,36914,3691.4,33222.6
4182,2025-05-12,대구,의류,1,99579,0.2,5.0,21.0,99579,19915.8,79663.2
4183,2025-02-06,광주,생활용품,4,6635,0.25,5.0,35.0,26540,6635.0,19905.0
4184,2025-11-08,대구,전자제품,7,141712,0.2,4.0,53.0,991984,198396.8,793587.2
4185,2025-01-21,대구,의류,1,108472,0.15,2.0,67.0,108472,16270.8,92201.2
4186,2025-07-28,제주,식품,6,124055,0.3,5.0,41.0,744330,223299.0,521031.0
4187,2025-04-08,대구,식품,7,101626,0.2,4.0,70.0,711382,142276.4,569105.6
4188,2025-03-20,광주,식품,1,63322,0.05,2.0,20.0,63322,3166.1,60155.9
4189,2025-01-16,제주,식품,1,149322,0.2,4.0,66.0,149322,29864.4,119457.6
4190,2025-11-25,광주,식품,7,119000,0.15,3.0,26.0,833000,124950.0,708050.0
4191,2025-06-06,서울,전자제품,1,17872,0.0,3.0,56.0,17872,0.0,17872.0
4192,2025-05-06,부산,식품,6,88582,0.3,2.0,23.0,531492,159447.6,372044.4
4193,2025-09-28,광주,의류,6,83684,0.25,4.0,70.0,502104,125526.0,376578.0
4194,2025-01-15,대구,식품,3,46513,0.2,2.0,29.0,139539,27907.8,111631.2
4195,2025-07-26,부산,의류,3,71134,0.2,5.0,37.0,213402,42680.4,170721.6
4196,2025-06-30,부산,전자제품,4,146388,0.2,1.0,51.0,585552,117110.4,468441.6
4197,2025-07-22,서울,전자제품,4,17547,0.1,2.0,20.0,70188,7018.8,63169.2
4198,2025-02-15,부산,생활용품,7,139632,0.3,1.0,48.0,977424,293227.2,684196.8
4199,2025-12-14,광주,식품,5,106554,0.15,2.0,33.0,532770,79915.5,452854.5
4200,2025-03-29,서울,의류,7,21268,0.1,4.0,40.0,148876,14887.6,133988.4
4201,2025-09-05,제주,의류,2,0,0.2,5.0,35.0,0,0.0,0.0
4202,2025-09-30,부산,전자제품,2,126716,0.05,1.0,62.0,253432,12671.6,240760.4
4203,2025-05-06,제주,생활용품,2,107020,0.1,2.0,42.0,214040,21404.0,192636.0
4204,2025-02-17,부산,식품,5,16264,0.0,1.0,57.0,81320,0.0,81320.0
4205,2025-04-19,제주,생활용품,1,26376,0.0,5.0,20.0,26376,0.0,26376.0
4206,2025-10-22,대구,식품,7,139679,0.25,3.0,54.0,977753,244438.25,733314.75
4207,2025-11-27,제주,식품,6,27850,0.15,2.0,38.0,167100,25065.0,142035.0
4208,2025-12-08,서울,의류,7,95504,0.25,4.0,49.0,668528,167132.0,501396.0
4209,2025-03-24,광주,전자제품,7,149358,0.2,1.0,62.0,1045506,209101.2,836404.8
4210,2025-08-10,부산,의류,1,29154,0.05,4.0,54.0,29154,1457.7,27696.3
4211,2025-02-25,부산,생활용품,6,11436,0.05,1.0,36.0,68616,3430.8,65185.2
4212,2025-09-17,서울,의류,4,123503,0.15,3.0,30.0,494012,74101.8,419910.2
4213,2025-06-01,제주,전자제품,6,142742,0.0,1.0,65.0,856452,0.0,856452.0
4214,2025-09-18,광주,의류,7,79788,0.2,2.0,31.0,558516,111703.2,446812.8
4215,2025-09-08,제주,전자제품,5,38831,0.15,4.0,19.0,194155,29123.25,165031.75
4216,2025-12-29,대구,전자제품,1,13634,0.0,3.0,33.0,13634,0.0,13634.0
4217,2025-06-28,서울,식품,7,137140,0.15,3.0,18.0,959980,143997.0,815983.0
4218,2025-05-05,부산,식품,4,120772,0.25,4.0,57.0,483088,120772.0,362316.0
4219,2025-07-12,대구,전자제품,4,134982,0.3,5.0,65.0,539928,161978.4,377949.6
4220,2025-03-01,서울,전자제품,5,119309,0.1,2.0,40.0,596545,59654.5,536890.5
4221,2025-02-10,제주,생활용품,7,67768,0.0,5.0,50.0,474376,0.0,474376.0
4222,2025-07-09,제주,식품,4,74899,0.3,1.0,68.0,299596,89878.8,209717.2
4223,2025-10-29,대구,전자제품,2,60437,0.15,5.0,67.0,120874,18131.1,102742.9
4224,2025-07-14,대구,식품,6,111011,0.25,5.0,20.0,666066,166516.5,499549.5
4225,2025-10-13,광주,의류,5,19525,0.0,3.0,21.0,97625,0.0,97625.0
4226,2025-03-06,광주,의류,1,10821,0.1,1.0,38.0,10821,1082.1,9738.9
4227,2025-06-14,서울,식품,4,144386,0.05,3.0,32.0,577544,28877.2,548666.8
4228,2025-08-12,대구,전자제품,6,51125,0.25,2.0,26.0,306750,76687.5,230062.5
4229,2025-05-07,광주,생활용품,7,10025,0.2,3.0,26.0,70175,14035.0,56140.0
4230,2025-01-06,제주,의류,2,102617,0.25,2.0,61.0,205234,51308.5,153925.5
4231,2025-01-27,대구,생활용품,4,62848,0.1,1.0,28.0,251392,25139.2,226252.8
4232,2025-12-05,제주,식품,6,0,0.1,5.0,43.0,0,0.0,0.0
4233,2025-08-09,대구,전자제품,5,68009,0.05,5.0,20.0,340045,17002.25,323042.75
4234,2025-04-07,부산,식품,3,70310,0.05,3.0,50.0,210930,10546.5,200383.5
4235,2025-04-05,대구,식품,2,93740,0.05,5.0,57.0,187480,9374.0,178106.0
4236,2025-01-15,광주,의류,1,140133,0.25,5.0,49.0,140133,35033.25,105099.75
4237,2025-12-11,제주,의류,5,132751,0.2,5.0,33.0,663755,132751.0,531004.0
4238,2025-02-09,부산,전자제품,7,124879,0.2,5.0,22.0,874153,174830.6,699322.4
4239,2025-10-05,부산,의류,5,76373,0.3,1.0,39.0,381865,114559.5,267305.5
4240,2025-03-29,광주,식품,6,85910,0.25,4.0,59.0,515460,128865.0,386595.0
4241,2025-05-03,광주,의류,5,24164,0.1,5.0,24.0,120820,12082.0,108738.0
4242,2025-04-10,부산,식품,3,88624,0.1,1.0,61.0,265872,26587.2,239284.8
4243,2025-10-28,광주,의류,4,102352,0.0,1.0,66.0,409408,0.0,409408.0
4244,2025-01-12,서울,의류,2,133616,0.25,2.0,50.0,267232,66808.0,200424.0
4245,2025-05-09,부산,식품,2,11708,0.3,5.0,62.0,23416,7024.8,16391.2
4246,2025-04-12,제주,전자제품,5,130144,0.25,5.0,32.0,650720,162680.0,488040.0
4247,2025-04-10,대구,의류,5,80175,0.15,3.0,50.0,400875,60131.25,340743.75
4248,2025-03-12,제주,생활용품,7,17803,0.1,5.0,56.0,124621,12462.1,112158.9
4249,2025-11-30,부산,식품,2,149365,0.15,1.0,55.0,298730,44809.5,253920.5
4250,2025-05-19,부산,생활용품,3,72509,0.05,5.0,55.0,217527,10876.35,206650.65
4251,2025-06-02,제주,전자제품,2,64660,0.05,5.0,28.0,129320,6466.0,122854.0
4252,2025-05-21,제주,생활용품,7,32673,0.15,5.0,66.0,228711,34306.65,194404.35
4253,2025-12-24,제주,생활용품,6,15633,0.05,2.0,54.0,93798,4689.9,89108.1
4254,2025-05-04,부산,식품,3,0,0.25,4.0,24.0,0,0.0,0.0
4255,2025-05-05,제주,전자제품,7,43734,0.3,2.0,51.0,306138,91841.4,214296.6
4256,2025-04-30,대구,의류,5,47397,0.05,3.0,66.0,236985,11849.25,225135.75
4257,2025-04-30,제주,생활용품,4,72147,0.0,5.0,19.0,288588,0.0,288588.0
4258,2025-02-02,제주,전자제품,3,93543,0.3,3.0,65.0,280629,84188.7,196440.3
4259,2025-08-09,대구,의류,4,148815,0.1,4.0,35.0,595260,59526.0,535734.0
4260,2025-01-10,부산,생활용품,1,120184,0.05,3.0,33.0,120184,6009.2,114174.8
4261,2025-03-24,제주,전자제품,2,75449,0.25,1.0,43.0,150898,37724.5,113173.5
4262,2025-03-15,대구,의류,7,137309,0.25,1.0,55.0,961163,240290.75,720872.25
4263,2025-04-17,대구,전자제품,2,85881,0.2,4.0,23.0,171762,34352.4,137409.6
4264,2025-10-04,광주,전자제품,2,66329,0.05,2.0,31.0,132658,6632.9,126025.1
4265,2025-08-07,제주,식품,7,36517,0.2,2.0,60.0,255619,51123.8,204495.2
4266,2025-12-28,서울,식품,7,66237,0.25,1.0,30.0,463659,115914.75,347744.25
4267,2025-05-09,제주,전자제품,6,10945,0.15,5.0,36.0,65670,9850.5,55819.5
4268,2025-12-05,대구,생활용품,1,27221,0.15,1.0,52.0,27221,4083.15,23137.85
4269,2025-01-17,서울,전자제품,6,142023,0.15,3.0,31.0,852138,127820.7,724317.3
4270,2025-07-04,부산,생활용품,2,33252,0.2,2.0,20.0,66504,13300.8,53203.2
4271,2025-10-19,대구,전자제품,1,87228,0.15,5.0,45.0,87228,13084.2,74143.8
4272,2025-07-14,광주,의류,7,19861,0.3,4.0,23.0,139027,41708.1,97318.9
4273,2025-12-07,대구,의류,2,92176,0.0,1.0,38.0,184352,0.0,184352.0
4274,2025-04-25,서울,식품,5,146506,0.0,4.0,52.0,732530,0.0,732530.0
4275,2025-01-13,대구,식품,1,71371,0.05,1.0,57.0,71371,3568.55,67802.45
4276,2025-10-10,부산,생활용품,2,23501,0.05,3.0,68.0,47002,2350.1,44651.9
4277,2025-01-25,부산,전자제품,7,8317,0.15,2.0,64.0,58219,8732.85,49486.15
4278,2025-10-07,광주,생활용품,5,114713,0.0,4.0,19.0,573565,0.0,573565.0
4279,2025-09-25,제주,의류,7,19932,0.05,3.0,43.0,139524,6976.2,132547.8
4280,2025-11-05,서울,생활용품,2,51076,0.15,3.0,19.0,102152,15322.8,86829.2
4281,2025-06-24,광주,식품,7,127287,0.3,5.0,60.0,891009,267302.7,623706.3
4282,2025-11-23,대구,식품,7,82886,0.25,3.0,21.0,580202,145050.5,435151.5
4283,2025-03-03,부산,의류,7,131590,0.05,2.0,59.0,921130,46056.5,875073.5
4284,2025-06-08,광주,의류,1,131543,0.0,3.0,18.0,131543,0.0,131543.0
4285,2025-02-14,부산,생활용품,1,100897,0.25,5.0,23.0,100897,25224.25,75672.75
4286,2025-10-07,광주,생활용품,4,140745,0.25,1.0,67.0,562980,140745.0,422235.0
4287,2025-09-18,대구,전자제품,1,10284,0.3,2.0,27.0,10284,3085.2,7198.8
4288,2025-10-22,서울,전자제품,1,39833,0.15,3.0,43.0,39833,5974.95,33858.05
4289,2025-10-06,광주,생활용품,6,45164,0.0,2.0,45.0,270984,0.0,270984.0
4290,2025-04-23,제주,식품,5,137134,0.3,4.0,54.0,685670,205701.0,479969.0
4291,2025-01-25,대구,의류,6,95141,0.1,1.0,67.0,570846,57084.6,513761.4
4292,2025-12-06,광주,전자제품,7,41547,0.1,2.0,40.0,290829,29082.9,261746.1
4293,2025-06-29,서울,전자제품,1,35246,0.1,3.0,49.0,35246,3524.6,31721.4
4294,2025-02-04,부산,식품,6,121696,0.3,5.0,70.0,730176,219052.8,511123.2
4295,2025-12-05,부산,의류,1,0,0.1,2.0,23.0,0,0.0,0.0
4296,2025-12-29,광주,생활용품,3,7211,0.15,2.0,43.0,21633,3244.95,18388.05
4297,2025-06-12,부산,생활용품,3,57975,0.15,5.0,34.0,173925,26088.75,147836.25
4298,2025-10-09,광주,전자제품,2,82609,0.3,3.0,67.0,165218,49565.4,115652.6
4299,2025-01-14,부산,전자제품,6,39076,0.3,2.0,50.0,234456,70336.8,164119.2
4300,2025-02-04,광주,의류,1,110243,0.2,5.0,52.0,110243,22048.6,88194.4
4301,2025-04-11,부산,의류,6,114897,0.0,1.0,27.0,689382,0.0,689382.0
4302,2025-08-28,대구,전자제품,7,126646,0.1,4.0,68.0,886522,88652.2,797869.8
4303,2025-02-18,서울,식품,5,118987,0.2,5.0,21.0,594935,118987.0,475948.0
4304,2025-01-13,광주,생활용품,1,126964,0.25,3.0,44.0,126964,31741.0,95223.0
4305,2025-09-02,서울,전자제품,5,58025,0.25,5.0,55.0,290125,72531.25,217593.75
4306,2025-10-09,제주,생활용품,5,48336,0.15,4.0,64.0,241680,36252.0,205428.0
4307,2025-09-27,제주,식품,3,50823,0.2,3.0,32.0,152469,30493.8,121975.2
4308,2025-10-19,대구,의류,3,128707,0.1,1.0,35.0,386121,38612.1,347508.9
4309,2025-10-21,제주,의류,4,99125,0.2,1.0,20.0,396500,79300.0,317200.0
4310,2025-08-08,제주,의류,7,51929,0.15,4.0,53.0,363503,54525.45,308977.55
4311,2025-07-09,서울,의류,1,109595,0.2,4.0,28.0,109595,21919.0,87676.0
4312,2025-11-09,광주,전자제품,4,38896,0.3,4.0,50.0,155584,46675.2,108908.8
4313,2025-05-08,부산,식품,3,43640,0.25,2.0,22.0,130920,32730.0,98190.0
4314,2025-02-05,제주,생활용품,4,5213,0.25,1.0,43.0,20852,5213.0,15639.0
4315,2025-10-02,제주,전자제품,1,145110,0.25,1.0,43.0,145110,36277.5,108832.5
4316,2025-04-11,제주,의류,7,39178,0.05,1.0,44.0,274246,13712.3,260533.7
4317,2025-12-24,대구,의류,4,114065,0.05,2.0,34.0,456260,22813.0,433447.0
4318,2025-06-01,서울,전자제품,7,22173,0.25,5.0,27.0,155211,38802.75,116408.25
4319,2025-11-07,서울,전자제품,2,10225,0.15,4.0,59.0,20450,3067.5,17382.5
4320,2025-01-16,서울,생활용품,5,102866,0.15,1.0,66.0,514330,77149.5,437180.5
4321,2025-08-29,제주,전자제품,5,19271,0.2,2.0,32.0,96355,19271.0,77084.0
4322,2025-06-13,대구,전자제품,6,25994,0.0,5.0,42.0,155964,0.0,155964.0
4323,2025-06-18,부산,전자제품,1,52900,0.05,3.0,23.0,52900,2645.0,50255.0
4324,2025-04-07,대구,의류,5,89881,0.05,2.0,26.0,449405,22470.25,426934.75
4325,2025-12-21,서울,생활용품,2,7641,0.15,2.0,36.0,15282,2292.3,12989.7
4326,2025-05-24,대구,전자제품,3,23337,0.0,2.0,55.0,70011,0.0,70011.0
4327,2025-11-07,대구,생활용품,1,53999,0.0,3.0,53.0,53999,0.0,53999.0
4328,2025-06-05,광주,의류,1,107141,0.2,3.0,56.0,107141,21428.2,85712.8
4329,2025-01-18,서울,전자제품,6,19137,0.25,3.0,22.0,114822,28705.5,86116.5
4330,2025-11-17,제주,전자제품,6,46404,0.05,4.0,20.0,278424,13921.2,264502.8
4331,2025-03-09,서울,식품,7,32963,0.2,2.0,32.0,230741,46148.2,184592.8
4332,2025-04-09,대구,전자제품,5,49761,0.0,3.0,35.0,248805,0.0,248805.0
4333,2025-11-11,부산,전자제품,5,42383,0.1,5.0,45.0,211915,21191.5,190723.5
4334,2025-11-23,광주,식품,1,97856,0.1,2.0,48.0,97856,9785.6,88070.4
4335,2025-12-01,광주,생활용품,6,14741,0.1,5.0,27.0,88446,8844.6,79601.4
4336,2025-06-05,서울,생활용품,2,141148,0.3,3.0,61.0,282296,84688.8,197607.2
4337,2025-10-04,대구,의류,1,40448,0.0,2.0,57.0,40448,0.0,40448.0
4338,2025-04-30,대구,식품,6,148783,0.2,4.0,34.0,892698,178539.6,714158.4
4339,2025-09-28,대구,식품,5,110752,0.05,2.0,52.0,553760,27688.0,526072.0
4340,2025-07-03,서울,의류,2,56803,0.15,2.0,33.0,113606,17040.9,96565.1
4341,2025-01-19,서울,전자제품,4,48836,0.05,2.0,21.0,195344,9767.2,185576.8
4342,2025-06-02,대구,의류,5,142218,0.25,3.0,57.0,711090,177772.5,533317.5
4343,2025-06-20,부산,생활용품,4,149480,0.0,1.0,22.0,597920,0.0,597920.0
4344,2025-04-04,대구,생활용품,6,93787,0.0,2.0,29.0,562722,0.0,562722.0
4345,2025-05-17,서울,전자제품,4,11830,0.1,4.0,34.0,47320,4732.0,42588.0
4346,2025-07-03,광주,식품,3,136438,0.3,2.0,65.0,409314,122794.2,286519.8
4347,2025-01-19,서울,식품,2,74126,0.0,3.0,49.0,148252,0.0,148252.0
4348,2025-02-25,광주,의류,2,9038,0.05,2.0,59.0,18076,903.8,17172.2
4349,2025-10-07,제주,전자제품,6,121275,0.15,5.0,66.0,727650,109147.5,618502.5
4350,2025-05-09,부산,생활용품,3,9810,0.0,2.0,65.0,29430,0.0,29430.0
4351,2025-08-11,서울,생활용품,6,58893,0.15,4.0,50.0,353358,53003.7,300354.3
4352,2025-07-26,서울,식품,3,15813,0.1,4.0,36.0,47439,4743.9,42695.1
4353,2025-07-21,부산,식품,4,68359,0.2,3.0,39.0,273436,54687.2,218748.8
4354,2025-05-31,서울,식품,5,121637,0.0,5.0,26.0,608185,0.0,608185.0
4355,2025-06-26,제주,전자제품,4,23716,0.05,5.0,49.0,94864,4743.2,90120.8
4356,2025-10-28,제주,생활용품,6,25003,0.05,1.0,49.0,150018,7500.9,142517.1
4357,2025-12-19,제주,생활용품,7,143711,0.25,3.0,69.0,1005977,251494.25,754482.75
4358,2025-04-04,제주,식품,7,30605,0.25,1.0,28.0,214235,53558.75,160676.25
4359,2025-09-02,대구,의류,7,21317,0.0,5.0,58.0,149219,0.0,149219.0
4360,2025-12-20,부산,식품,1,89883,0.1,,32.0,89883,8988.3,80894.7
4361,2025-01-03,대구,전자제품,6,45120,0.2,3.0,22.0,270720,54144.0,216576.0
4362,2025-10-14,부산,식품,6,143830,0.0,2.0,39.0,862980,0.0,862980.0
4363,2025-07-01,제주,전자제품,3,28738,0.0,5.0,69.0,86214,0.0,86214.0
4364,2025-12-20,대구,생활용품,3,87231,0.2,2.0,42.0,261693,52338.6,209354.4
4365,2025-07-31,부산,의류,1,138528,0.15,4.0,27.0,138528,20779.2,117748.8
4366,2025-11-02,광주,생활용품,6,111227,0.2,4.0,35.0,667362,133472.4,533889.6
4367,2025-03-02,부산,전자제품,6,9199,0.15,2.0,54.0,55194,8279.1,46914.9
4368,2025-02-21,부산,의류,1,32221,0.3,2.0,33.0,32221,9666.3,22554.7
4369,2025-12-05,부산,의류,5,23152,0.0,5.0,30.0,115760,0.0,115760.0
4370,2025-07-12,서울,의류,4,137556,0.05,3.0,31.0,550224,27511.2,522712.8
4371,2025-07-23,서울,생활용품,2,34276,0.2,3.0,22.0,68552,13710.4,54841.6
4372,2025-03-04,대구,식품,4,13102,0.3,5.0,54.0,52408,15722.4,36685.6
4373,2025-03-24,제주,전자제품,6,60487,0.0,3.0,34.0,362922,0.0,362922.0
4374,2025-10-26,부산,전자제품,3,46009,0.2,3.0,34.0,138027,27605.4,110421.6
4375,2025-04-21,광주,식품,6,28755,0.3,2.0,35.0,172530,51759.0,120771.0
4376,2025-08-02,부산,전자제품,7,70790,0.15,4.0,54.0,495530,74329.5,421200.5
4377,2025-04-26,부산,전자제품,4,135565,0.25,1.0,64.0,542260,135565.0,406695.0
4378,2025-04-07,서울,전자제품,1,37795,0.05,2.0,57.0,37795,1889.75,35905.25
4379,2025-03-02,대구,식품,3,147320,0.25,5.0,48.0,441960,110490.0,331470.0
4380,2025-12-06,광주,전자제품,1,101245,0.15,2.0,55.0,101245,15186.75,86058.25
4381,2025-12-10,부산,식품,3,60420,0.1,5.0,30.0,181260,18126.0,163134.0
4382,2025-02-12,대구,의류,5,103425,0.05,5.0,66.0,517125,25856.25,491268.75
4383,2025-05-09,대구,식품,2,55521,0.25,2.0,50.0,111042,27760.5,83281.5
4384,2025-07-25,부산,전자제품,4,35719,0.25,5.0,68.0,142876,35719.0,107157.0
4385,2025-05-20,광주,의류,7,39007,0.25,4.0,32.0,273049,68262.25,204786.75
4386,2025-09-21,대구,전자제품,2,6245,0.2,5.0,25.0,12490,2498.0,9992.0
4387,2025-04-05,서울,의류,7,99043,0.05,3.0,55.0,693301,34665.05,658635.95
4388,2025-01-22,대구,식품,3,15776,0.05,1.0,34.0,47328,2366.4,44961.6
4389,2025-05-03,부산,식품,5,33796,0.2,3.0,29.0,168980,33796.0,135184.0
4390,2025-08-07,광주,전자제품,2,5062,0.05,5.0,59.0,10124,506.2,9617.8
4391,2025-03-07,부산,식품,2,14435,0.2,1.0,46.0,28870,5774.0,23096.0
4392,2025-10-25,제주,전자제품,7,136282,0.3,1.0,59.0,953974,286192.2,667781.8
4393,2025-01-05,광주,의류,5,8447,0.25,5.0,30.0,42235,10558.75,31676.25
4394,2025-01-25,서울,전자제품,4,95142,0.15,3.0,21.0,380568,57085.2,323482.8
4395,2025-07-05,대구,의류,4,52522,0.3,3.0,39.0,210088,63026.4,147061.6
4396,2025-07-06,제주,식품,2,25073,0.15,4.0,68.0,50146,7521.9,42624.1
4397,2025-04-18,부산,의류,7,48455,0.15,4.0,49.0,339185,50877.75,288307.25
4398,2025-04-05,광주,의류,3,18414,0.3,3.0,63.0,55242,16572.6,38669.4
4399,2025-01-26,광주,의류,1,50375,0.1,4.0,62.0,50375,5037.5,45337.5
4400,2025-08-30,광주,생활용품,7,123552,0.05,3.0,65.0,864864,43243.2,821620.8
4401,2025-05-19,서울,의류,1,94958,0.0,2.0,42.0,94958,0.0,94958.0
4402,2025-02-13,부산,생활용품,7,122601,0.2,4.0,28.0,858207,171641.4,686565.6
4403,2025-05-26,부산,식품,2,106003,0.15,2.0,65.0,212006,31800.9,180205.1
4404,2025-12-09,부산,생활용품,1,139470,0.25,,44.0,139470,34867.5,104602.5
4405,2025-04-06,제주,식품,2,20664,0.05,2.0,34.0,41328,2066.4,39261.6
4406,2025-11-23,서울,의류,5,28094,0.1,1.0,41.0,140470,14047.0,126423.0
4407,2025-04-05,대구,식품,4,64652,0.0,5.0,59.0,258608,0.0,258608.0
4408,2025-03-09,제주,생활용품,2,80730,0.1,1.0,37.0,161460,16146.0,145314.0
4409,2025-04-06,제주,식품,3,118680,0.3,5.0,62.0,356040,106812.0,249228.0
4410,2025-04-28,광주,의류,2,22614,0.3,4.0,30.0,45228,13568.4,31659.6
4411,2025-02-14,제주,전자제품,5,21032,0.15,3.0,34.0,105160,15774.0,89386.0
4412,2025-08-03,대구,의류,7,120368,0.0,2.0,25.0,842576,0.0,842576.0
4413,2025-05-02,광주,전자제품,2,84651,0.3,2.0,64.0,169302,50790.6,118511.4
4414,2025-09-20,대구,식품,7,64810,0.05,1.0,64.0,453670,22683.5,430986.5
4415,2025-06-29,서울,전자제품,3,37202,0.0,5.0,28.0,111606,0.0,111606.0
4416,2025-06-11,서울,식품,1,105895,0.1,2.0,46.0,105895,10589.5,95305.5
4417,2025-06-21,제주,식품,3,121328,0.3,1.0,59.0,363984,109195.2,254788.8
4418,2025-02-27,서울,식품,7,9395,0.25,1.0,49.0,65765,16441.25,49323.75
4419,2025-09-18,부산,식품,6,12823,0.1,4.0,52.0,76938,7693.8,69244.2
4420,2025-02-08,광주,전자제품,6,117800,0.15,3.0,31.0,706800,106020.0,600780.0
4421,2025-09-21,대구,의류,3,133154,0.0,2.0,19.0,399462,0.0,399462.0
4422,2025-12-31,대구,생활용품,6,38275,0.05,5.0,67.0,229650,11482.5,218167.5
4423,2025-10-06,제주,식품,5,107357,0.2,2.0,66.0,536785,107357.0,429428.0
4424,2025-06-16,광주,전자제품,6,127207,0.1,5.0,67.0,763242,76324.2,686917.8
4425,2025-04-25,제주,전자제품,4,0,0.3,1.0,20.0,0,0.0,0.0
4426,2025-11-15,광주,의류,4,31949,0.15,3.0,53.0,127796,19169.4,108626.6
4427,2025-04-04,제주,생활용품,7,23908,0.25,1.0,31.0,167356,41839.0,125517.0
4428,2025-06-26,광주,생활용품,7,119564,0.25,1.0,34.0,836948,209237.0,627711.0
4429,2025-10-09,대구,식품,4,116846,0.15,4.0,39.0,467384,70107.6,397276.4
4430,2025-12-03,제주,식품,2,24445,0.3,4.0,30.0,48890,14667.0,34223.0
4431,2025-12-03,제주,전자제품,3,30289,0.3,3.0,49.0,90867,27260.1,63606.9
4432,2025-02-02,서울,전자제품,4,101196,0.1,3.0,49.0,404784,40478.4,364305.6
4433,2025-11-24,제주,생활용품,5,135120,0.05,2.0,67.0,675600,33780.0,641820.0
4434,2025-02-11,광주,식품,3,117993,0.2,4.0,62.0,353979,70795.8,283183.2
4435,2025-08-02,제주,식품,1,29302,0.0,1.0,55.0,29302,0.0,29302.0
4436,2025-12-06,광주,식품,6,61004,0.2,3.0,69.0,366024,73204.8,292819.2
4437,2025-08-28,제주,식품,7,14641,0.15,5.0,40.0,102487,15373.05,87113.95
4438,2025-12-12,부산,생활용품,1,40428,0.25,4.0,21.0,40428,10107.0,30321.0
4439,2025-05-06,서울,생활용품,3,86684,0.0,5.0,64.0,260052,0.0,260052.0
4440,2025-04-25,서울,의류,4,54956,0.2,2.0,35.0,219824,43964.8,175859.2
4441,2025-04-30,부산,식품,6,92979,0.15,1.0,41.0,557874,83681.1,474192.9
4442,2025-05-10,부산,의류,6,48006,0.0,5.0,38.0,288036,0.0,288036.0
4443,2025-09-07,대구,식품,3,86705,0.15,3.0,66.0,260115,39017.25,221097.75
4444,2025-06-15,서울,의류,3,96795,0.2,4.0,37.0,290385,58077.0,232308.0
4445,2025-09-27,서울,전자제품,3,33207,0.1,5.0,54.0,99621,9962.1,89658.9
4446,2025-06-01,대구,의류,2,11461,0.2,2.0,53.0,22922,4584.4,18337.6
4447,2025-04-23,광주,전자제품,4,54015,0.1,1.0,47.0,216060,21606.0,194454.0
4448,2025-03-11,서울,의류,2,11008,0.2,5.0,47.0,22016,4403.2,17612.8
4449,2025-07-21,대구,의류,1,28125,0.05,2.0,21.0,28125,1406.25,26718.75
4450,2025-11-24,광주,전자제품,5,46727,0.05,1.0,65.0,233635,11681.75,221953.25
4451,2025-11-10,광주,의류,6,54035,0.0,3.0,35.0,324210,0.0,324210.0
4452,2025-04-03,서울,전자제품,3,45161,0.0,1.0,29.0,135483,0.0,135483.0
4453,2025-06-24,광주,식품,3,12754,0.0,1.0,29.0,38262,0.0,38262.0
4454,2025-09-15,서울,전자제품,3,30675,0.05,4.0,39.0,92025,4601.25,87423.75
4455,2025-08-12,부산,의류,1,132967,0.25,1.0,51.0,132967,33241.75,99725.25
4456,2025-01-25,부산,의류,4,108938,0.05,4.0,46.0,435752,21787.6,413964.4
4457,2025-08-04,제주,식품,4,69425,0.1,3.0,62.0,277700,27770.0,249930.0
4458,2025-01-15,서울,생활용품,7,8445,0.05,1.0,61.0,59115,2955.75,56159.25
4459,2025-02-12,광주,의류,3,56912,0.1,5.0,35.0,170736,17073.6,153662.4
4460,2025-08-27,제주,의류,6,139014,0.05,1.0,61.0,834084,41704.2,792379.8
4461,2025-02-07,제주,전자제품,3,122393,0.1,4.0,54.0,367179,36717.9,330461.1
4462,2025-05-04,부산,의류,2,114836,0.0,1.0,63.0,229672,0.0,229672.0
4463,2025-08-03,서울,의류,3,41035,0.15,3.0,18.0,123105,18465.75,104639.25
4464,2025-08-28,부산,생활용품,7,63429,0.05,1.0,45.0,444003,22200.15,421802.85
4465,2025-06-12,광주,의류,2,9141,0.2,5.0,51.0,18282,3656.4,14625.6
4466,2025-02-04,서울,전자제품,6,129546,0.3,3.0,30.0,777276,233182.8,544093.2
4467,2025-10-19,광주,의류,5,21396,0.15,1.0,52.0,106980,16047.0,90933.0
4468,2025-12-13,부산,전자제품,6,94632,0.15,1.0,56.0,567792,85168.8,482623.2
4469,2025-11-21,광주,식품,6,45897,0.25,3.0,25.0,275382,68845.5,206536.5
4470,2025-10-01,광주,생활용품,4,87683,0.1,3.0,68.0,350732,35073.2,315658.8
4471,2025-05-27,대구,생활용품,5,124949,0.0,2.0,68.0,624745,0.0,624745.0
4472,2025-11-16,광주,생활용품,1,50387,0.25,4.0,33.0,50387,12596.75,37790.25
4473,2025-06-28,제주,식품,5,7441,0.2,4.0,28.0,37205,7441.0,29764.0
4474,2025-02-19,부산,의류,5,101150,0.15,4.0,28.0,505750,75862.5,429887.5
4475,2025-11-07,대구,의류,1,82157,0.1,4.0,19.0,82157,8215.7,73941.3
4476,2025-04-27,광주,전자제품,4,25255,0.0,5.0,19.0,101020,0.0,101020.0
4477,2025-12-09,제주,생활용품,4,12024,0.15,2.0,34.0,48096,7214.4,40881.6
4478,2025-05-15,대구,생활용품,3,81110,0.15,1.0,53.0,243330,36499.5,206830.5
4479,2025-11-14,부산,전자제품,1,93934,0.15,1.0,54.0,93934,14090.1,79843.9
4480,2025-07-16,제주,생활용품,1,21836,0.1,1.0,46.0,21836,2183.6,19652.4
4481,2025-06-20,제주,식품,2,91879,0.05,2.0,52.0,183758,9187.9,174570.1
4482,2025-04-19,대구,의류,2,69546,0.15,1.0,25.0,139092,20863.8,118228.2
4483,2025-11-02,서울,의류,2,24896,0.2,5.0,70.0,49792,9958.4,39833.6
4484,2025-01-23,부산,전자제품,5,94359,0.05,2.0,28.0,471795,23589.75,448205.25
4485,2025-06-21,대구,전자제품,3,98613,0.0,2.0,37.0,295839,0.0,295839.0
4486,2025-05-15,광주,의류,1,27548,0.15,3.0,53.0,27548,4132.2,23415.8
4487,2025-07-18,광주,생활용품,1,102662,0.0,3.0,24.0,102662,0.0,102662.0
4488,2025-04-03,제주,생활용품,5,37207,0.05,1.0,41.0,186035,9301.75,176733.25
4489,2025-08-31,서울,식품,7,91594,0.2,5.0,67.0,641158,128231.6,512926.4
4490,2025-05-21,대구,생활용품,6,122923,0.1,4.0,30.0,737538,73753.8,663784.2
4491,2025-03-10,광주,식품,6,140892,0.15,5.0,50.0,845352,126802.8,718549.2
4492,2025-03-13,제주,의류,3,42078,0.2,5.0,50.0,126234,25246.8,100987.2
4493,2025-09-12,서울,식품,5,54121,0.05,5.0,22.0,270605,13530.25,257074.75
4494,2025-04-06,제주,의류,1,18855,0.05,2.0,20.0,18855,942.75,17912.25
4495,2025-04-23,서울,의류,2,145533,0.1,4.0,25.0,291066,29106.6,261959.4
4496,2025-08-17,서울,의류,1,52950,0.1,1.0,18.0,52950,5295.0,47655.0
4497,2025-05-01,제주,식품,2,121316,0.15,2.0,46.0,242632,36394.8,206237.2
4498,2025-05-22,광주,의류,3,140596,0.0,4.0,31.0,421788,0.0,421788.0
4499,2025-03-31,제주,의류,1,73974,0.15,4.0,49.0,73974,11096.1,62877.9
4500,2025-05-07,광주,식품,6,105599,0.2,4.0,33.0,633594,126718.8,506875.2
4501,2025-09-10,광주,의류,6,73473,0.25,4.0,36.0,440838,110209.5,330628.5
4502,2025-07-14,대구,전자제품,5,88438,0.15,1.0,23.0,442190,66328.5,375861.5
4503,2025-12-31,대구,생활용품,2,41190,0.2,3.0,60.0,82380,16476.0,65904.0
4504,2025-10-09,대구,전자제품,7,126861,0.25,4.0,24.0,888027,222006.75,666020.25
4505,2025-01-07,부산,생활용품,1,22839,0.25,1.0,66.0,22839,5709.75,17129.25
4506,2025-05-19,제주,생활용품,7,100727,0.15,2.0,26.0,705089,105763.35,599325.65
4507,2025-04-16,부산,생활용품,6,138399,0.15,3.0,70.0,830394,124559.1,705834.9
4508,2025-08-03,광주,전자제품,2,122616,0.3,4.0,56.0,245232,73569.6,171662.4
4509,2025-04-07,광주,전자제품,2,115013,0.25,5.0,61.0,230026,57506.5,172519.5
4510,2025-12-19,대구,전자제품,5,100288,0.05,4.0,60.0,501440,25072.0,476368.0
4511,2025-04-20,광주,식품,6,142132,0.15,5.0,41.0,852792,127918.8,724873.2
4512,2025-07-10,서울,생활용품,4,130318,0.25,2.0,27.0,521272,130318.0,390954.0
4513,2025-02-14,부산,생활용품,1,44868,0.15,2.0,53.0,44868,6730.2,38137.8
4514,2025-11-29,대구,의류,4,95481,0.15,2.0,52.0,381924,57288.6,324635.4
4515,2025-11-29,부산,생활용품,4,67158,0.2,5.0,60.0,268632,53726.4,214905.6
4516,2025-10-17,제주,전자제품,3,43407,0.1,4.0,30.0,130221,13022.1,117198.9
4517,2025-05-09,제주,생활용품,7,123633,0.2,3.0,61.0,865431,173086.2,692344.8
4518,2025-01-22,광주,식품,3,10962,0.25,3.0,64.0,32886,8221.5,24664.5
4519,2025-09-17,부산,의류,2,23603,0.3,2.0,56.0,47206,14161.8,33044.2
4520,2025-06-06,서울,생활용품,5,20271,0.3,5.0,32.0,101355,30406.5,70948.5
4521,2025-12-28,광주,의류,5,34291,0.2,4.0,31.0,171455,34291.0,137164.0
4522,2025-09-12,제주,식품,5,79305,0.25,3.0,24.0,396525,99131.25,297393.75
4523,2025-07-16,대구,의류,4,141636,0.25,4.0,61.0,566544,141636.0,424908.0
4524,2025-12-27,제주,식품,3,145907,0.1,4.0,41.0,437721,43772.1,393948.9
4525,2025-10-20,제주,의류,2,135530,0.3,2.0,34.0,271060,81318.0,189742.0
4526,2025-06-17,대구,식품,1,115122,0.15,4.0,26.0,115122,17268.3,97853.7
4527,2025-01-07,부산,식품,2,71683,0.3,4.0,44.0,143366,43009.8,100356.2
4528,2025-02-03,서울,전자제품,5,117439,0.05,4.0,28.0,587195,29359.75,557835.25
4529,2025-06-11,광주,식품,3,43883,0.1,1.0,62.0,131649,13164.9,118484.1
4530,2025-07-25,대구,의류,6,101249,0.2,1.0,35.0,607494,121498.8,485995.2
4531,2025-01-12,서울,생활용품,6,6200,0.2,1.0,41.0,37200,7440.0,29760.0
4532,2025-02-16,서울,전자제품,4,136006,0.1,2.0,53.0,544024,54402.4,489621.6
4533,2025-09-15,제주,전자제품,1,145881,0.05,1.0,55.0,145881,7294.05,138586.95
4534,2025-10-02,부산,의류,1,111642,0.05,3.0,24.0,111642,5582.1,106059.9
4535,2025-01-11,부산,의류,2,30336,0.25,5.0,22.0,60672,15168.0,45504.0
4536,2025-07-05,광주,전자제품,2,42462,0.0,1.0,33.0,84924,0.0,84924.0
4537,2025-01-30,부산,식품,1,112264,0.0,2.0,57.0,112264,0.0,112264.0
4538,2025-09-22,제주,전자제품,6,77425,0.3,1.0,63.0,464550,139365.0,325185.0
4539,2025-11-01,광주,전자제품,3,84402,0.3,1.0,69.0,253206,75961.8,177244.2
4540,2025-11-14,부산,전자제품,6,63630,0.0,1.0,32.0,381780,0.0,381780.0
4541,2025-08-07,부산,의류,2,126184,0.0,4.0,58.0,252368,0.0,252368.0
4542,2025-08-18,제주,생활용품,1,28981,0.1,5.0,26.0,28981,2898.1,26082.9
4543,2025-12-05,대구,식품,1,69057,0.2,4.0,28.0,69057,13811.4,55245.6
4544,2025-08-12,제주,전자제품,4,37244,0.05,4.0,46.0,148976,7448.8,141527.2
4545,2025-06-12,부산,생활용품,4,105319,0.3,1.0,23.0,421276,126382.8,294893.2
4546,2025-10-03,서울,식품,4,46348,0.15,5.0,19.0,185392,27808.8,157583.2
4547,2025-08-04,제주,전자제품,7,48420,0.15,3.0,70.0,338940,50841.0,288099.0
4548,2025-11-04,부산,전자제품,5,30178,0.05,5.0,60.0,150890,7544.5,143345.5
4549,2025-07-11,제주,식품,6,130219,0.1,2.0,53.0,781314,78131.4,703182.6
4550,2025-11-14,광주,의류,1,36509,0.25,4.0,29.0,36509,9127.25,27381.75
4551,2025-01-17,부산,식품,4,130956,0.2,3.0,22.0,523824,104764.8,419059.2
4552,2025-01-14,광주,식품,5,137877,0.05,3.0,25.0,689385,34469.25,654915.75
4553,2025-02-06,서울,식품,5,144791,0.15,1.0,40.0,723955,108593.25,615361.75
4554,2025-07-23,부산,생활용품,7,54770,0.05,3.0,60.0,383390,19169.5,364220.5
4555,2025-09-16,부산,의류,4,99960,0.1,1.0,49.0,399840,39984.0,359856.0
4556,2025-03-20,광주,의류,3,124990,0.05,4.0,,374970,18748.5,356221.5
4557,2025-02-26,대구,식품,7,16356,0.3,4.0,66.0,114492,34347.6,80144.4
4558,2025-11-11,광주,의류,3,14336,0.1,5.0,56.0,43008,4300.8,38707.2
4559,2025-10-01,대구,생활용품,4,35005,0.15,3.0,23.0,140020,21003.0,119017.0
4560,2025-08-25,광주,의류,1,147363,0.2,5.0,30.0,147363,29472.6,117890.4
4561,2025-06-28,서울,생활용품,2,18034,0.0,5.0,35.0,36068,0.0,36068.0
4562,2025-06-03,광주,전자제품,1,115895,0.05,3.0,45.0,115895,5794.75,110100.25
4563,2025-01-08,서울,생활용품,3,126640,0.3,5.0,60.0,379920,113976.0,265944.0
4564,2025-03-10,서울,생활용품,7,136474,0.2,4.0,69.0,955318,191063.6,764254.4
4565,2025-11-24,광주,의류,1,81666,0.05,2.0,70.0,81666,4083.3,77582.7
4566,2025-05-04,서울,생활용품,7,81257,0.15,3.0,43.0,568799,85319.85,483479.15
4567,2025-09-15,광주,의류,7,112645,0.3,1.0,70.0,788515,236554.5,551960.5
4568,2025-09-14,서울,식품,1,97008,0.05,2.0,68.0,97008,4850.4,92157.6
4569,2025-04-23,서울,의류,1,119060,0.1,2.0,26.0,119060,11906.0,107154.0
4570,2025-03-16,제주,의류,7,57319,0.05,2.0,53.0,401233,20061.65,381171.35
4571,2025-09-10,서울,전자제품,5,140368,0.2,2.0,41.0,701840,140368.0,561472.0
4572,2025-02-04,제주,전자제품,2,67644,0.15,1.0,62.0,135288,20293.2,114994.8
4573,2025-06-30,부산,식품,7,40982,0.15,3.0,64.0,286874,43031.1,243842.9
4574,2025-11-21,광주,의류,4,113858,0.1,2.0,28.0,455432,45543.2,409888.8
4575,2025-09-17,제주,전자제품,5,95030,0.1,2.0,49.0,475150,47515.0,427635.0
4576,2025-10-06,서울,생활용품,5,12245,0.15,4.0,67.0,61225,9183.75,52041.25
4577,2025-01-31,부산,전자제품,2,29121,0.25,5.0,53.0,58242,14560.5,43681.5
4578,2025-03-14,대구,생활용품,3,10299,0.25,1.0,63.0,30897,7724.25,23172.75
4579,2025-04-11,제주,의류,1,88516,0.25,3.0,56.0,88516,22129.0,66387.0
4580,2025-04-17,서울,식품,4,131864,0.0,5.0,59.0,527456,0.0,527456.0
4581,2025-03-12,서울,식품,7,51776,0.15,4.0,,362432,54364.8,308067.2
4582,2025-12-21,부산,의류,5,20951,0.1,1.0,67.0,104755,10475.5,94279.5
4583,2025-03-02,부산,전자제품,5,128438,0.3,4.0,28.0,642190,192657.0,449533.0
4584,2025-09-16,부산,의류,2,109550,0.1,1.0,59.0,219100,21910.0,197190.0
4585,2025-08-03,서울,의류,4,84052,0.05,4.0,38.0,336208,16810.4,319397.6
4586,2025-08-11,제주,전자제품,7,33933,0.05,3.0,48.0,237531,11876.55,225654.45
4587,2025-03-20,광주,생활용품,1,102462,0.05,3.0,52.0,102462,5123.1,97338.9
4588,2025-04-23,서울,의류,2,58100,0.15,2.0,52.0,116200,17430.0,98770.0
4589,2025-08-10,대구,전자제품,6,40539,0.05,5.0,28.0,243234,12161.7,231072.3
4590,2025-04-20,광주,의류,1,47565,0.15,1.0,61.0,47565,7134.75,40430.25
4591,2025-09-11,광주,식품,2,13913,0.05,5.0,55.0,27826,1391.3,26434.7
4592,2025-01-15,제주,생활용품,7,76099,0.2,1.0,57.0,532693,106538.6,426154.4
4593,2025-01-27,광주,식품,1,114197,0.2,2.0,50.0,114197,22839.4,91357.6
4594,2025-09-23,광주,생활용품,4,124866,0.2,3.0,49.0,499464,99892.8,399571.2
4595,2025-08-14,서울,생활용품,3,109991,0.3,3.0,32.0,329973,98991.9,230981.1
4596,2025-01-16,서울,전자제품,3,131953,0.0,2.0,49.0,395859,0.0,395859.0
4597,2025-11-25,광주,식품,2,144722,0.0,2.0,32.0,289444,0.0,289444.0
4598,2025-01-02,제주,전자제품,2,37196,0.15,3.0,64.0,74392,11158.8,63233.2
4599,2025-12-15,부산,식품,6,67856,0.15,1.0,20.0,407136,61070.4,346065.6
4600,2025-09-24,광주,전자제품,1,53959,0.25,1.0,18.0,53959,13489.75,40469.25
4601,2025-12-27,부산,의류,1,104289,0.05,2.0,56.0,104289,5214.45,99074.55
4602,2025-12-13,대구,전자제품,2,126353,0.15,1.0,56.0,252706,37905.9,214800.1
4603,2025-04-25,광주,의류,6,134040,0.2,1.0,47.0,804240,160848.0,643392.0
4604,2025-10-04,광주,식품,3,17997,0.2,1.0,47.0,53991,10798.2,43192.8
4605,2025-03-18,서울,생활용품,1,79654,0.15,5.0,19.0,79654,11948.1,67705.9
4606,2025-06-22,제주,생활용품,4,21950,0.2,1.0,62.0,87800,17560.0,70240.0
4607,2025-03-29,제주,의류,5,52830,0.05,1.0,62.0,264150,13207.5,250942.5
4608,2025-06-27,대구,식품,4,74539,0.15,4.0,28.0,298156,44723.4,253432.6
4609,2025-11-15,부산,의류,1,94887,0.15,,18.0,94887,14233.05,80653.95
4610,2025-06-09,대구,의류,7,119571,0.0,3.0,45.0,836997,0.0,836997.0
4611,2025-02-03,제주,전자제품,7,149211,0.3,4.0,31.0,1044477,313343.1,731133.9
4612,2025-04-29,대구,식품,7,53716,0.2,4.0,24.0,376012,75202.4,300809.6
4613,2025-10-15,서울,생활용품,7,86122,0.25,3.0,23.0,602854,150713.5,452140.5
4614,2025-07-10,서울,식품,3,15067,0.15,5.0,52.0,45201,6780.15,38420.85
4615,2025-07-24,제주,전자제품,3,21175,0.3,2.0,37.0,63525,19057.5,44467.5
4616,2025-06-07,광주,생활용품,7,145341,0.0,2.0,58.0,1017387,0.0,1017387.0
4617,2025-04-17,광주,생활용품,4,141066,0.3,3.0,34.0,564264,169279.2,394984.8
4618,2025-08-07,서울,의류,7,141143,0.05,5.0,51.0,988001,49400.05,938600.95
4619,2025-08-20,서울,의류,5,42920,0.3,5.0,32.0,214600,64380.0,150220.0
4620,2025-11-24,부산,식품,7,99526,0.0,4.0,47.0,696682,0.0,696682.0
4621,2025-08-14,부산,식품,1,38209,0.1,1.0,55.0,38209,3820.9,34388.1
4622,2025-12-30,부산,생활용품,5,103872,0.15,4.0,36.0,519360,77904.0,441456.0
4623,2025-10-29,대구,생활용품,6,75272,0.2,1.0,65.0,451632,90326.4,361305.6
4624,2025-01-29,부산,식품,2,140386,0.0,5.0,51.0,280772,0.0,280772.0
4625,2025-05-24,서울,식품,6,59186,0.1,1.0,28.0,355116,35511.6,319604.4
4626,2025-05-21,대구,전자제품,2,98360,0.25,1.0,65.0,196720,49180.0,147540.0
4627,2025-01-02,광주,전자제품,7,100590,0.05,3.0,44.0,704130,35206.5,668923.5
4628,2025-03-07,광주,식품,7,119320,0.3,3.0,56.0,835240,250572.0,584668.0
4629,2025-10-06,부산,의류,1,12547,0.2,2.0,36.0,12547,2509.4,10037.6
4630,2025-05-09,부산,의류,4,72210,0.3,3.0,19.0,288840,86652.0,202188.0
4631,2025-02-23,대구,생활용품,3,70576,0.3,4.0,47.0,211728,63518.4,148209.6
4632,2025-04-15,서울,식품,7,38060,0.05,4.0,44.0,266420,13321.0,253099.0
4633,2025-04-11,제주,전자제품,3,121686,0.3,4.0,56.0,365058,109517.4,255540.6
4634,2025-03-05,제주,생활용품,6,125717,0.15,2.0,57.0,754302,113145.3,641156.7
4635,2025-02-06,서울,생활용품,1,16830,0.05,3.0,54.0,16830,841.5,15988.5
4636,2025-10-06,제주,의류,2,104236,0.3,1.0,44.0,208472,62541.6,145930.4
4637,2025-10-28,서울,전자제품,7,129926,0.15,2.0,18.0,909482,136422.3,773059.7
4638,2025-07-01,대구,식품,3,46986,0.2,5.0,49.0,140958,28191.6,112766.4
4639,2025-08-13,광주,의류,6,96661,0.2,1.0,68.0,579966,115993.2,463972.8
4640,2025-12-02,부산,생활용품,7,95375,0.1,3.0,66.0,667625,66762.5,600862.5
4641,2025-11-04,부산,의류,7,7692,0.3,3.0,22.0,53844,16153.2,37690.8
4642,2025-01-12,서울,식품,1,123390,0.25,2.0,64.0,123390,30847.5,92542.5
4643,2025-12-14,광주,식품,2,113776,0.15,1.0,25.0,227552,34132.8,193419.2
4644,2025-01-25,서울,식품,6,44200,0.2,1.0,22.0,265200,53040.0,212160.0
4645,2025-01-10,대구,전자제품,7,50534,0.0,4.0,19.0,353738,0.0,353738.0
4646,2025-05-28,부산,전자제품,7,116382,0.25,3.0,45.0,814674,203668.5,611005.5
4647,2025-09-30,제주,생활용품,6,121244,0.3,3.0,27.0,727464,218239.2,509224.8
4648,2025-01-30,제주,식품,1,15489,0.3,1.0,50.0,15489,4646.7,10842.3
4649,2025-04-17,제주,생활용품,6,57046,0.15,3.0,42.0,342276,51341.4,290934.6
4650,2025-04-06,광주,식품,2,95618,0.3,1.0,63.0,191236,57370.8,133865.2
4651,2025-05-26,대구,생활용품,6,23440,0.25,2.0,29.0,140640,35160.0,105480.0
4652,2025-12-26,부산,전자제품,4,149846,0.15,5.0,32.0,599384,89907.6,509476.4
4653,2025-05-01,서울,전자제품,2,35316,0.25,3.0,45.0,70632,17658.0,52974.0
4654,2025-03-18,제주,의류,6,130625,0.05,1.0,25.0,783750,39187.5,744562.5
4655,2025-02-14,부산,생활용품,7,14348,0.2,3.0,42.0,100436,20087.2,80348.8
4656,2025-03-14,대구,전자제품,4,131971,0.2,1.0,49.0,527884,105576.8,422307.2
4657,2025-02-18,서울,의류,6,10808,0.15,1.0,50.0,64848,9727.2,55120.8
4658,2025-07-29,부산,전자제품,1,103652,0.2,4.0,42.0,103652,20730.4,82921.6
4659,2025-06-03,광주,의류,2,57248,0.25,4.0,23.0,114496,28624.0,85872.0
4660,2025-07-01,대구,의류,1,71872,0.2,2.0,31.0,71872,14374.4,57497.6
4661,2025-10-31,대구,의류,2,20754,0.1,4.0,21.0,41508,4150.8,37357.2
4662,2025-07-31,부산,식품,3,103196,0.1,1.0,67.0,309588,30958.8,278629.2
4663,2025-02-26,서울,식품,4,95249,0.15,3.0,48.0,380996,57149.4,323846.6
4664,2025-05-18,제주,의류,3,51573,0.2,3.0,34.0,154719,30943.8,123775.2
4665,2025-04-25,대구,식품,4,73462,0.1,1.0,34.0,293848,29384.8,264463.2
4666,2025-10-29,부산,의류,2,85151,0.15,4.0,20.0,170302,25545.3,144756.7
4667,2025-04-23,부산,전자제품,3,104758,0.1,3.0,43.0,314274,31427.4,282846.6
4668,2025-02-20,광주,식품,6,83254,0.3,3.0,21.0,499524,149857.2,349666.8
4669,2025-09-26,대구,전자제품,4,13558,0.15,4.0,55.0,54232,8134.8,46097.2
4670,2025-06-06,부산,전자제품,1,83841,0.25,4.0,28.0,83841,20960.25,62880.75
4671,2025-02-04,제주,식품,3,55547,0.1,3.0,23.0,166641,16664.1,149976.9
4672,2025-09-09,제주,식품,6,64738,0.1,5.0,24.0,388428,38842.8,349585.2
4673,2025-03-18,서울,전자제품,2,58759,0.1,1.0,19.0,117518,11751.8,105766.2
4674,2025-11-13,광주,전자제품,7,56156,0.15,4.0,38.0,393092,58963.8,334128.2
4675,2025-10-31,제주,생활용품,3,39252,0.2,2.0,21.0,117756,23551.2,94204.8
4676,2025-05-15,대구,의류,5,52901,0.15,3.0,22.0,264505,39675.75,224829.25
4677,2025-07-22,서울,의류,4,108291,0.25,4.0,29.0,433164,108291.0,324873.0
4678,2025-07-27,서울,의류,5,37586,0.15,5.0,47.0,187930,28189.5,159740.5
4679,2025-08-27,광주,전자제품,6,115050,0.25,3.0,29.0,690300,172575.0,517725.0
4680,2025-01-26,제주,의류,2,68589,0.0,1.0,39.0,137178,0.0,137178.0
4681,2025-04-29,서울,생활용품,3,93527,0.1,5.0,40.0,280581,28058.1,252522.9
4682,2025-03-04,대구,식품,4,22073,0.2,3.0,49.0,88292,17658.4,70633.6
4683,2025-09-12,대구,생활용품,2,35058,0.1,1.0,20.0,70116,7011.6,63104.4
4684,2025-01-26,부산,생활용품,3,135729,0.25,1.0,70.0,407187,101796.75,305390.25
4685,2025-07-08,광주,의류,7,125496,0.2,1.0,22.0,878472,175694.4,702777.6
4686,2025-09-23,제주,전자제품,2,15104,0.15,2.0,70.0,30208,4531.2,25676.8
4687,2025-12-13,부산,의류,2,136000,0.15,2.0,33.0,272000,40800.0,231200.0
4688,2025-04-16,서울,생활용품,5,126426,0.3,5.0,40.0,632130,189639.0,442491.0
4689,2025-01-03,부산,의류,1,24875,0.2,5.0,21.0,24875,4975.0,19900.0
4690,2025-09-22,부산,생활용품,1,39981,0.3,1.0,37.0,39981,11994.3,27986.7
4691,2025-01-01,광주,의류,7,30754,0.0,2.0,65.0,215278,0.0,215278.0
4692,2025-01-25,대구,식품,2,128717,0.25,2.0,54.0,257434,64358.5,193075.5
4693,2025-12-28,서울,생활용품,1,128789,0.3,3.0,51.0,128789,38636.7,90152.3
4694,2025-11-11,부산,전자제품,5,109439,0.3,1.0,37.0,547195,164158.5,383036.5
4695,2025-09-16,광주,식품,4,41276,0.15,2.0,67.0,165104,24765.6,140338.4
4696,2025-11-01,대구,전자제품,4,138542,0.15,3.0,59.0,554168,83125.2,471042.8
4697,2025-01-28,대구,의류,4,127874,0.2,3.0,31.0,511496,102299.2,409196.8
4698,2025-02-02,부산,생활용품,2,131184,0.3,5.0,49.0,262368,78710.4,183657.6
4699,2025-04-20,부산,생활용품,7,57192,0.3,5.0,39.0,400344,120103.2,280240.8
4700,2025-01-09,서울,전자제품,1,106658,0.3,2.0,28.0,106658,31997.4,74660.6
4701,2025-11-21,서울,의류,4,102930,0.3,5.0,52.0,411720,123516.0,288204.0
4702,2025-01-21,서울,생활용품,2,26993,0.2,5.0,39.0,53986,10797.2,43188.8
4703,2025-07-18,광주,생활용품,5,89499,0.05,2.0,23.0,447495,22374.75,425120.25
4704,2025-11-08,서울,의류,4,84612,0.05,3.0,63.0,338448,16922.4,321525.6
4705,2025-09-26,대구,전자제품,3,89774,0.3,4.0,50.0,269322,80796.6,188525.4
4706,2025-03-27,제주,식품,4,54275,0.05,5.0,47.0,217100,10855.0,206245.0
4707,2025-06-21,광주,생활용품,2,102039,0.0,4.0,70.0,204078,0.0,204078.0
4708,2025-07-20,대구,의류,1,133438,0.15,5.0,55.0,133438,20015.7,113422.3
4709,2025-10-08,서울,식품,7,92672,0.25,4.0,69.0,648704,162176.0,486528.0
4710,2025-06-05,대구,전자제품,5,131474,0.25,1.0,55.0,657370,164342.5,493027.5
4711,2025-04-15,제주,의류,5,116885,0.05,2.0,26.0,584425,29221.25,555203.75
4712,2025-10-18,부산,식품,7,50535,0.15,5.0,43.0,353745,53061.75,300683.25
4713,2025-11-20,제주,식품,7,111713,0.3,3.0,44.0,781991,234597.3,547393.7
4714,2025-06-28,광주,생활용품,5,102397,0.25,1.0,33.0,511985,127996.25,383988.75
4715,2025-01-11,부산,전자제품,6,141844,0.3,2.0,34.0,851064,255319.2,595744.8
4716,2025-07-02,서울,전자제품,4,54051,0.25,3.0,49.0,216204,54051.0,162153.0
4717,2025-11-21,서울,생활용품,2,28744,0.0,3.0,39.0,57488,0.0,57488.0
4718,2025-12-28,부산,생활용품,5,103338,0.05,1.0,23.0,516690,25834.5,490855.5
4719,2025-05-27,부산,식품,7,96675,0.05,2.0,48.0,676725,33836.25,642888.75
4720,2025-02-24,광주,생활용품,7,94011,0.0,2.0,49.0,658077,0.0,658077.0
4721,2025-07-28,대구,전자제품,4,112278,0.3,2.0,61.0,449112,134733.6,314378.4
4722,2025-10-31,대구,전자제품,7,79087,0.2,5.0,23.0,553609,110721.8,442887.2
4723,2025-12-11,광주,식품,2,9375,0.3,1.0,42.0,18750,5625.0,13125.0
4724,2025-01-19,광주,의류,1,132369,0.1,4.0,65.0,132369,13236.9,119132.1
4725,2025-04-17,광주,전자제품,3,45217,0.3,2.0,32.0,135651,40695.3,94955.7
4726,2025-06-24,제주,전자제품,2,40677,0.3,3.0,57.0,81354,24406.2,56947.8
4727,2025-02-05,부산,생활용품,7,123040,0.0,2.0,36.0,861280,0.0,861280.0
4728,2025-11-20,제주,의류,1,120633,0.3,5.0,27.0,120633,36189.9,84443.1
4729,2025-02-10,대구,의류,4,78287,0.0,5.0,55.0,313148,0.0,313148.0
4730,2025-08-31,서울,생활용품,6,104979,0.15,2.0,59.0,629874,94481.1,535392.9
4731,2025-12-02,서울,전자제품,1,16705,0.05,1.0,66.0,16705,835.25,15869.75
4732,2025-09-08,서울,생활용품,1,45784,0.2,1.0,56.0,45784,9156.8,36627.2
4733,2025-10-06,제주,식품,4,40219,0.0,4.0,34.0,160876,0.0,160876.0
4734,2025-04-07,서울,생활용품,7,66144,0.25,5.0,56.0,463008,115752.0,347256.0
4735,2025-10-30,제주,생활용품,1,56794,0.15,1.0,19.0,56794,8519.1,48274.9
4736,2025-06-02,광주,전자제품,1,15007,0.3,1.0,35.0,15007,4502.1,10504.9
4737,2025-01-23,대구,전자제품,7,104847,0.15,3.0,29.0,733929,110089.35,623839.65
4738,2025-05-14,제주,의류,5,91649,0.15,5.0,45.0,458245,68736.75,389508.25
4739,2025-05-08,제주,의류,5,60002,0.25,4.0,54.0,300010,75002.5,225007.5
4740,2025-07-10,제주,전자제품,2,133745,0.3,1.0,49.0,267490,80247.0,187243.0
4741,2025-04-07,대구,식품,3,57313,0.1,5.0,27.0,171939,17193.9,154745.1
4742,2025-06-18,부산,생활용품,4,22083,0.15,2.0,37.0,88332,13249.8,75082.2
4743,2025-06-06,서울,생활용품,2,127969,0.1,2.0,22.0,255938,25593.8,230344.2
4744,2025-04-30,제주,전자제품,4,24139,0.0,2.0,47.0,96556,0.0,96556.0
4745,2025-09-12,제주,의류,7,15342,0.3,4.0,57.0,107394,32218.2,75175.8
4746,2025-04-22,대구,전자제품,6,73812,0.15,2.0,30.0,442872,66430.8,376441.2
4747,2025-10-07,서울,식품,7,88968,0.1,4.0,45.0,622776,62277.6,560498.4
4748,2025-04-02,제주,전자제품,4,45778,0.25,2.0,64.0,183112,45778.0,137334.0
4749,2025-11-12,부산,의류,6,126677,0.25,1.0,24.0,760062,190015.5,570046.5
4750,2025-05-14,대구,전자제품,3,45154,0.3,1.0,68.0,135462,40638.6,94823.4
4751,2025-01-15,광주,전자제품,5,144726,0.15,3.0,35.0,723630,108544.5,615085.5
4752,2025-02-24,서울,전자제품,6,97607,0.0,1.0,35.0,585642,0.0,585642.0
4753,2025-10-22,서울,전자제품,6,31760,0.15,3.0,55.0,190560,28584.0,161976.0
4754,2025-11-15,서울,전자제품,7,64487,0.15,4.0,36.0,451409,67711.35,383697.65
4755,2025-03-19,제주,의류,1,16006,0.05,3.0,39.0,16006,800.3,15205.7
4756,2025-08-08,제주,생활용품,6,127474,0.2,3.0,29.0,764844,152968.8,611875.2
4757,2025-07-29,대구,식품,5,98948,0.1,1.0,25.0,494740,49474.0,445266.0
4758,2025-02-18,대구,생활용품,6,67191,0.3,1.0,63.0,403146,120943.8,282202.2
4759,2025-06-14,대구,의류,1,103462,0.0,1.0,23.0,103462,0.0,103462.0
4760,2025-09-11,부산,식품,4,94215,0.25,1.0,26.0,376860,94215.0,282645.0
4761,2025-12-20,대구,전자제품,7,91978,0.2,3.0,61.0,643846,128769.2,515076.8
4762,2025-11-06,부산,생활용품,7,62694,0.05,2.0,60.0,438858,21942.9,416915.1
4763,2025-02-05,광주,전자제품,2,55970,0.1,4.0,29.0,111940,11194.0,100746.0
4764,2025-03-28,부산,식품,4,42123,0.3,2.0,62.0,168492,50547.6,117944.4
4765,2025-06-09,광주,전자제품,7,119050,0.1,2.0,56.0,833350,83335.0,750015.0
4766,2025-02-24,제주,생활용품,7,73343,0.2,3.0,34.0,513401,102680.2,410720.8
4767,2025-07-28,부산,생활용품,3,72984,0.15,2.0,22.0,218952,32842.8,186109.2
4768,2025-01-04,서울,식품,6,109470,0.3,1.0,59.0,656820,197046.0,459774.0
4769,2025-02-11,대구,식품,6,81996,0.2,1.0,54.0,491976,98395.2,393580.8
4770,2025-01-18,서울,의류,2,143158,0.25,5.0,42.0,286316,71579.0,214737.0
4771,2025-04-18,부산,의류,1,39897,0.3,1.0,32.0,39897,11969.1,27927.9
4772,2025-10-06,광주,식품,1,11114,0.0,2.0,36.0,11114,0.0,11114.0
4773,2025-03-06,대구,식품,2,66089,0.25,3.0,32.0,132178,33044.5,99133.5
4774,2025-12-27,대구,전자제품,6,82115,0.3,3.0,65.0,492690,147807.0,344883.0
4775,2025-04-09,광주,식품,3,124077,0.0,4.0,28.0,372231,0.0,372231.0
4776,2025-01-17,서울,의류,5,97215,0.15,4.0,42.0,486075,72911.25,413163.75
4777,2025-05-03,대구,의류,1,141194,0.05,4.0,51.0,141194,7059.7,134134.3
4778,2025-10-01,서울,생활용품,5,17429,0.3,2.0,20.0,87145,26143.5,61001.5
4779,2025-02-08,대구,의류,6,82917,0.1,5.0,44.0,497502,49750.2,447751.8
4780,2025-01-27,부산,생활용품,7,125230,0.05,1.0,51.0,876610,43830.5,832779.5
4781,2025-11-07,제주,의류,3,77813,0.0,2.0,45.0,233439,0.0,233439.0
4782,2025-08-05,부산,식품,4,45013,0.25,2.0,52.0,180052,45013.0,135039.0
4783,2025-05-06,부산,식품,4,116439,0.0,2.0,43.0,465756,0.0,465756.0
4784,2025-10-03,서울,의류,3,131863,0.1,3.0,51.0,395589,39558.9,356030.1
4785,2025-11-05,서울,식품,5,42569,0.15,1.0,69.0,212845,31926.75,180918.25
4786,2025-05-12,부산,생활용품,4,85128,0.0,5.0,37.0,340512,0.0,340512.0
4787,2025-07-24,부산,전자제품,6,121686,0.05,1.0,36.0,730116,36505.8,693610.2
4788,2025-01-04,광주,전자제품,1,27051,0.3,2.0,53.0,27051,8115.3,18935.7
4789,2025-04-22,제주,식품,2,6594,0.15,3.0,22.0,13188,1978.2,11209.8
4790,2025-08-06,제주,전자제품,5,112187,0.1,5.0,33.0,560935,56093.5,504841.5
4791,2025-03-13,제주,전자제품,5,114067,0.3,3.0,26.0,570335,171100.5,399234.5
4792,2025-12-28,제주,식품,7,27798,0.0,3.0,42.0,194586,0.0,194586.0
4793,2025-12-21,대구,전자제품,5,91562,0.05,2.0,24.0,457810,22890.5,434919.5
4794,2025-04-05,부산,전자제품,1,109455,0.3,4.0,29.0,109455,32836.5,76618.5
4795,2025-05-25,광주,의류,4,144619,0.25,3.0,40.0,578476,144619.0,433857.0
4796,2025-03-11,부산,식품,6,122189,0.15,1.0,50.0,733134,109970.1,623163.9
4797,2025-07-03,광주,생활용품,7,36883,0.3,3.0,40.0,258181,77454.3,180726.7
4798,2025-02-15,제주,전자제품,6,88452,0.2,5.0,60.0,530712,106142.4,424569.6
4799,2025-05-23,서울,의류,4,111313,0.25,5.0,60.0,445252,111313.0,333939.0
4800,2025-07-22,광주,의류,1,44308,0.3,2.0,23.0,44308,13292.4,31015.6
4801,2025-08-12,제주,의류,2,28608,0.15,4.0,54.0,57216,8582.4,48633.6
4802,2025-08-06,대구,의류,6,68414,0.15,2.0,19.0,410484,61572.6,348911.4
4803,2025-03-22,부산,전자제품,3,109330,0.2,4.0,27.0,327990,65598.0,262392.0
4804,2025-10-17,부산,생활용품,6,81563,0.0,3.0,58.0,489378,0.0,489378.0
4805,2025-09-10,서울,식품,1,92644,0.15,2.0,48.0,92644,13896.6,78747.4
4806,2025-10-02,부산,의류,4,101538,0.2,5.0,35.0,406152,81230.4,324921.6
4807,2025-06-20,광주,식품,7,143554,0.1,2.0,26.0,1004878,100487.8,904390.2
4808,2025-11-22,대구,식품,2,96919,0.2,2.0,35.0,193838,38767.6,155070.4
4809,2025-05-23,부산,의류,1,24566,0.1,5.0,59.0,24566,2456.6,22109.4
4810,2025-10-22,대구,생활용품,3,63061,0.05,2.0,47.0,189183,9459.15,179723.85
4811,2025-03-16,제주,생활용품,1,29632,0.05,1.0,24.0,29632,1481.6,28150.4
4812,2025-04-01,서울,의류,5,114934,0.15,5.0,43.0,574670,86200.5,488469.5
4813,2025-07-12,서울,의류,2,149593,0.05,3.0,28.0,299186,14959.3,284226.7
4814,2025-07-22,제주,의류,2,116856,0.1,5.0,24.0,233712,23371.2,210340.8
4815,2025-09-30,광주,생활용품,5,40660,0.15,1.0,22.0,203300,30495.0,172805.0
4816,2025-04-19,대구,전자제품,3,105968,0.0,4.0,58.0,317904,0.0,317904.0
4817,2025-11-15,제주,생활용품,5,8062,0.1,1.0,26.0,40310,4031.0,36279.0
4818,2025-05-01,대구,의류,7,44462,0.1,3.0,27.0,311234,31123.4,280110.6
4819,2025-07-14,대구,의류,7,48980,0.1,2.0,63.0,342860,34286.0,308574.0
4820,2025-12-07,부산,의류,6,73062,0.3,3.0,61.0,438372,131511.6,306860.4
4821,2025-07-16,제주,생활용품,7,51468,0.3,2.0,44.0,360276,108082.8,252193.2
4822,2025-09-06,광주,의류,6,67750,0.1,5.0,58.0,406500,40650.0,365850.0
4823,2025-11-28,부산,전자제품,1,6437,0.3,4.0,19.0,6437,1931.1,4505.9
4824,2025-12-22,광주,생활용품,7,123435,0.05,1.0,26.0,864045,43202.25,820842.75
4825,2025-07-02,광주,의류,4,62348,0.1,3.0,36.0,249392,24939.2,224452.8
4826,2025-06-02,서울,생활용품,1,122186,0.3,4.0,58.0,122186,36655.8,85530.2
4827,2025-03-13,서울,생활용품,5,13384,0.0,3.0,22.0,66920,0.0,66920.0
4828,2025-07-16,대구,생활용품,2,130582,0.1,4.0,53.0,261164,26116.4,235047.6
4829,2025-12-02,광주,전자제품,4,95827,0.25,3.0,21.0,383308,95827.0,287481.0
4830,2025-06-27,광주,의류,5,38520,0.3,5.0,70.0,192600,57780.0,134820.0
4831,2025-05-08,부산,생활용품,1,114135,0.3,4.0,,114135,34240.5,79894.5
4832,2025-02-09,제주,생활용품,4,113526,0.3,3.0,55.0,454104,136231.2,317872.8
4833,2025-05-23,대구,의류,1,110332,0.3,5.0,50.0,110332,33099.6,77232.4
4834,2025-03-28,부산,생활용품,1,131208,0.15,2.0,38.0,131208,19681.2,111526.8
4835,2025-12-23,서울,생활용품,2,143322,0.1,4.0,58.0,286644,28664.4,257979.6
4836,2025-07-12,제주,전자제품,6,29141,0.1,4.0,50.0,174846,17484.6,157361.4
4837,2025-02-20,광주,생활용품,3,45936,0.0,2.0,41.0,137808,0.0,137808.0
4838,2025-01-25,대구,의류,1,10790,0.0,5.0,53.0,10790,0.0,10790.0
4839,2025-11-07,부산,의류,6,14659,0.3,2.0,33.0,87954,26386.2,61567.8
4840,2025-12-06,서울,전자제품,4,20298,0.05,5.0,57.0,81192,4059.6,77132.4
4841,2025-10-06,서울,생활용품,1,105339,0.2,1.0,55.0,105339,21067.8,84271.2
4842,2025-02-15,서울,식품,4,92899,0.05,2.0,42.0,371596,18579.8,353016.2
4843,2025-02-05,대구,식품,2,10043,0.2,2.0,52.0,20086,4017.2,16068.8
4844,2025-03-14,서울,식품,5,66139,0.15,2.0,61.0,330695,49604.25,281090.75
4845,2025-10-02,서울,생활용품,7,21020,0.0,3.0,52.0,147140,0.0,147140.0
4846,2025-10-07,부산,식품,3,33282,0.1,4.0,33.0,99846,9984.6,89861.4
4847,2025-11-02,광주,전자제품,6,13057,0.25,3.0,32.0,78342,19585.5,58756.5
4848,2025-02-05,대구,전자제품,1,81604,0.25,3.0,69.0,81604,20401.0,61203.0
4849,2025-02-25,서울,생활용품,3,16785,0.1,1.0,60.0,50355,5035.5,45319.5
4850,2025-11-25,광주,전자제품,7,118901,0.1,1.0,34.0,832307,83230.7,749076.3
4851,2025-12-05,대구,생활용품,1,140155,0.25,2.0,55.0,140155,35038.75,105116.25
4852,2025-09-22,서울,전자제품,7,129094,0.1,1.0,19.0,903658,90365.8,813292.2
4853,2025-02-08,광주,생활용품,1,124427,0.0,1.0,54.0,124427,0.0,124427.0
4854,2025-01-26,제주,의류,4,114000,0.0,1.0,28.0,456000,0.0,456000.0
4855,2025-01-21,대구,전자제품,2,137056,0.1,2.0,34.0,274112,27411.2,246700.8
4856,2025-09-10,서울,생활용품,1,133400,0.05,1.0,67.0,133400,6670.0,126730.0
4857,2025-11-05,부산,식품,3,36352,0.0,1.0,25.0,109056,0.0,109056.0
4858,2025-08-19,대구,생활용품,5,92607,0.25,2.0,59.0,463035,115758.75,347276.25
4859,2025-04-06,제주,의류,6,49375,0.15,2.0,39.0,296250,44437.5,251812.5
4860,2025-10-04,제주,식품,3,126376,0.2,5.0,41.0,379128,75825.6,303302.4
4861,2025-01-22,제주,전자제품,4,6515,0.0,4.0,42.0,26060,0.0,26060.0
4862,2025-10-30,제주,식품,2,65492,0.1,4.0,65.0,130984,13098.4,117885.6
4863,2025-11-22,대구,전자제품,6,59963,0.15,4.0,44.0,359778,53966.7,305811.3
4864,2025-09-20,광주,생활용품,2,128610,0.2,1.0,31.0,257220,51444.0,205776.0
4865,2025-11-17,광주,전자제품,7,47712,0.3,3.0,,333984,100195.2,233788.8
4866,2025-08-02,광주,전자제품,2,134893,0.15,4.0,30.0,269786,40467.9,229318.1
4867,2025-06-20,광주,전자제품,5,76971,0.15,5.0,26.0,384855,57728.25,327126.75
4868,2025-04-28,서울,생활용품,3,104529,0.3,3.0,24.0,313587,94076.1,219510.9
4869,2025-12-03,제주,생활용품,7,81952,0.1,2.0,70.0,573664,57366.4,516297.6
4870,2025-09-12,서울,의류,2,67502,0.1,4.0,41.0,135004,13500.4,121503.6
4871,2025-03-11,대구,전자제품,7,49104,0.05,1.0,70.0,343728,17186.4,326541.6
4872,2025-12-16,대구,의류,6,45842,0.25,5.0,45.0,275052,68763.0,206289.0
4873,2025-01-22,제주,생활용품,4,97846,0.0,2.0,29.0,391384,0.0,391384.0
4874,2025-08-03,서울,전자제품,4,52151,0.05,1.0,25.0,208604,10430.2,198173.8
4875,2025-03-11,대구,생활용품,3,130306,0.1,2.0,58.0,390918,39091.8,351826.2
4876,2025-08-31,부산,전자제품,3,24191,0.15,5.0,24.0,72573,10885.95,61687.05
4877,2025-05-31,서울,생활용품,4,36236,0.0,3.0,20.0,144944,0.0,144944.0
4878,2025-06-09,부산,의류,2,11838,0.15,1.0,38.0,23676,3551.4,20124.6
4879,2025-09-03,대구,생활용품,3,130224,0.3,2.0,34.0,390672,117201.6,273470.4
4880,2025-10-03,제주,식품,7,65091,0.0,4.0,30.0,455637,0.0,455637.0
4881,2025-05-19,부산,생활용품,7,10091,0.15,1.0,45.0,70637,10595.55,60041.45
4882,2025-12-31,제주,생활용품,1,11187,0.2,5.0,48.0,11187,2237.4,8949.6
4883,2025-07-01,광주,식품,6,138119,0.1,4.0,41.0,828714,82871.4,745842.6
4884,2025-02-28,제주,의류,2,132686,0.2,4.0,45.0,265372,53074.4,212297.6
4885,2025-01-03,제주,식품,5,45150,0.1,4.0,53.0,225750,22575.0,203175.0
4886,2025-03-15,광주,식품,5,99244,0.05,1.0,26.0,496220,24811.0,471409.0
4887,2025-09-10,광주,생활용품,7,41612,0.25,5.0,37.0,291284,72821.0,218463.0
4888,2025-07-16,서울,전자제품,5,127332,0.3,2.0,18.0,636660,190998.0,445662.0
4889,2025-05-04,광주,전자제품,6,108732,0.1,1.0,69.0,652392,65239.2,587152.8
4890,2025-06-25,서울,식품,6,69440,0.0,1.0,52.0,416640,0.0,416640.0
4891,2025-11-02,광주,생활용품,5,139641,0.05,1.0,60.0,698205,34910.25,663294.75
4892,2025-07-28,광주,전자제품,3,37473,0.3,1.0,58.0,112419,33725.7,78693.3
4893,2025-01-22,광주,식품,3,149541,0.3,5.0,18.0,448623,134586.9,314036.1
4894,2025-01-18,광주,의류,3,47090,0.15,1.0,43.0,141270,21190.5,120079.5
4895,2025-06-25,부산,식품,3,133864,0.3,4.0,64.0,401592,120477.6,281114.4
4896,2025-05-28,부산,의류,3,128937,0.05,1.0,48.0,386811,19340.55,367470.45
4897,2025-11-07,대구,의류,3,86591,0.1,5.0,49.0,259773,25977.3,233795.7
4898,2025-08-01,대구,생활용품,4,22674,0.0,3.0,68.0,90696,0.0,90696.0
4899,2025-10-04,부산,생활용품,2,113913,0.15,3.0,57.0,227826,34173.9,193652.1
4900,2025-08-02,대구,식품,3,106249,0.2,1.0,58.0,318747,63749.4,254997.6
4901,2025-05-07,대구,식품,5,130459,0.3,5.0,60.0,652295,195688.5,456606.5
4902,2025-08-28,부산,식품,3,37725,0.25,3.0,35.0,113175,28293.75,84881.25
4903,2025-08-15,광주,식품,1,39702,0.2,1.0,69.0,39702,7940.4,31761.6
4904,2025-09-20,부산,생활용품,1,56209,0.2,4.0,63.0,56209,11241.8,44967.2
4905,2025-03-11,부산,의류,6,58480,0.2,5.0,19.0,350880,70176.0,280704.0
4906,2025-08-23,대구,의류,7,5441,0.1,1.0,47.0,38087,3808.7,34278.3
4907,2025-04-15,서울,식품,5,27261,0.15,2.0,31.0,136305,20445.75,115859.25
4908,2025-10-16,광주,의류,1,74468,0.05,4.0,45.0,74468,3723.4,70744.6
4909,2025-10-19,광주,의류,4,145216,0.0,1.0,60.0,580864,0.0,580864.0
4910,2025-08-17,제주,의류,2,23611,0.25,4.0,54.0,47222,11805.5,35416.5
4911,2025-12-12,부산,생활용품,3,39960,0.15,4.0,60.0,119880,17982.0,101898.0
4912,2025-07-16,대구,생활용품,7,129649,0.3,3.0,40.0,907543,272262.9,635280.1
4913,2025-01-10,대구,전자제품,6,10686,0.0,2.0,22.0,64116,0.0,64116.0
4914,2025-08-10,광주,전자제품,6,19170,0.1,3.0,64.0,115020,11502.0,103518.0
4915,2025-10-11,광주,생활용품,4,134032,0.05,1.0,22.0,536128,26806.4,509321.6
4916,2025-02-06,제주,식품,5,41303,0.25,4.0,26.0,206515,51628.75,154886.25
4917,2025-02-08,제주,식품,7,49647,0.1,4.0,56.0,347529,34752.9,312776.1
4918,2025-04-10,서울,생활용품,5,7145,0.2,,40.0,35725,7145.0,28580.0
4919,2025-11-05,부산,의류,5,63920,0.0,4.0,43.0,319600,0.0,319600.0
4920,2025-07-12,광주,전자제품,1,148968,0.15,3.0,21.0,148968,22345.2,126622.8
4921,2025-12-23,대구,전자제품,7,147893,0.15,3.0,27.0,1035251,155287.65,879963.35
4922,2025-11-15,대구,생활용품,6,98009,0.2,5.0,55.0,588054,117610.8,470443.2
4923,2025-07-22,서울,생활용품,3,102897,0.2,5.0,48.0,308691,61738.2,246952.8
4924,2025-09-05,대구,식품,2,98319,0.0,5.0,32.0,196638,0.0,196638.0
4925,2025-05-01,광주,생활용품,7,105768,0.0,3.0,39.0,740376,0.0,740376.0
4926,2025-02-02,서울,전자제품,7,80235,0.0,2.0,40.0,561645,0.0,561645.0
4927,2025-05-26,대구,생활용품,3,34834,0.05,1.0,66.0,104502,5225.1,99276.9
4928,2025-08-05,제주,전자제품,2,130868,0.25,3.0,64.0,261736,65434.0,196302.0
4929,2025-03-08,대구,의류,6,132526,0.05,5.0,43.0,795156,39757.8,755398.2
4930,2025-03-22,제주,생활용품,5,25907,0.3,5.0,27.0,129535,38860.5,90674.5
4931,2025-01-06,부산,의류,7,18712,0.0,1.0,48.0,130984,0.0,130984.0
4932,2025-09-25,서울,생활용품,4,119964,0.15,3.0,18.0,479856,71978.4,407877.6
4933,2025-11-25,광주,식품,4,11899,0.25,4.0,52.0,47596,11899.0,35697.0
4934,2025-10-30,부산,식품,2,122033,0.0,4.0,48.0,244066,0.0,244066.0
4935,2025-05-19,서울,식품,5,147367,0.15,5.0,65.0,736835,110525.25,626309.75
4936,2025-08-05,서울,전자제품,3,10238,0.0,1.0,41.0,30714,0.0,30714.0
4937,2025-12-17,제주,식품,2,120850,0.25,3.0,47.0,241700,60425.0,181275.0
4938,2025-08-04,광주,전자제품,6,24238,0.15,1.0,20.0,145428,21814.2,123613.8
4939,2025-04-18,부산,생활용품,3,47085,0.3,4.0,61.0,141255,42376.5,98878.5
4940,2025-05-04,대구,전자제품,2,84337,0.2,3.0,33.0,168674,33734.8,134939.2
4941,2025-09-23,부산,전자제품,7,103617,0.1,3.0,58.0,725319,72531.9,652787.1
4942,2025-06-12,서울,의류,7,18077,0.05,5.0,30.0,126539,6326.95,120212.05
4943,2025-11-02,제주,의류,4,20843,0.05,5.0,36.0,83372,4168.6,79203.4
4944,2025-11-12,제주,전자제품,3,45943,0.0,2.0,31.0,137829,0.0,137829.0
4945,2025-01-14,부산,의류,2,103851,0.1,5.0,65.0,207702,20770.2,186931.8
4946,2025-09-22,부산,전자제품,5,63533,0.25,5.0,59.0,317665,79416.25,238248.75
4947,2025-05-16,제주,생활용품,5,44955,0.1,1.0,55.0,224775,22477.5,202297.5
4948,2025-07-09,대구,전자제품,5,27796,0.05,4.0,34.0,138980,6949.0,132031.0
4949,2025-04-07,부산,의류,6,145425,0.0,1.0,56.0,872550,0.0,872550.0
4950,2025-05-15,부산,의류,4,107101,0.15,4.0,43.0,428404,64260.6,364143.4
4951,2025-05-01,대구,식품,5,147953,0.05,4.0,55.0,739765,36988.25,702776.75
4952,2025-01-19,대구,의류,5,76784,0.25,5.0,32.0,383920,95980.0,287940.0
4953,2025-10-13,서울,식품,6,123715,0.1,3.0,46.0,742290,74229.0,668061.0
4954,2025-02-22,대구,의류,6,97774,0.0,2.0,68.0,586644,0.0,586644.0
4955,2025-05-18,대구,전자제품,1,81142,0.05,4.0,22.0,81142,4057.1,77084.9
4956,2025-03-12,부산,의류,5,73773,0.15,2.0,59.0,368865,55329.75,313535.25
4957,2025-02-28,부산,생활용품,7,77519,0.0,1.0,54.0,542633,0.0,542633.0
4958,2025-05-17,대구,생활용품,4,64810,0.0,1.0,40.0,259240,0.0,259240.0
4959,2025-12-02,부산,식품,4,97790,0.3,,66.0,391160,117348.0,273812.0
4960,2025-12-11,제주,식품,5,76396,0.1,2.0,56.0,381980,38198.0,343782.0
4961,2025-05-20,대구,식품,4,145754,0.25,1.0,45.0,583016,145754.0,437262.0
4962,2025-07-04,대구,생활용품,3,135430,0.3,1.0,34.0,406290,121887.0,284403.0
4963,2025-12-26,부산,생활용품,7,72329,0.0,1.0,54.0,506303,0.0,506303.0
4964,2025-03-27,제주,의류,1,62426,0.2,4.0,22.0,62426,12485.2,49940.8
4965,2025-12-11,서울,생활용품,6,115055,0.25,1.0,31.0,690330,172582.5,517747.5
4966,2025-02-08,대구,전자제품,2,98128,0.0,5.0,40.0,196256,0.0,196256.0
4967,2025-03-24,서울,생활용품,2,38610,0.1,3.0,29.0,77220,7722.0,69498.0
4968,2025-05-04,광주,생활용품,5,125925,0.0,2.0,47.0,629625,0.0,629625.0
4969,2025-01-14,부산,의류,5,103928,0.0,5.0,64.0,519640,0.0,519640.0
4970,2025-10-25,부산,의류,7,95058,0.1,3.0,36.0,665406,66540.6,598865.4
4971,2025-11-09,서울,생활용품,3,118400,0.05,2.0,39.0,355200,17760.0,337440.0
4972,2025-05-20,광주,의류,1,37779,0.3,4.0,39.0,37779,11333.7,26445.3
4973,2025-11-02,부산,생활용품,2,120994,0.05,4.0,56.0,241988,12099.4,229888.6
4974,2025-10-09,부산,전자제품,4,22684,0.25,4.0,55.0,90736,22684.0,68052.0
4975,2025-10-20,제주,의류,3,120054,0.0,4.0,30.0,360162,0.0,360162.0
4976,2025-10-20,서울,식품,2,90677,0.2,5.0,65.0,181354,36270.8,145083.2
4977,2025-07-29,대구,생활용품,7,89388,0.2,3.0,52.0,625716,125143.2,500572.8
4978,2025-02-10,서울,생활용품,4,110473,0.05,2.0,65.0,441892,22094.6,419797.4
4979,2025-12-04,서울,생활용품,5,50054,0.15,1.0,64.0,250270,37540.5,212729.5
4980,2025-08-11,서울,전자제품,6,116467,0.3,2.0,48.0,698802,209640.6,489161.4
4981,2025-11-25,서울,식품,3,8710,0.2,4.0,55.0,26130,5226.0,20904.0
4982,2025-12-17,제주,전자제품,6,105602,0.25,5.0,51.0,633612,158403.0,475209.0
4983,2025-03-10,대구,생활용품,7,120187,0.1,2.0,50.0,841309,84130.9,757178.1
4984,2025-05-27,제주,식품,6,5500,0.05,1.0,46.0,33000,1650.0,31350.0
4985,2025-03-12,부산,의류,3,105716,0.15,4.0,30.0,317148,47572.2,269575.8
4986,2025-01-19,광주,식품,6,117207,0.1,4.0,37.0,703242,70324.2,632917.8
4987,2025-12-19,서울,생활용품,2,80717,0.3,1.0,55.0,161434,48430.2,113003.8
4988,2025-12-04,서울,생활용품,1,92670,0.1,1.0,57.0,92670,9267.0,83403.0
4989,2025-12-07,서울,생활용품,4,13610,0.2,2.0,42.0,54440,10888.0,43552.0
4990,2025-11-19,제주,의류,4,148287,0.2,3.0,23.0,593148,118629.6,474518.4
4991,2025-08-25,광주,전자제품,4,145177,0.1,1.0,25.0,580708,58070.8,522637.2
4992,2025-07-10,광주,생활용품,2,115865,0.1,3.0,65.0,231730,23173.0,208557.0
4993,2025-12-28,제주,전자제품,2,7197,0.25,3.0,24.0,14394,3598.5,10795.5
4994,2025-07-21,부산,식품,7,67380,0.05,4.0,33.0,471660,23583.0,448077.0
4995,2025-08-23,광주,식품,3,123603,0.1,5.0,21.0,370809,37080.9,333728.1
4996,2025-03-19,대구,식품,6,103042,0.2,1.0,29.0,618252,123650.4,494601.6
4997,2025-09-30,대구,생활용품,2,136175,0.0,3.0,62.0,272350,0.0,272350.0
4998,2025-10-27,광주,전자제품,1,94311,0.2,5.0,32.0,94311,18862.2,75448.8
4999,2025-09-05,대구,의류,1,108500,0.25,1.0,62.0,108500,27125.0,81375.0
5000,2025-07-01,서울,전자제품,2,0,0.15,5.0,61.0,0,0.0,0.0
5001,2025-03-14,서울,생활용품,6,122862,0.2,2.0,55.0,737172,147434.4,589737.6
5002,2025-01-13,대구,의류,4,82362,0.15,4.0,32.0,329448,49417.2,280030.8
5003,2025-08-17,대구,식품,5,121011,0.2,4.0,70.0,605055,121011.0,484044.0
5004,2025-09-07,광주,전자제품,7,34635,0.0,5.0,50.0,242445,0.0,242445.0
5005,2025-10-10,대구,전자제품,1,43894,0.2,1.0,58.0,43894,8778.8,35115.2
5006,2025-12-13,서울,전자제품,1,17735,0.15,5.0,36.0,17735,2660.25,15074.75
5007,2025-07-01,부산,식품,7,102881,0.0,3.0,53.0,720167,0.0,720167.0
5008,2025-10-30,대구,생활용품,4,111289,0.25,4.0,52.0,445156,111289.0,333867.0
5009,2025-09-19,제주,전자제품,5,46134,0.05,4.0,49.0,230670,11533.5,219136.5
5010,2025-04-12,대구,의류,3,60699,0.2,3.0,49.0,182097,36419.4,145677.6
5011,2025-11-05,광주,식품,6,87571,0.25,3.0,55.0,525426,131356.5,394069.5
5012,2025-01-20,광주,전자제품,5,114579,0.3,5.0,70.0,572895,171868.5,401026.5
5013,2025-08-07,부산,의류,2,48926,0.2,3.0,64.0,97852,19570.4,78281.6
5014,2025-12-10,제주,의류,5,75809,0.25,5.0,34.0,379045,94761.25,284283.75
5015,2025-08-29,광주,생활용품,1,31898,0.2,4.0,65.0,31898,6379.6,25518.4
5016,2025-12-09,제주,의류,2,122420,0.25,4.0,36.0,244840,61210.0,183630.0
5017,2025-01-21,광주,식품,2,131644,0.3,3.0,31.0,263288,78986.4,184301.6
5018,2025-07-14,광주,생활용품,6,112244,0.15,2.0,28.0,673464,101019.6,572444.4
5019,2025-10-12,서울,전자제품,6,123245,0.1,4.0,55.0,739470,73947.0,665523.0
5020,2025-08-23,대구,의류,1,115799,0.05,2.0,42.0,115799,5789.95,110009.05
5021,2025-11-18,서울,생활용품,7,126178,0.3,4.0,61.0,883246,264973.8,618272.2
5022,2025-06-18,광주,전자제품,6,67253,0.3,4.0,62.0,403518,121055.4,282462.6
5023,2025-09-07,광주,생활용품,4,34797,0.2,3.0,46.0,139188,27837.6,111350.4
5024,2025-06-03,대구,전자제품,2,144371,0.2,5.0,29.0,288742,57748.4,230993.6
5025,2025-11-15,부산,식품,3,5342,0.05,1.0,23.0,16026,801.3,15224.7
5026,2025-02-13,서울,식품,5,63762,0.3,2.0,68.0,318810,95643.0,223167.0
5027,2025-04-03,광주,전자제품,5,110308,0.0,2.0,34.0,551540,0.0,551540.0
5028,2025-02-05,광주,의류,3,120006,0.2,5.0,18.0,360018,72003.6,288014.4
5029,2025-09-14,대구,식품,1,104406,0.05,3.0,39.0,104406,5220.3,99185.7
5030,2025-03-26,광주,의류,5,75990,0.15,2.0,60.0,379950,56992.5,322957.5
5031,2025-04-26,광주,식품,5,138755,0.0,5.0,22.0,693775,0.0,693775.0
5032,2025-11-02,대구,의류,2,39087,0.0,3.0,54.0,78174,0.0,78174.0
5033,2025-05-12,서울,생활용품,5,25601,0.1,2.0,40.0,128005,12800.5,115204.5
5034,2025-02-23,제주,의류,4,96193,0.1,5.0,65.0,384772,38477.2,346294.8
5035,2025-01-08,대구,전자제품,4,51469,0.3,1.0,41.0,205876,61762.8,144113.2
5036,2025-03-24,광주,식품,1,73021,0.2,5.0,45.0,73021,14604.2,58416.8
5037,2025-11-30,제주,식품,3,71252,0.0,1.0,42.0,213756,0.0,213756.0
5038,2025-07-20,부산,전자제품,3,43290,0.3,3.0,54.0,129870,38961.0,90909.0
5039,2025-12-30,광주,전자제품,6,149776,0.2,3.0,21.0,898656,179731.2,718924.8
5040,2025-03-20,서울,전자제품,6,60467,0.25,5.0,20.0,362802,90700.5,272101.5
5041,2025-05-09,제주,생활용품,7,102209,0.3,5.0,48.0,715463,214638.9,500824.1
5042,2025-03-01,서울,식품,4,28191,0.15,5.0,38.0,112764,16914.6,95849.4
5043,2025-05-26,대구,생활용품,3,148710,0.05,,26.0,446130,22306.5,423823.5
5044,2025-07-25,부산,의류,4,148122,0.15,5.0,58.0,592488,88873.2,503614.8
5045,2025-10-22,서울,의류,6,15021,0.2,3.0,57.0,90126,18025.2,72100.8
5046,2025-05-15,대구,생활용품,5,98262,0.0,5.0,23.0,491310,0.0,491310.0
5047,2025-10-09,제주,의류,5,91219,0.3,4.0,27.0,456095,136828.5,319266.5
5048,2025-08-17,서울,전자제품,4,30164,0.1,2.0,59.0,120656,12065.6,108590.4
5049,2025-04-17,부산,식품,5,116568,0.2,5.0,43.0,582840,116568.0,466272.0
5050,2025-11-29,서울,의류,7,115866,0.3,1.0,34.0,811062,243318.6,567743.4
5051,2025-06-08,서울,전자제품,5,127398,0.3,1.0,46.0,636990,191097.0,445893.0
5052,2025-02-25,부산,전자제품,3,92272,0.25,1.0,36.0,276816,69204.0,207612.0
5053,2025-12-18,대구,전자제품,6,107546,0.1,3.0,22.0,645276,64527.6,580748.4
5054,2025-11-30,광주,의류,7,109770,0.15,1.0,52.0,768390,115258.5,653131.5
5055,2025-01-19,광주,식품,6,116275,0.15,2.0,54.0,697650,104647.5,593002.5
5056,2025-11-26,광주,전자제품,7,89751,0.3,2.0,22.0,628257,188477.1,439779.9
5057,2025-12-12,광주,의류,2,112977,0.0,2.0,31.0,225954,0.0,225954.0
5058,2025-10-30,부산,의류,3,13767,0.0,1.0,51.0,41301,0.0,41301.0
5059,2025-04-04,제주,의류,2,94563,0.0,2.0,58.0,189126,0.0,189126.0
5060,2025-08-19,서울,전자제품,3,34469,0.3,2.0,66.0,103407,31022.1,72384.9
5061,2025-07-16,광주,생활용품,6,64019,0.15,4.0,50.0,384114,57617.1,326496.9
5062,2025-08-15,서울,전자제품,5,116468,0.2,3.0,22.0,582340,116468.0,465872.0
5063,2025-08-14,광주,의류,1,21501,0.0,2.0,36.0,21501,0.0,21501.0
5064,2025-08-22,서울,의류,6,114381,0.0,1.0,31.0,686286,0.0,686286.0
5065,2025-07-07,부산,전자제품,2,42634,0.2,3.0,70.0,85268,17053.6,68214.4
5066,2025-09-10,부산,식품,2,114312,0.2,2.0,18.0,228624,45724.8,182899.2
5067,2025-07-12,광주,전자제품,4,0,0.1,4.0,37.0,0,0.0,0.0
5068,2025-01-07,서울,식품,2,7206,0.0,2.0,45.0,14412,0.0,14412.0
5069,2025-01-13,부산,의류,7,38893,0.15,5.0,33.0,272251,40837.65,231413.35
5070,2025-12-16,부산,식품,2,121747,0.2,1.0,56.0,243494,48698.8,194795.2
5071,2025-11-28,광주,의류,2,0,0.05,5.0,24.0,0,0.0,0.0
5072,2025-08-02,제주,생활용품,6,68674,0.1,4.0,67.0,412044,41204.4,370839.6
5073,2025-03-05,광주,전자제품,3,7270,0.25,4.0,39.0,21810,5452.5,16357.5
5074,2025-10-13,대구,식품,6,105581,0.05,5.0,37.0,633486,31674.3,601811.7
5075,2025-02-22,부산,전자제품,5,18530,0.0,3.0,66.0,92650,0.0,92650.0
5076,2025-05-18,제주,의류,2,44451,0.2,4.0,25.0,88902,17780.4,71121.6
5077,2025-05-01,서울,전자제품,5,74145,0.0,3.0,42.0,370725,0.0,370725.0
5078,2025-01-05,서울,생활용품,4,116582,0.15,4.0,19.0,466328,69949.2,396378.8
5079,2025-10-22,부산,식품,1,77250,0.15,3.0,45.0,77250,11587.5,65662.5
5080,2025-07-06,부산,의류,6,147431,0.0,5.0,35.0,884586,0.0,884586.0
5081,2025-04-26,대구,전자제품,7,80730,0.2,2.0,57.0,565110,113022.0,452088.0
5082,2025-07-05,제주,식품,7,41763,0.25,4.0,45.0,292341,73085.25,219255.75
5083,2025-01-01,광주,전자제품,1,32675,0.3,1.0,51.0,32675,9802.5,22872.5
5084,2025-06-09,부산,의류,2,118709,0.05,1.0,65.0,237418,11870.9,225547.1
5085,2025-07-09,부산,전자제품,6,71640,0.1,4.0,68.0,429840,42984.0,386856.0
5086,2025-05-04,광주,전자제품,3,92718,0.2,2.0,29.0,278154,55630.8,222523.2
5087,2025-10-31,부산,의류,5,58676,0.2,1.0,44.0,293380,58676.0,234704.0
5088,2025-04-02,제주,의류,3,44599,0.2,4.0,59.0,133797,26759.4,107037.6
5089,2025-02-20,대구,식품,2,91981,0.1,4.0,24.0,183962,18396.2,165565.8
5090,2025-07-12,대구,식품,5,47682,0.0,4.0,43.0,238410,0.0,238410.0
5091,2025-11-20,제주,식품,2,149985,0.0,3.0,47.0,299970,0.0,299970.0
5092,2025-05-17,부산,생활용품,1,111088,0.3,5.0,63.0,111088,33326.4,77761.6
5093,2025-01-18,대구,식품,4,123841,0.1,1.0,22.0,495364,49536.4,445827.6
5094,2025-12-21,대구,생활용품,2,46230,0.15,1.0,63.0,92460,13869.0,78591.0
5095,2025-06-12,부산,전자제품,2,9246,0.2,2.0,30.0,18492,3698.4,14793.6
5096,2025-03-05,서울,전자제품,6,11930,0.05,5.0,63.0,71580,3579.0,68001.0
5097,2025-08-13,부산,식품,4,129550,0.1,4.0,52.0,518200,51820.0,466380.0
5098,2025-04-27,서울,전자제품,4,131725,0.15,3.0,39.0,526900,79035.0,447865.0
5099,2025-12-09,광주,의류,2,103528,0.0,5.0,25.0,207056,0.0,207056.0
5100,2025-04-18,서울,식품,2,90398,0.2,5.0,36.0,180796,36159.2,144636.8
5101,2025-07-20,부산,식품,3,35334,0.05,1.0,57.0,106002,5300.1,100701.9
5102,2025-07-18,제주,의류,3,114979,0.0,3.0,28.0,344937,0.0,344937.0
5103,2025-03-30,대구,전자제품,4,10000000,0.2,5.0,53.0,40000000,8000000.0,32000000.0
5104,2025-07-02,광주,식품,1,92468,0.1,1.0,30.0,92468,9246.8,83221.2
5105,2025-02-09,광주,생활용품,7,8473,0.25,1.0,22.0,59311,14827.75,44483.25
5106,2025-08-23,부산,의류,3,79886,0.15,2.0,50.0,239658,35948.7,203709.3
5107,2025-10-04,광주,의류,6,105584,0.0,5.0,61.0,633504,0.0,633504.0
5108,2025-12-13,부산,의류,3,116648,0.2,2.0,68.0,349944,69988.8,279955.2
5109,2025-04-29,광주,식품,4,26091,0.0,4.0,44.0,104364,0.0,104364.0
5110,2025-04-15,광주,생활용품,1,9662,0.1,2.0,50.0,9662,966.2,8695.8
5111,2025-07-20,제주,생활용품,5,129064,0.2,4.0,54.0,645320,129064.0,516256.0
5112,2025-09-10,제주,식품,1,50223,0.1,5.0,39.0,50223,5022.3,45200.7
5113,2025-12-29,서울,생활용품,6,73564,0.1,1.0,19.0,441384,44138.4,397245.6
5114,2025-01-10,부산,전자제품,7,95983,0.05,2.0,30.0,671881,33594.05,638286.95
5115,2025-03-28,대구,식품,3,76254,0.15,3.0,38.0,228762,34314.3,194447.7
5116,2025-04-06,부산,식품,7,141877,0.1,1.0,52.0,993139,99313.9,893825.1
5117,2025-04-04,광주,의류,5,127134,0.3,4.0,34.0,635670,190701.0,444969.0
5118,2025-06-19,제주,의류,1,62079,0.2,2.0,29.0,62079,12415.8,49663.2
5119,2025-11-15,부산,식품,2,32700,0.3,1.0,65.0,65400,19620.0,45780.0
5120,2025-01-12,제주,식품,5,146418,0.1,4.0,22.0,732090,73209.0,658881.0
5121,2025-10-25,제주,의류,5,107697,0.3,1.0,59.0,538485,161545.5,376939.5
5122,2025-08-14,제주,식품,1,114516,0.05,2.0,22.0,114516,5725.8,108790.2
5123,2025-08-13,서울,식품,5,72280,0.1,1.0,34.0,361400,36140.0,325260.0
5124,2025-09-05,부산,식품,6,75310,0.1,1.0,63.0,451860,45186.0,406674.0
5125,2025-02-12,서울,생활용품,1,31360,0.2,3.0,62.0,31360,6272.0,25088.0
5126,2025-09-30,서울,의류,7,67228,0.2,5.0,38.0,470596,94119.2,376476.8
5127,2025-04-01,서울,전자제품,4,83674,0.0,2.0,18.0,334696,0.0,334696.0
5128,2025-07-08,대구,생활용품,5,23769,0.15,2.0,67.0,118845,17826.75,101018.25
5129,2025-09-05,서울,의류,1,97135,0.3,5.0,65.0,97135,29140.5,67994.5
5130,2025-08-09,부산,식품,5,94203,0.1,5.0,44.0,471015,47101.5,423913.5
5131,2025-04-28,제주,의류,4,126933,0.2,2.0,19.0,507732,101546.4,406185.6
5132,2025-05-25,제주,전자제품,3,12591,0.2,1.0,54.0,37773,7554.6,30218.4
5133,2025-06-23,제주,전자제품,6,37722,0.3,4.0,59.0,226332,67899.6,158432.4
5134,2025-01-16,서울,식품,2,67216,0.2,4.0,61.0,134432,26886.4,107545.6
5135,2025-09-23,광주,생활용품,1,132587,0.15,5.0,56.0,132587,19888.05,112698.95
5136,2025-02-06,광주,식품,4,39468,0.0,4.0,64.0,157872,0.0,157872.0
5137,2025-06-17,서울,식품,6,145962,0.25,5.0,45.0,875772,218943.0,656829.0
5138,2025-08-28,제주,생활용품,1,143662,0.1,1.0,26.0,143662,14366.2,129295.8
5139,2025-01-30,대구,생활용품,7,18755,0.3,1.0,54.0,131285,39385.5,91899.5
5140,2025-12-30,제주,식품,5,57673,0.05,4.0,29.0,288365,14418.25,273946.75
5141,2025-05-18,서울,전자제품,7,42535,0.15,4.0,51.0,297745,44661.75,253083.25
5142,2025-01-06,광주,의류,4,75942,0.25,2.0,25.0,303768,75942.0,227826.0
5143,2025-08-29,서울,의류,1,139030,0.05,3.0,20.0,139030,6951.5,132078.5
5144,2025-07-23,제주,생활용품,2,59446,0.05,2.0,41.0,118892,5944.6,112947.4
5145,2025-08-22,광주,생활용품,4,101129,0.25,1.0,49.0,404516,101129.0,303387.0
5146,2025-10-02,서울,의류,5,24895,0.1,5.0,26.0,124475,12447.5,112027.5
5147,2025-06-23,부산,전자제품,6,0,0.3,5.0,59.0,0,0.0,0.0
5148,2025-10-29,부산,전자제품,6,56124,0.15,5.0,52.0,336744,50511.6,286232.4
5149,2025-05-16,서울,의류,6,138082,0.25,3.0,60.0,828492,207123.0,621369.0
5150,2025-07-18,서울,의류,5,117955,0.15,1.0,37.0,589775,88466.25,501308.75
5151,2025-02-27,제주,식품,1,36195,0.0,3.0,52.0,36195,0.0,36195.0
5152,2025-08-15,제주,식품,4,95073,0.25,4.0,69.0,380292,95073.0,285219.0
5153,2025-04-06,대구,의류,6,54605,0.1,1.0,27.0,327630,32763.0,294867.0
5154,2025-09-12,제주,식품,6,68425,0.1,1.0,61.0,410550,41055.0,369495.0
5155,2025-10-20,광주,전자제품,6,72079,0.25,5.0,51.0,432474,108118.5,324355.5
5156,2025-11-10,서울,생활용품,1,123983,0.05,1.0,56.0,123983,6199.15,117783.85
5157,2025-12-06,광주,식품,4,47076,0.1,3.0,51.0,188304,18830.4,169473.6
5158,2025-02-14,서울,식품,5,5601,0.2,1.0,54.0,28005,5601.0,22404.0
5159,2025-02-20,제주,전자제품,2,32970,0.2,1.0,59.0,65940,13188.0,52752.0
5160,2025-12-05,부산,식품,3,124857,0.25,4.0,20.0,374571,93642.75,280928.25
5161,2025-05-20,서울,생활용품,1,48019,0.0,1.0,19.0,48019,0.0,48019.0
5162,2025-01-10,부산,전자제품,2,13632,0.3,4.0,22.0,27264,8179.2,19084.8
5163,2025-04-15,광주,전자제품,1,63055,0.2,5.0,67.0,63055,12611.0,50444.0
5164,2025-11-02,제주,전자제품,7,131190,0.2,3.0,40.0,918330,183666.0,734664.0
5165,2025-05-10,대구,전자제품,7,131615,0.3,1.0,70.0,921305,276391.5,644913.5
5166,2025-01-29,서울,의류,3,142398,0.15,5.0,66.0,427194,64079.1,363114.9
5167,2025-09-21,제주,식품,1,104160,0.0,2.0,36.0,104160,0.0,104160.0
5168,2025-03-13,광주,생활용품,3,123780,0.0,4.0,22.0,371340,0.0,371340.0
5169,2025-05-09,대구,식품,4,117084,0.3,1.0,62.0,468336,140500.8,327835.2
5170,2025-01-02,대구,의류,2,7841,0.3,1.0,40.0,15682,4704.6,10977.4
5171,2025-08-08,제주,전자제품,5,65611,0.0,4.0,33.0,328055,0.0,328055.0
5172,2025-06-12,부산,식품,7,81300,0.2,2.0,60.0,569100,113820.0,455280.0
5173,2025-11-13,서울,식품,6,72256,0.2,3.0,43.0,433536,86707.2,346828.8
5174,2025-05-03,서울,전자제품,6,125176,0.05,3.0,34.0,751056,37552.8,713503.2
5175,2025-03-16,광주,식품,6,147411,0.25,1.0,39.0,884466,221116.5,663349.5
5176,2025-03-02,제주,식품,1,84027,0.15,2.0,67.0,84027,12604.05,71422.95
5177,2025-03-15,광주,식품,4,18964,0.05,1.0,34.0,75856,3792.8,72063.2
5178,2025-06-14,광주,의류,4,57191,0.15,1.0,67.0,228764,34314.6,194449.4
5179,2025-02-01,부산,생활용품,1,33670,0.3,5.0,49.0,33670,10101.0,23569.0
5180,2025-05-27,대구,생활용품,2,73251,0.05,1.0,21.0,146502,7325.1,139176.9
5181,2025-11-08,서울,전자제품,4,38950,0.2,5.0,23.0,155800,31160.0,124640.0
5182,2025-10-08,부산,의류,6,16700,0.25,3.0,50.0,100200,25050.0,75150.0
5183,2025-08-21,광주,생활용품,2,29876,0.2,2.0,25.0,59752,11950.4,47801.6
5184,2025-11-22,제주,생활용품,4,76965,0.2,3.0,25.0,307860,61572.0,246288.0
5185,2025-10-12,제주,식품,1,25513,0.25,5.0,42.0,25513,6378.25,19134.75
5186,2025-08-27,제주,생활용품,1,9037,0.05,4.0,41.0,9037,451.85,8585.15
5187,2025-11-12,서울,생활용품,5,45656,0.0,1.0,67.0,228280,0.0,228280.0
5188,2025-02-15,제주,식품,4,98397,0.3,4.0,65.0,393588,118076.4,275511.6
5189,2025-10-26,부산,생활용품,6,96460,0.1,4.0,67.0,578760,57876.0,520884.0
5190,2025-04-18,광주,의류,7,61615,0.3,5.0,21.0,431305,129391.5,301913.5
5191,2025-09-25,제주,생활용품,2,101184,0.05,2.0,60.0,202368,10118.4,192249.6
5192,2025-11-30,제주,의류,3,32744,0.05,5.0,67.0,98232,4911.6,93320.4
5193,2025-07-01,광주,생활용품,6,109769,0.0,2.0,50.0,658614,0.0,658614.0
5194,2025-02-02,부산,생활용품,1,7520,0.15,2.0,70.0,7520,1128.0,6392.0
5195,2025-05-16,대구,생활용품,6,24594,0.3,4.0,60.0,147564,44269.2,103294.8
5196,2025-05-29,광주,식품,7,138708,0.3,3.0,53.0,970956,291286.8,679669.2
5197,2025-12-08,대구,의류,1,72836,0.1,2.0,39.0,72836,7283.6,65552.4
5198,2025-12-11,대구,의류,1,85666,0.1,2.0,36.0,85666,8566.6,77099.4
5199,2025-07-27,대구,생활용품,5,62619,0.2,4.0,38.0,313095,62619.0,250476.0
5200,2025-12-13,대구,식품,4,98808,0.3,5.0,31.0,395232,118569.6,276662.4
5201,2025-06-09,서울,식품,7,113463,0.2,2.0,48.0,794241,158848.2,635392.8
5202,2025-05-31,제주,의류,4,118007,0.05,3.0,40.0,472028,23601.4,448426.6
5203,2025-11-02,서울,생활용품,5,41123,0.1,2.0,33.0,205615,20561.5,185053.5
5204,2025-09-01,제주,생활용품,2,95856,0.25,2.0,27.0,191712,47928.0,143784.0
5205,2025-07-10,서울,전자제품,3,118737,0.0,4.0,45.0,356211,0.0,356211.0
5206,2025-06-16,대구,생활용품,2,64900,0.2,4.0,19.0,129800,25960.0,103840.0
5207,2025-09-15,대구,생활용품,2,60393,0.25,3.0,37.0,120786,30196.5,90589.5
5208,2025-10-03,대구,전자제품,1,96000,0.1,3.0,21.0,96000,9600.0,86400.0
5209,2025-06-29,대구,전자제품,7,88202,0.15,3.0,35.0,617414,92612.1,524801.9
5210,2025-01-12,제주,전자제품,1,41615,0.25,5.0,53.0,41615,10403.75,31211.25
5211,2025-02-07,서울,생활용품,4,143888,0.2,5.0,51.0,575552,115110.4,460441.6
5212,2025-02-22,제주,생활용품,4,86396,0.0,1.0,19.0,345584,0.0,345584.0
5213,2025-06-18,광주,의류,1,86846,0.2,5.0,55.0,86846,17369.2,69476.8
5214,2025-08-13,광주,의류,6,34810,0.05,2.0,33.0,208860,10443.0,198417.0
5215,2025-10-21,서울,식품,4,102928,0.25,4.0,43.0,411712,102928.0,308784.0
5216,2025-03-26,서울,생활용품,1,138027,0.05,5.0,53.0,138027,6901.35,131125.65
5217,2025-10-15,부산,전자제품,1,110285,0.3,3.0,19.0,110285,33085.5,77199.5
5218,2025-09-01,부산,식품,5,78887,0.0,3.0,27.0,394435,0.0,394435.0
5219,2025-01-19,광주,전자제품,5,97304,0.3,4.0,26.0,486520,145956.0,340564.0
5220,2025-05-09,제주,생활용품,3,38907,0.0,2.0,35.0,116721,0.0,116721.0
5221,2025-04-21,대구,의류,3,13780,0.2,2.0,18.0,41340,8268.0,33072.0
5222,2025-11-20,광주,의류,1,97747,0.1,4.0,19.0,97747,9774.7,87972.3
5223,2025-12-03,서울,생활용품,1,31359,0.05,2.0,45.0,31359,1567.95,29791.05
5224,2025-10-27,광주,전자제품,4,18096,0.05,4.0,23.0,72384,3619.2,68764.8
5225,2025-07-12,서울,생활용품,3,117356,0.0,2.0,41.0,352068,0.0,352068.0
5226,2025-06-29,광주,전자제품,2,67933,0.0,1.0,29.0,135866,0.0,135866.0
5227,2025-04-24,부산,생활용품,3,128732,0.1,1.0,70.0,386196,38619.6,347576.4
5228,2025-10-10,대구,의류,5,130565,0.05,2.0,24.0,652825,32641.25,620183.75
5229,2025-02-01,부산,생활용품,3,22825,0.3,1.0,43.0,68475,20542.5,47932.5
5230,2025-04-09,대구,전자제품,3,0,0.25,,43.0,0,0.0,0.0
5231,2025-02-19,제주,생활용품,2,53554,0.15,3.0,57.0,107108,16066.2,91041.8
5232,2025-06-30,제주,생활용품,5,106999,0.0,2.0,24.0,534995,0.0,534995.0
5233,2025-04-20,부산,전자제품,1,11390,0.3,3.0,69.0,11390,3417.0,7973.0
5234,2025-03-14,부산,의류,7,73237,0.25,2.0,34.0,512659,128164.75,384494.25
5235,2025-05-18,대구,생활용품,4,96146,0.05,1.0,19.0,384584,19229.2,365354.8
5236,2025-11-11,광주,식품,2,69797,0.0,2.0,56.0,139594,0.0,139594.0
5237,2025-07-23,서울,식품,6,84997,0.2,1.0,46.0,509982,101996.4,407985.6
5238,2025-10-28,광주,식품,7,6639,0.0,4.0,52.0,46473,0.0,46473.0
5239,2025-11-30,제주,의류,1,6067,0.2,3.0,66.0,6067,1213.4,4853.6
5240,2025-11-26,제주,생활용품,2,92006,0.15,3.0,38.0,184012,27601.8,156410.2
5241,2025-05-09,대구,의류,2,65318,0.3,1.0,66.0,130636,39190.8,91445.2
5242,2025-11-17,부산,의류,1,88666,0.1,3.0,67.0,88666,8866.6,79799.4
5243,2025-11-28,부산,생활용품,6,57140,0.15,5.0,47.0,342840,51426.0,291414.0
5244,2025-12-17,광주,생활용품,2,5765,0.15,2.0,59.0,11530,1729.5,9800.5
5245,2025-05-09,대구,식품,3,106531,0.3,5.0,19.0,319593,95877.9,223715.1
5246,2025-03-25,서울,생활용품,6,24871,0.2,3.0,50.0,149226,29845.2,119380.8
5247,2025-08-02,광주,식품,5,118819,0.2,1.0,22.0,594095,118819.0,475276.0
5248,2025-12-07,서울,의류,5,6803,0.1,1.0,41.0,34015,3401.5,30613.5
5249,2025-11-25,제주,식품,1,139687,0.15,3.0,57.0,139687,20953.05,118733.95
5250,2025-07-28,대구,생활용품,7,41711,0.05,5.0,21.0,291977,14598.85,277378.15
5251,2025-02-24,부산,의류,1,134436,0.1,3.0,39.0,134436,13443.6,120992.4
5252,2025-06-04,서울,의류,5,5558,0.25,1.0,39.0,27790,6947.5,20842.5
5253,2025-09-18,서울,식품,5,70271,0.0,2.0,30.0,351355,0.0,351355.0
5254,2025-07-24,제주,의류,3,65518,0.05,5.0,46.0,196554,9827.7,186726.3
5255,2025-05-07,대구,생활용품,6,28825,0.2,5.0,60.0,172950,34590.0,138360.0
5256,2025-05-06,제주,식품,7,74077,0.25,4.0,70.0,518539,129634.75,388904.25
5257,2025-01-22,제주,생활용품,1,36203,0.3,5.0,66.0,36203,10860.9,25342.1
5258,2025-04-16,서울,식품,7,68377,0.2,5.0,68.0,478639,95727.8,382911.2
5259,2025-09-02,부산,전자제품,2,59318,0.2,3.0,28.0,118636,23727.2,94908.8
5260,2025-03-30,제주,의류,6,33911,0.1,5.0,23.0,203466,20346.6,183119.4
5261,2025-12-29,대구,의류,6,119355,0.1,1.0,27.0,716130,71613.0,644517.0
5262,2025-01-31,대구,식품,4,80916,0.1,5.0,69.0,323664,32366.4,291297.6
5263,2025-08-03,대구,의류,7,126570,0.0,3.0,29.0,885990,0.0,885990.0
5264,2025-07-01,광주,의류,6,123044,0.1,3.0,57.0,738264,73826.4,664437.6
5265,2025-11-01,제주,생활용품,4,43060,0.05,5.0,39.0,172240,8612.0,163628.0
5266,2025-11-21,제주,생활용품,2,47226,0.2,2.0,54.0,94452,18890.4,75561.6
5267,2025-07-18,광주,생활용품,4,142973,0.25,1.0,57.0,571892,142973.0,428919.0
5268,2025-08-19,대구,식품,7,50323,0.3,4.0,65.0,352261,105678.3,246582.7
5269,2025-09-13,부산,전자제품,2,18738,0.3,4.0,22.0,37476,11242.8,26233.2
5270,2025-07-10,서울,전자제품,7,83710,0.1,1.0,35.0,585970,58597.0,527373.0
5271,2025-03-09,광주,의류,2,145172,0.3,3.0,24.0,290344,87103.2,203240.8
5272,2025-06-06,서울,의류,5,38894,0.3,2.0,39.0,194470,58341.0,136129.0
5273,2025-03-30,광주,의류,5,97447,0.15,5.0,37.0,487235,73085.25,414149.75
5274,2025-06-19,대구,전자제품,2,53979,0.05,5.0,64.0,107958,5397.9,102560.1
5275,2025-08-13,광주,의류,4,60825,0.25,1.0,55.0,243300,60825.0,182475.0
5276,2025-03-18,제주,생활용품,2,70603,0.0,3.0,23.0,141206,0.0,141206.0
5277,2025-04-02,대구,의류,3,25773,0.1,4.0,41.0,77319,7731.9,69587.1
5278,2025-10-28,대구,의류,7,61014,0.15,2.0,55.0,427098,64064.7,363033.3
5279,2025-05-18,대구,전자제품,1,44585,0.3,5.0,57.0,44585,13375.5,31209.5
5280,2025-03-14,부산,식품,7,123644,0.3,5.0,60.0,865508,259652.4,605855.6
5281,2025-09-18,서울,의류,5,38048,0.25,1.0,29.0,190240,47560.0,142680.0
5282,2025-09-19,서울,의류,6,128104,0.15,1.0,64.0,768624,115293.6,653330.4
5283,2025-10-29,광주,의류,2,7436,0.0,,65.0,14872,0.0,14872.0
5284,2025-10-05,제주,의류,7,63417,0.25,5.0,29.0,443919,110979.75,332939.25
5285,2025-12-29,서울,의류,2,43906,0.25,4.0,52.0,87812,21953.0,65859.0
5286,2025-07-29,부산,식품,4,69929,0.15,4.0,54.0,279716,41957.4,237758.6
5287,2025-04-15,광주,의류,1,116794,0.15,4.0,64.0,116794,17519.1,99274.9
5288,2025-11-11,광주,식품,7,143750,0.25,1.0,22.0,1006250,251562.5,754687.5
5289,2025-04-07,광주,식품,5,110545,0.0,1.0,30.0,552725,0.0,552725.0
5290,2025-04-17,광주,식품,2,77948,0.25,1.0,63.0,155896,38974.0,116922.0
5291,2025-10-30,서울,의류,5,79300,0.15,5.0,19.0,396500,59475.0,337025.0
5292,2025-11-18,부산,생활용품,2,148990,0.2,5.0,43.0,297980,59596.0,238384.0
5293,2025-05-04,대구,의류,4,148772,0.05,5.0,33.0,595088,29754.4,565333.6
5294,2025-09-24,서울,전자제품,4,115607,0.2,1.0,51.0,462428,92485.6,369942.4
5295,2025-12-03,부산,의류,7,28822,0.05,5.0,43.0,201754,10087.7,191666.3
5296,2025-10-19,부산,식품,3,43313,0.15,5.0,63.0,129939,19490.85,110448.15
5297,2025-01-02,제주,전자제품,1,44497,0.15,4.0,22.0,44497,6674.55,37822.45
5298,2025-08-31,부산,전자제품,4,38218,0.3,3.0,44.0,152872,45861.6,107010.4
5299,2025-03-04,제주,생활용품,7,145310,0.2,1.0,45.0,1017170,203434.0,813736.0
5300,2025-11-05,광주,식품,6,28064,0.15,2.0,44.0,168384,25257.6,143126.4
5301,2025-01-25,광주,전자제품,1,128666,0.1,2.0,22.0,128666,12866.6,115799.4
5302,2025-12-29,제주,전자제품,1,121891,0.1,4.0,42.0,121891,12189.1,109701.9
5303,2025-03-06,제주,의류,6,81638,0.2,5.0,64.0,489828,97965.6,391862.4
5304,2025-06-03,부산,생활용품,6,49495,0.3,3.0,49.0,296970,89091.0,207879.0
5305,2025-03-27,대구,식품,4,43542,0.2,1.0,23.0,174168,34833.6,139334.4
5306,2025-10-25,대구,전자제품,1,102990,0.2,2.0,56.0,102990,20598.0,82392.0
5307,2025-05-24,제주,식품,2,102318,0.1,4.0,67.0,204636,20463.6,184172.4
5308,2025-09-29,서울,의류,6,83320,0.15,4.0,60.0,499920,74988.0,424932.0
5309,2025-01-25,대구,전자제품,1,87424,0.2,1.0,22.0,87424,17484.8,69939.2
5310,2025-06-15,부산,식품,2,124770,0.2,2.0,19.0,249540,49908.0,199632.0
5311,2025-11-29,부산,전자제품,4,114399,0.1,2.0,27.0,457596,45759.6,411836.4
5312,2025-12-05,광주,식품,6,113869,0.1,1.0,36.0,683214,68321.4,614892.6
5313,2025-03-18,부산,전자제품,6,45650,0.1,2.0,67.0,273900,27390.0,246510.0
5314,2025-05-24,광주,전자제품,5,14243,0.1,5.0,40.0,71215,7121.5,64093.5
5315,2025-05-30,제주,전자제품,4,71498,0.1,1.0,69.0,285992,28599.2,257392.8
5316,2025-07-26,광주,의류,3,54072,0.05,3.0,23.0,162216,8110.8,154105.2
5317,2025-07-16,서울,식품,1,53566,0.15,4.0,58.0,53566,8034.9,45531.1
5318,2025-02-08,서울,생활용품,2,80414,0.25,4.0,57.0,160828,40207.0,120621.0
5319,2025-10-06,대구,식품,2,139176,0.0,2.0,68.0,278352,0.0,278352.0
5320,2025-03-24,대구,전자제품,1,121528,0.2,3.0,45.0,121528,24305.6,97222.4
5321,2025-04-25,광주,전자제품,6,102880,0.25,4.0,50.0,617280,154320.0,462960.0
5322,2025-11-03,대구,생활용품,3,108534,0.25,4.0,18.0,325602,81400.5,244201.5
5323,2025-09-09,서울,의류,4,64998,0.25,5.0,64.0,259992,64998.0,194994.0
5324,2025-05-25,제주,식품,2,84664,0.1,2.0,51.0,169328,16932.8,152395.2
5325,2025-11-30,제주,의류,5,67889,0.0,1.0,55.0,339445,0.0,339445.0
5326,2025-05-24,광주,의류,1,122215,0.3,5.0,35.0,122215,36664.5,85550.5
5327,2025-07-26,광주,전자제품,5,148599,0.2,4.0,22.0,742995,148599.0,594396.0
5328,2025-03-31,제주,의류,6,68065,0.1,3.0,56.0,408390,40839.0,367551.0
5329,2025-03-08,대구,전자제품,3,109530,0.25,3.0,56.0,328590,82147.5,246442.5
5330,2025-06-29,서울,전자제품,2,13070,0.1,5.0,27.0,26140,2614.0,23526.0
5331,2025-07-25,광주,의류,6,63257,0.25,5.0,61.0,379542,94885.5,284656.5
5332,2025-10-22,대구,식품,2,131228,0.3,5.0,,262456,78736.8,183719.2
5333,2025-05-23,광주,전자제품,2,104529,0.25,3.0,52.0,209058,52264.5,156793.5
5334,2025-11-23,광주,전자제품,3,81356,0.2,4.0,22.0,244068,48813.6,195254.4
5335,2025-08-10,대구,의류,7,35995,0.05,3.0,57.0,251965,12598.25,239366.75
5336,2025-01-26,부산,의류,4,122219,0.3,3.0,41.0,488876,146662.8,342213.2
5337,2025-09-27,대구,전자제품,2,145726,0.1,4.0,35.0,291452,29145.2,262306.8
5338,2025-07-29,광주,식품,4,61852,0.2,1.0,57.0,247408,49481.6,197926.4
5339,2025-05-23,광주,식품,3,122384,0.2,5.0,60.0,367152,73430.4,293721.6
5340,2025-06-20,대구,생활용품,5,90340,0.05,2.0,50.0,451700,22585.0,429115.0
5341,2025-04-21,대구,생활용품,4,62626,0.2,3.0,56.0,250504,50100.8,200403.2
5342,2025-08-13,제주,식품,5,53008,0.1,4.0,18.0,265040,26504.0,238536.0
5343,2025-07-26,부산,의류,4,77931,0.1,2.0,61.0,311724,31172.4,280551.6
5344,2025-06-13,서울,생활용품,4,64388,0.3,2.0,49.0,257552,77265.6,180286.4
5345,2025-04-15,광주,식품,4,94476,0.25,1.0,26.0,377904,94476.0,283428.0
5346,2025-05-26,제주,전자제품,3,26372,0.15,1.0,43.0,79116,11867.4,67248.6
5347,2025-07-01,광주,식품,7,74181,0.0,5.0,51.0,519267,0.0,519267.0
5348,2025-06-22,대구,의류,2,112533,0.2,3.0,60.0,225066,45013.2,180052.8
5349,2025-04-23,부산,생활용품,6,127531,0.25,4.0,45.0,765186,191296.5,573889.5
5350,2025-08-01,대구,식품,5,45641,0.05,1.0,31.0,228205,11410.25,216794.75
5351,2025-03-24,서울,전자제품,4,92037,0.25,5.0,31.0,368148,92037.0,276111.0
5352,2025-07-02,대구,전자제품,3,48751,0.1,2.0,56.0,146253,14625.3,131627.7
5353,2025-02-14,부산,식품,4,119547,0.25,3.0,63.0,478188,119547.0,358641.0
5354,2025-06-22,부산,전자제품,6,56357,0.25,3.0,51.0,338142,84535.5,253606.5
5355,2025-10-14,대구,전자제품,2,102653,0.2,4.0,60.0,205306,41061.2,164244.8
5356,2025-10-26,제주,의류,5,67658,0.3,1.0,51.0,338290,101487.0,236803.0
5357,2025-09-11,부산,생활용품,6,43741,0.0,5.0,44.0,262446,0.0,262446.0
5358,2025-09-30,제주,전자제품,5,88544,0.1,1.0,39.0,442720,44272.0,398448.0
5359,2025-01-25,대구,의류,2,95472,0.0,4.0,43.0,190944,0.0,190944.0
5360,2025-05-05,제주,의류,4,104007,0.05,2.0,18.0,416028,20801.4,395226.6
5361,2025-08-27,부산,의류,2,119733,0.1,5.0,48.0,239466,23946.6,215519.4
5362,2025-10-20,제주,생활용품,7,102975,0.0,3.0,27.0,720825,0.0,720825.0
5363,2025-08-01,광주,생활용품,3,128446,0.1,5.0,65.0,385338,38533.8,346804.2
5364,2025-11-08,광주,식품,3,66434,0.0,5.0,62.0,199302,0.0,199302.0
5365,2025-04-10,대구,생활용품,7,78759,0.0,2.0,44.0,551313,0.0,551313.0
5366,2025-02-26,대구,전자제품,3,74874,0.25,2.0,50.0,224622,56155.5,168466.5
5367,2025-02-01,대구,생활용품,2,88836,0.25,1.0,19.0,177672,44418.0,133254.0
5368,2025-08-01,제주,전자제품,7,25346,0.15,4.0,48.0,177422,26613.3,150808.7
5369,2025-08-31,광주,전자제품,5,128855,0.15,1.0,63.0,644275,96641.25,547633.75
5370,2025-04-15,서울,전자제품,5,80618,0.1,1.0,45.0,403090,40309.0,362781.0
5371,2025-10-14,광주,전자제품,1,85246,0.15,5.0,63.0,85246,12786.9,72459.1
5372,2025-09-27,제주,식품,4,132174,0.25,4.0,22.0,528696,132174.0,396522.0
5373,2025-05-12,광주,의류,4,72399,0.15,3.0,69.0,289596,43439.4,246156.6
5374,2025-03-29,대구,의류,2,71765,0.25,1.0,36.0,143530,35882.5,107647.5
5375,2025-09-28,부산,전자제품,4,86948,0.15,5.0,19.0,347792,52168.8,295623.2
5376,2025-09-03,광주,식품,2,141012,0.1,5.0,50.0,282024,28202.4,253821.6
5377,2025-03-04,광주,전자제품,4,41750,0.3,1.0,50.0,167000,50100.0,116900.0
5378,2025-04-04,부산,전자제품,6,27588,0.3,4.0,24.0,165528,49658.4,115869.6
5379,2025-06-27,대구,의류,6,20640,0.05,2.0,36.0,123840,6192.0,117648.0
5380,2025-07-06,부산,의류,2,111852,0.15,4.0,66.0,223704,33555.6,190148.4
5381,2025-03-02,서울,전자제품,2,6550,0.25,2.0,28.0,13100,3275.0,9825.0
5382,2025-12-13,서울,식품,1,107659,0.05,1.0,21.0,107659,5382.95,102276.05
5383,2025-05-22,서울,생활용품,3,133239,0.25,4.0,61.0,399717,99929.25,299787.75
5384,2025-05-20,대구,의류,1,103822,0.3,5.0,54.0,103822,31146.6,72675.4
5385,2025-01-23,대구,전자제품,1,29735,0.05,4.0,44.0,29735,1486.75,28248.25
5386,2025-11-16,대구,생활용품,7,101114,0.05,1.0,33.0,707798,35389.9,672408.1
5387,2025-03-27,제주,전자제품,6,69215,0.3,3.0,64.0,415290,124587.0,290703.0
5388,2025-12-27,부산,식품,4,8234,0.3,3.0,63.0,32936,9880.8,23055.2
5389,2025-07-01,부산,의류,6,33660,0.3,4.0,18.0,201960,60588.0,141372.0
5390,2025-11-16,부산,의류,4,112608,0.2,4.0,61.0,450432,90086.4,360345.6
5391,2025-03-07,부산,전자제품,5,86342,0.0,5.0,43.0,431710,0.0,431710.0
5392,2025-03-02,대구,생활용품,7,77454,0.3,4.0,35.0,542178,162653.4,379524.6
5393,2025-10-20,부산,전자제품,1,117565,0.05,5.0,36.0,117565,5878.25,111686.75
5394,2025-10-27,부산,의류,3,81007,0.05,5.0,42.0,243021,12151.05,230869.95
5395,2025-07-18,광주,식품,1,145399,0.25,2.0,48.0,145399,36349.75,109049.25
5396,2025-01-12,제주,생활용품,6,12376,0.1,4.0,68.0,74256,7425.6,66830.4
5397,2025-12-11,부산,생활용품,6,46512,0.3,1.0,19.0,279072,83721.6,195350.4
5398,2025-05-24,서울,생활용품,6,32315,0.3,4.0,50.0,193890,58167.0,135723.0
5399,2025-12-08,부산,생활용품,5,65011,0.25,2.0,21.0,325055,81263.75,243791.25
5400,2025-11-14,대구,의류,4,137096,0.25,2.0,18.0,548384,137096.0,411288.0
5401,2025-11-07,제주,전자제품,1,64358,0.15,3.0,34.0,64358,9653.7,54704.3
5402,2025-09-09,서울,의류,6,50751,0.3,2.0,59.0,304506,91351.8,213154.2
5403,2025-09-03,서울,식품,7,17256,0.3,4.0,36.0,120792,36237.6,84554.4
5404,2025-07-14,대구,의류,7,62113,0.05,3.0,37.0,434791,21739.55,413051.45
5405,2025-01-10,제주,전자제품,3,38181,0.1,4.0,65.0,114543,11454.3,103088.7
5406,2025-05-22,대구,의류,2,32434,0.2,3.0,32.0,64868,12973.6,51894.4
5407,2025-09-24,제주,식품,5,24396,0.3,2.0,58.0,121980,36594.0,85386.0
5408,2025-10-24,광주,의류,1,96668,0.1,4.0,62.0,96668,9666.8,87001.2
5409,2025-07-24,서울,식품,1,107788,0.05,5.0,52.0,107788,5389.4,102398.6
5410,2025-09-16,대구,식품,6,112402,0.1,3.0,69.0,674412,67441.2,606970.8
5411,2025-01-08,광주,전자제품,7,12765,0.25,4.0,70.0,89355,22338.75,67016.25
5412,2025-06-20,대구,생활용품,3,138583,0.15,4.0,21.0,415749,62362.35,353386.65
5413,2025-07-05,서울,전자제품,4,78528,0.05,1.0,27.0,314112,15705.6,298406.4
5414,2025-11-22,서울,전자제품,4,86499,0.25,1.0,38.0,345996,86499.0,259497.0
5415,2025-04-24,광주,식품,1,132224,0.2,3.0,53.0,132224,26444.8,105779.2
5416,2025-03-25,대구,전자제품,2,44966,0.15,2.0,32.0,89932,13489.8,76442.2
5417,2025-05-09,대구,생활용품,3,77988,0.2,4.0,51.0,233964,46792.8,187171.2
5418,2025-03-04,부산,식품,6,15289,0.05,5.0,65.0,91734,4586.7,87147.3
5419,2025-07-23,부산,전자제품,4,76394,0.05,4.0,18.0,305576,15278.8,290297.2
5420,2025-08-23,광주,식품,6,43586,0.25,2.0,63.0,261516,65379.0,196137.0
5421,2025-10-20,서울,전자제품,2,31444,0.2,2.0,43.0,62888,12577.6,50310.4
5422,2025-12-21,대구,의류,7,94663,0.3,1.0,65.0,662641,198792.3,463848.7
5423,2025-01-27,부산,식품,7,23862,0.3,1.0,54.0,167034,50110.2,116923.8
5424,2025-04-01,광주,전자제품,4,146245,0.1,4.0,20.0,584980,58498.0,526482.0
5425,2025-04-20,광주,생활용품,2,38711,0.15,4.0,65.0,77422,11613.3,65808.7
5426,2025-04-02,대구,의류,7,16483,0.25,1.0,20.0,115381,28845.25,86535.75
5427,2025-10-29,부산,식품,6,69762,0.0,4.0,31.0,418572,0.0,418572.0
5428,2025-02-20,부산,의류,4,61313,0.3,3.0,47.0,245252,73575.6,171676.4
5429,2025-01-11,부산,의류,2,100388,0.05,5.0,65.0,200776,10038.8,190737.2
5430,2025-11-11,부산,전자제품,5,101749,0.05,4.0,26.0,508745,25437.25,483307.75
5431,2025-12-17,광주,생활용품,3,90870,0.15,2.0,46.0,272610,40891.5,231718.5
5432,2025-03-24,서울,식품,5,88313,0.2,,23.0,441565,88313.0,353252.0
5433,2025-05-02,서울,전자제품,6,117685,0.1,2.0,36.0,706110,70611.0,635499.0
5434,2025-07-03,대구,의류,4,99496,0.3,5.0,31.0,397984,119395.2,278588.8
5435,2025-07-11,부산,생활용품,1,25222,0.25,3.0,40.0,25222,6305.5,18916.5
5436,2025-12-28,제주,의류,4,72165,0.25,5.0,55.0,288660,72165.0,216495.0
5437,2025-05-28,광주,식품,7,104720,0.25,3.0,56.0,733040,183260.0,549780.0
5438,2025-01-05,광주,식품,2,43720,0.0,3.0,53.0,87440,0.0,87440.0
5439,2025-06-04,대구,의류,7,130232,0.25,1.0,19.0,911624,227906.0,683718.0
5440,2025-07-23,대구,전자제품,3,74999,0.2,5.0,59.0,224997,44999.4,179997.6
5441,2025-07-08,대구,생활용품,5,51588,0.05,4.0,52.0,257940,12897.0,245043.0
5442,2025-07-06,서울,식품,5,60323,0.25,2.0,21.0,301615,75403.75,226211.25
5443,2025-12-03,대구,전자제품,2,94778,0.0,5.0,68.0,189556,0.0,189556.0
5444,2025-10-22,제주,전자제품,1,107848,0.2,2.0,58.0,107848,21569.6,86278.4
5445,2025-04-02,부산,의류,7,42084,0.15,1.0,54.0,294588,44188.2,250399.8
5446,2025-05-10,서울,전자제품,5,29885,0.0,4.0,44.0,149425,0.0,149425.0
5447,2025-09-01,대구,생활용품,5,18288,0.1,4.0,60.0,91440,9144.0,82296.0
5448,2025-05-30,부산,생활용품,3,76941,0.0,3.0,34.0,230823,0.0,230823.0
5449,2025-06-06,광주,전자제품,1,139441,0.3,4.0,56.0,139441,41832.3,97608.7
5450,2025-03-03,제주,전자제품,2,144065,0.25,2.0,50.0,288130,72032.5,216097.5
5451,2025-04-03,제주,생활용품,4,86168,0.3,2.0,50.0,344672,103401.6,241270.4
5452,2025-09-28,부산,전자제품,5,82110,0.15,2.0,60.0,410550,61582.5,348967.5
5453,2025-11-04,제주,식품,3,77981,0.1,2.0,27.0,233943,23394.3,210548.7
5454,2025-10-14,서울,생활용품,2,39395,0.3,2.0,23.0,78790,23637.0,55153.0
5455,2025-04-23,부산,전자제품,2,65307,0.1,1.0,47.0,130614,13061.4,117552.6
5456,2025-02-19,부산,의류,7,140699,0.1,2.0,60.0,984893,98489.3,886403.7
5457,2025-02-28,제주,식품,5,94336,0.0,3.0,31.0,471680,0.0,471680.0
5458,2025-05-24,광주,식품,7,40403,0.25,2.0,48.0,282821,70705.25,212115.75
5459,2025-07-08,부산,생활용품,1,17708,0.0,3.0,68.0,17708,0.0,17708.0
5460,2025-11-22,서울,의류,4,113921,0.0,5.0,50.0,455684,0.0,455684.0
5461,2025-11-25,광주,식품,4,135931,0.25,1.0,22.0,543724,135931.0,407793.0
5462,2025-01-01,광주,생활용품,3,20882,0.25,5.0,64.0,62646,15661.5,46984.5
5463,2025-09-16,제주,의류,3,59420,0.25,1.0,69.0,178260,44565.0,133695.0
5464,2025-04-20,대구,전자제품,1,128553,0.3,3.0,55.0,128553,38565.9,89987.1
5465,2025-03-14,서울,식품,1,41716,0.0,,50.0,41716,0.0,41716.0
5466,2025-07-22,부산,전자제품,6,31183,0.1,3.0,48.0,187098,18709.8,168388.2
5467,2025-01-13,광주,의류,4,62156,0.25,5.0,51.0,248624,62156.0,186468.0
5468,2025-05-02,부산,생활용품,2,62156,0.1,1.0,35.0,124312,12431.2,111880.8
5469,2025-07-21,서울,전자제품,3,74805,0.25,3.0,52.0,224415,56103.75,168311.25
5470,2025-04-10,제주,생활용품,7,145015,0.3,3.0,45.0,1015105,304531.5,710573.5
5471,2025-08-05,대구,생활용품,4,146006,0.3,3.0,59.0,584024,175207.2,408816.8
5472,2025-06-17,부산,생활용품,7,89012,0.25,4.0,62.0,623084,155771.0,467313.0
5473,2025-10-19,대구,의류,2,15916,0.25,2.0,55.0,31832,7958.0,23874.0
5474,2025-03-08,광주,식품,1,43279,0.2,4.0,70.0,43279,8655.8,34623.2
5475,2025-01-21,서울,전자제품,4,31205,0.0,2.0,41.0,124820,0.0,124820.0
5476,2025-07-13,대구,생활용품,5,5090,0.15,2.0,58.0,25450,3817.5,21632.5
5477,2025-04-04,부산,식품,7,60498,0.3,3.0,36.0,423486,127045.8,296440.2
5478,2025-09-15,서울,식품,4,5984,0.3,5.0,59.0,23936,7180.8,16755.2
5479,2025-02-04,서울,의류,2,88279,0.05,3.0,32.0,176558,8827.9,167730.1
5480,2025-07-29,대구,의류,4,44815,0.25,5.0,55.0,179260,44815.0,134445.0
5481,2025-12-28,대구,생활용품,3,110088,0.1,1.0,18.0,330264,33026.4,297237.6
5482,2025-02-03,대구,생활용품,2,81394,0.1,1.0,58.0,162788,16278.8,146509.2
5483,2025-04-21,광주,생활용품,1,142862,0.2,3.0,33.0,142862,28572.4,114289.6
5484,2025-11-05,대구,전자제품,6,75309,0.15,5.0,30.0,451854,67778.1,384075.9
5485,2025-07-14,대구,전자제품,5,27701,0.2,2.0,35.0,138505,27701.0,110804.0
5486,2025-03-05,제주,전자제품,2,138673,0.0,2.0,40.0,277346,0.0,277346.0
5487,2025-03-19,광주,의류,4,49791,0.1,1.0,24.0,199164,19916.4,179247.6
5488,2025-10-07,제주,의류,7,115794,0.25,5.0,47.0,810558,202639.5,607918.5
5489,2025-11-11,부산,생활용품,6,118498,0.2,1.0,24.0,710988,142197.6,568790.4
5490,2025-05-12,광주,생활용품,4,139087,0.25,4.0,47.0,556348,139087.0,417261.0
5491,2025-06-22,광주,생활용품,1,97823,0.3,2.0,37.0,97823,29346.9,68476.1
5492,2025-10-13,대구,전자제품,5,79208,0.1,3.0,49.0,396040,39604.0,356436.0
5493,2025-03-06,서울,의류,4,60806,0.05,4.0,26.0,243224,12161.2,231062.8
5494,2025-03-17,대구,생활용품,7,69767,0.1,3.0,69.0,488369,48836.9,439532.1
5495,2025-10-10,제주,생활용품,4,118150,0.2,1.0,18.0,472600,94520.0,378080.0
5496,2025-03-10,광주,식품,6,87083,0.05,3.0,63.0,522498,26124.9,496373.1
5497,2025-10-09,서울,생활용품,4,12121,0.1,1.0,36.0,48484,4848.4,43635.6
5498,2025-07-01,부산,식품,4,58961,0.05,5.0,61.0,235844,11792.2,224051.8
5499,2025-12-28,대구,전자제품,3,137547,0.1,5.0,49.0,412641,41264.1,371376.9
5500,2025-01-13,제주,식품,3,35567,0.3,5.0,62.0,106701,32010.3,74690.7
5501,2025-12-12,대구,식품,3,73471,0.1,3.0,47.0,220413,22041.3,198371.7
5502,2025-03-24,제주,생활용품,4,126316,0.25,3.0,60.0,505264,126316.0,378948.0
5503,2025-01-13,광주,전자제품,7,47104,0.15,3.0,52.0,329728,49459.2,280268.8
5504,2025-09-22,부산,전자제품,3,103677,0.15,5.0,53.0,311031,46654.65,264376.35
5505,2025-07-14,서울,의류,4,118840,0.2,4.0,48.0,475360,95072.0,380288.0
5506,2025-11-02,제주,의류,7,52220,0.0,3.0,31.0,365540,0.0,365540.0
5507,2025-02-09,대구,의류,2,134879,0.1,5.0,62.0,269758,26975.8,242782.2
5508,2025-01-30,제주,전자제품,2,69711,0.0,3.0,63.0,139422,0.0,139422.0
5509,2025-07-27,제주,식품,4,47925,0.05,4.0,56.0,191700,9585.0,182115.0
5510,2025-11-18,대구,생활용품,3,37690,0.2,2.0,32.0,113070,22614.0,90456.0
5511,2025-05-29,서울,전자제품,3,43666,0.05,3.0,39.0,130998,6549.9,124448.1
5512,2025-10-19,제주,생활용품,6,86612,0.05,5.0,56.0,519672,25983.6,493688.4
5513,2025-11-27,대구,전자제품,4,10000000,0.2,2.0,27.0,40000000,8000000.0,32000000.0
5514,2025-11-14,서울,전자제품,3,56962,0.1,4.0,23.0,170886,17088.6,153797.4
5515,2025-07-05,대구,생활용품,4,108071,0.0,2.0,39.0,432284,0.0,432284.0
5516,2025-09-12,서울,식품,7,131959,0.3,3.0,47.0,923713,277113.9,646599.1
5517,2025-07-11,부산,의류,7,103442,0.3,2.0,65.0,724094,217228.2,506865.8
5518,2025-09-04,부산,식품,2,81613,0.2,4.0,34.0,163226,32645.2,130580.8
5519,2025-07-26,대구,의류,1,105944,0.15,4.0,29.0,105944,15891.6,90052.4
5520,2025-07-11,대구,식품,1,64701,0.25,5.0,55.0,64701,16175.25,48525.75
5521,2025-06-09,제주,식품,4,44275,0.3,2.0,64.0,177100,53130.0,123970.0
5522,2025-08-27,부산,생활용품,5,113695,0.0,1.0,63.0,568475,0.0,568475.0
5523,2025-10-02,광주,의류,1,24580,0.0,5.0,51.0,24580,0.0,24580.0
5524,2025-12-02,제주,의류,4,136240,0.1,2.0,18.0,544960,54496.0,490464.0
5525,2025-08-12,광주,생활용품,3,67144,0.1,4.0,52.0,201432,20143.2,181288.8
5526,2025-02-06,부산,식품,7,123526,0.3,2.0,24.0,864682,259404.6,605277.4
5527,2025-08-03,광주,생활용품,5,19329,0.15,5.0,59.0,96645,14496.75,82148.25
5528,2025-04-26,부산,의류,3,76763,0.25,1.0,67.0,230289,57572.25,172716.75
5529,2025-01-10,대구,생활용품,5,66183,0.2,1.0,50.0,330915,66183.0,264732.0
5530,2025-01-27,광주,식품,1,56684,0.25,2.0,30.0,56684,14171.0,42513.0
5531,2025-08-04,부산,의류,4,79233,0.3,3.0,33.0,316932,95079.6,221852.4
5532,2025-12-11,서울,전자제품,3,101009,0.2,4.0,56.0,303027,60605.4,242421.6
5533,2025-07-04,제주,전자제품,2,141586,0.25,3.0,58.0,283172,70793.0,212379.0
5534,2025-06-12,광주,전자제품,3,123446,0.05,2.0,61.0,370338,18516.9,351821.1
5535,2025-02-02,서울,의류,5,38574,0.05,1.0,23.0,192870,9643.5,183226.5
5536,2025-09-04,부산,식품,5,146903,0.2,5.0,57.0,734515,146903.0,587612.0
5537,2025-01-21,부산,식품,7,77261,0.3,3.0,68.0,540827,162248.1,378578.9
5538,2025-11-04,제주,의류,2,71301,0.0,5.0,19.0,142602,0.0,142602.0
5539,2025-10-25,제주,식품,5,6602,0.15,2.0,40.0,33010,4951.5,28058.5
5540,2025-12-28,광주,전자제품,4,101895,0.05,2.0,56.0,407580,20379.0,387201.0
5541,2025-04-14,대구,의류,7,133591,0.3,2.0,46.0,935137,280541.1,654595.9
5542,2025-03-01,서울,의류,7,47500,0.15,3.0,68.0,332500,49875.0,282625.0
5543,2025-04-20,부산,전자제품,5,130764,0.0,1.0,53.0,653820,0.0,653820.0
5544,2025-10-19,서울,식품,3,17682,0.0,1.0,37.0,53046,0.0,53046.0
5545,2025-03-21,광주,전자제품,4,145193,0.2,4.0,50.0,580772,116154.4,464617.6
5546,2025-11-20,서울,의류,5,41693,0.05,4.0,55.0,208465,10423.25,198041.75
5547,2025-02-26,광주,전자제품,6,74786,0.0,3.0,59.0,448716,0.0,448716.0
5548,2025-01-18,제주,전자제품,2,7101,0.05,3.0,32.0,14202,710.1,13491.9
5549,2025-03-22,부산,식품,7,135252,0.05,3.0,66.0,946764,47338.2,899425.8
5550,2025-10-03,광주,식품,6,78867,0.1,3.0,70.0,473202,47320.2,425881.8
5551,2025-08-08,제주,생활용품,1,145752,0.25,2.0,29.0,145752,36438.0,109314.0
5552,2025-05-10,대구,전자제품,2,59108,0.3,4.0,29.0,118216,35464.8,82751.2
5553,2025-08-28,대구,생활용품,2,13676,0.15,1.0,38.0,27352,4102.8,23249.2
5554,2025-08-25,부산,식품,5,103350,0.3,4.0,34.0,516750,155025.0,361725.0
5555,2025-07-22,대구,식품,2,28648,0.25,4.0,27.0,57296,14324.0,42972.0
5556,2025-07-07,제주,전자제품,3,94221,0.05,3.0,26.0,282663,14133.15,268529.85
5557,2025-02-07,광주,식품,2,10060,0.25,2.0,55.0,20120,5030.0,15090.0
5558,2025-04-05,부산,식품,1,29340,0.05,5.0,68.0,29340,1467.0,27873.0
5559,2025-07-12,대구,의류,4,97489,0.3,5.0,23.0,389956,116986.8,272969.2
5560,2025-02-19,광주,생활용품,3,102704,0.25,5.0,48.0,308112,77028.0,231084.0
5561,2025-06-23,서울,의류,4,27094,0.0,1.0,32.0,108376,0.0,108376.0
5562,2025-02-12,광주,전자제품,2,32173,0.05,4.0,31.0,64346,3217.3,61128.7
5563,2025-10-15,부산,식품,3,129489,0.15,1.0,48.0,388467,58270.05,330196.95
5564,2025-02-07,부산,의류,7,5863,0.25,1.0,25.0,41041,10260.25,30780.75
5565,2025-02-03,대구,의류,6,38357,0.15,1.0,22.0,230142,34521.3,195620.7
5566,2025-08-21,대구,의류,2,145678,0.0,4.0,64.0,291356,0.0,291356.0
5567,2025-03-22,제주,의류,2,84393,0.2,4.0,41.0,168786,33757.2,135028.8
5568,2025-05-09,부산,의류,7,8912,0.2,5.0,21.0,62384,12476.8,49907.2
5569,2025-04-25,부산,생활용품,5,134420,0.3,4.0,64.0,672100,201630.0,470470.0
5570,2025-03-21,부산,의류,4,54553,0.05,3.0,52.0,218212,10910.6,207301.4
5571,2025-10-06,제주,의류,5,108711,0.0,1.0,57.0,543555,0.0,543555.0
5572,2025-09-10,제주,식품,2,97439,0.25,4.0,50.0,194878,48719.5,146158.5
5573,2025-03-29,대구,식품,3,58219,0.2,5.0,43.0,174657,34931.4,139725.6
5574,2025-09-08,광주,의류,3,58704,0.15,2.0,58.0,176112,26416.8,149695.2
5575,2025-09-18,제주,생활용품,6,84776,0.2,4.0,36.0,508656,101731.2,406924.8
5576,2025-07-16,제주,생활용품,2,60275,0.05,3.0,54.0,120550,6027.5,114522.5
5577,2025-07-31,광주,의류,4,30231,0.0,3.0,64.0,120924,0.0,120924.0
5578,2025-12-08,대구,생활용품,6,109796,0.1,4.0,62.0,658776,65877.6,592898.4
5579,2025-06-15,제주,전자제품,2,102773,0.3,2.0,47.0,205546,61663.8,143882.2
5580,2025-05-21,부산,식품,1,92312,0.15,5.0,20.0,92312,13846.8,78465.2
5581,2025-07-16,부산,전자제품,6,112536,0.2,5.0,18.0,675216,135043.2,540172.8
5582,2025-11-02,광주,의류,7,80165,0.3,1.0,40.0,561155,168346.5,392808.5
5583,2025-09-16,서울,생활용품,4,139610,0.1,3.0,53.0,558440,55844.0,502596.0
5584,2025-01-28,대구,전자제품,1,133516,0.15,1.0,22.0,133516,20027.4,113488.6
5585,2025-06-17,제주,전자제품,4,147264,0.2,2.0,39.0,589056,117811.2,471244.8
5586,2025-09-28,서울,식품,3,20676,0.05,2.0,39.0,62028,3101.4,58926.6
5587,2025-03-23,제주,생활용품,5,19784,0.1,4.0,42.0,98920,9892.0,89028.0
5588,2025-12-27,대구,전자제품,1,73116,0.15,2.0,47.0,73116,10967.4,62148.6
5589,2025-10-22,제주,생활용품,6,105420,0.1,2.0,32.0,632520,63252.0,569268.0
5590,2025-11-06,광주,전자제품,5,39664,0.05,4.0,49.0,198320,9916.0,188404.0
5591,2025-01-30,서울,식품,5,21698,0.15,4.0,41.0,108490,16273.5,92216.5
5592,2025-07-31,광주,의류,4,10337,0.3,1.0,67.0,41348,12404.4,28943.6
5593,2025-07-12,서울,의류,2,85440,0.1,2.0,35.0,170880,17088.0,153792.0
5594,2025-08-17,부산,생활용품,7,146960,0.25,4.0,66.0,1028720,257180.0,771540.0
5595,2025-11-07,제주,전자제품,2,72367,0.2,1.0,68.0,144734,28946.8,115787.2
5596,2025-05-09,제주,전자제품,3,111434,0.0,3.0,34.0,334302,0.0,334302.0
5597,2025-07-14,서울,식품,7,12506,0.3,3.0,39.0,87542,26262.6,61279.4
5598,2025-09-06,부산,의류,1,36347,0.2,4.0,55.0,36347,7269.4,29077.6
5599,2025-10-02,서울,식품,1,103650,0.15,4.0,42.0,103650,15547.5,88102.5
5600,2025-10-09,부산,의류,6,63353,0.2,3.0,55.0,380118,76023.6,304094.4
5601,2025-05-03,제주,식품,3,8838,0.0,3.0,31.0,26514,0.0,26514.0
5602,2025-12-31,서울,생활용품,5,37773,0.05,4.0,68.0,188865,9443.25,179421.75
5603,2025-01-04,광주,전자제품,5,120008,0.25,2.0,55.0,600040,150010.0,450030.0
5604,2025-06-29,제주,의류,6,104304,0.2,3.0,22.0,625824,125164.8,500659.2
5605,2025-08-11,제주,의류,5,122365,0.1,3.0,30.0,611825,61182.5,550642.5
5606,2025-01-23,부산,전자제품,3,55815,0.15,2.0,50.0,167445,25116.75,142328.25
5607,2025-06-14,광주,의류,4,139686,0.2,4.0,33.0,558744,111748.8,446995.2
5608,2025-08-06,대구,전자제품,6,138380,0.15,4.0,39.0,830280,124542.0,705738.0
5609,2025-08-10,서울,의류,3,58289,0.15,5.0,52.0,174867,26230.05,148636.95
5610,2025-02-13,부산,의류,2,35095,0.15,3.0,36.0,70190,10528.5,59661.5
5611,2025-04-12,광주,전자제품,4,144462,0.05,4.0,65.0,577848,28892.4,548955.6
5612,2025-03-31,광주,전자제품,7,55725,0.15,2.0,50.0,390075,58511.25,331563.75
5613,2025-08-22,대구,식품,1,76939,0.2,5.0,40.0,76939,15387.8,61551.2
5614,2025-05-01,광주,생활용품,2,140114,0.2,5.0,32.0,280228,56045.6,224182.4
5615,2025-07-28,광주,전자제품,7,44012,0.2,3.0,33.0,308084,61616.8,246467.2
5616,2025-09-24,부산,생활용품,6,133279,0.15,4.0,19.0,799674,119951.1,679722.9
5617,2025-10-19,부산,의류,1,28311,0.2,3.0,22.0,28311,5662.2,22648.8
5618,2025-03-09,제주,생활용품,2,47509,0.25,1.0,59.0,95018,23754.5,71263.5
5619,2025-11-26,제주,생활용품,5,61312,0.1,5.0,58.0,306560,30656.0,275904.0
5620,2025-03-02,서울,식품,6,75045,0.15,4.0,22.0,450270,67540.5,382729.5
5621,2025-01-08,광주,의류,6,40262,0.2,3.0,47.0,241572,48314.4,193257.6
5622,2025-01-17,서울,의류,7,133138,0.2,2.0,35.0,931966,186393.2,745572.8
5623,2025-03-15,제주,전자제품,4,101385,0.15,4.0,54.0,405540,60831.0,344709.0
5624,2025-11-15,대구,의류,7,102242,0.05,3.0,49.0,715694,35784.7,679909.3
5625,2025-03-17,광주,식품,5,111106,0.3,5.0,60.0,555530,166659.0,388871.0
5626,2025-09-11,광주,전자제품,4,0,0.15,2.0,51.0,0,0.0,0.0
5627,2025-06-02,광주,생활용품,5,98327,0.15,3.0,28.0,491635,73745.25,417889.75
5628,2025-01-15,부산,식품,4,100781,0.15,1.0,53.0,403124,60468.6,342655.4
5629,2025-06-12,제주,생활용품,5,109481,0.25,4.0,62.0,547405,136851.25,410553.75
5630,2025-01-11,대구,전자제품,6,138543,0.1,2.0,70.0,831258,83125.8,748132.2
5631,2025-06-23,대구,의류,7,33502,0.3,1.0,55.0,234514,70354.2,164159.8
5632,2025-07-23,부산,식품,5,79990,0.0,3.0,39.0,399950,0.0,399950.0
5633,2025-07-10,서울,생활용품,1,31725,0.0,3.0,44.0,31725,0.0,31725.0
5634,2025-04-14,대구,생활용품,5,31358,0.15,2.0,25.0,156790,23518.5,133271.5
5635,2025-10-07,부산,생활용품,2,142722,0.3,5.0,51.0,285444,85633.2,199810.8
5636,2025-08-06,광주,생활용품,2,73545,0.0,1.0,25.0,147090,0.0,147090.0
5637,2025-04-03,부산,생활용품,7,107111,0.2,2.0,31.0,749777,149955.4,599821.6
5638,2025-06-08,제주,식품,4,110689,0.1,2.0,45.0,442756,44275.6,398480.4
5639,2025-02-09,광주,생활용품,6,9602,0.0,5.0,43.0,57612,0.0,57612.0
5640,2025-12-04,대구,의류,3,76359,0.1,2.0,38.0,229077,22907.7,206169.3
5641,2025-10-02,광주,식품,5,31144,0.2,2.0,52.0,155720,31144.0,124576.0
5642,2025-04-16,광주,전자제품,5,50423,0.2,3.0,66.0,252115,50423.0,201692.0
5643,2025-09-04,광주,의류,7,32292,0.25,2.0,66.0,226044,56511.0,169533.0
5644,2025-09-05,대구,식품,2,101618,0.3,2.0,45.0,203236,60970.8,142265.2
5645,2025-08-11,제주,의류,4,24141,0.0,2.0,47.0,96564,0.0,96564.0
5646,2025-01-20,부산,전자제품,3,70283,0.3,3.0,41.0,210849,63254.7,147594.3
5647,2025-11-17,대구,의류,4,49336,0.0,4.0,65.0,197344,0.0,197344.0
5648,2025-12-15,부산,의류,6,144609,0.3,3.0,63.0,867654,260296.2,607357.8
5649,2025-12-22,대구,의류,1,119260,0.25,5.0,20.0,119260,29815.0,89445.0
5650,2025-12-24,제주,의류,4,56060,0.3,2.0,60.0,224240,67272.0,156968.0
5651,2025-12-06,광주,생활용품,3,47542,0.0,5.0,19.0,142626,0.0,142626.0
5652,2025-09-27,부산,생활용품,7,109036,0.0,4.0,55.0,763252,0.0,763252.0
5653,2025-01-21,제주,식품,2,96577,0.3,1.0,35.0,193154,57946.2,135207.8
5654,2025-06-19,광주,생활용품,2,85485,0.05,4.0,45.0,170970,8548.5,162421.5
5655,2025-03-31,대구,생활용품,1,15465,0.1,5.0,59.0,15465,1546.5,13918.5
5656,2025-03-22,서울,전자제품,4,16246,0.1,4.0,30.0,64984,6498.4,58485.6
5657,2025-10-31,대구,식품,1,97270,0.05,2.0,25.0,97270,4863.5,92406.5
5658,2025-10-24,제주,의류,4,73115,0.0,3.0,48.0,292460,0.0,292460.0
5659,2025-07-10,대구,의류,2,125286,0.0,5.0,62.0,250572,0.0,250572.0
5660,2025-09-26,서울,전자제품,3,9228,0.25,2.0,24.0,27684,6921.0,20763.0
5661,2025-02-17,서울,식품,5,31982,0.0,3.0,38.0,159910,0.0,159910.0
5662,2025-03-23,제주,식품,5,119526,0.3,3.0,46.0,597630,179289.0,418341.0
5663,2025-11-11,대구,의류,1,146978,0.05,5.0,30.0,146978,7348.9,139629.1
5664,2025-06-14,광주,의류,2,111507,0.2,5.0,63.0,223014,44602.8,178411.2
5665,2025-07-19,부산,전자제품,3,6849,0.05,4.0,49.0,20547,1027.35,19519.65
5666,2025-06-18,서울,전자제품,4,12324,0.3,3.0,45.0,49296,14788.8,34507.2
5667,2025-03-15,대구,식품,7,132351,0.0,3.0,25.0,926457,0.0,926457.0
5668,2025-10-29,광주,전자제품,1,77456,0.25,4.0,21.0,77456,19364.0,58092.0
5669,2025-10-04,부산,생활용품,1,77039,0.3,1.0,26.0,77039,23111.7,53927.3
5670,2025-09-07,광주,식품,5,144424,0.15,3.0,19.0,722120,108318.0,613802.0
5671,2025-05-09,대구,의류,7,40954,0.15,2.0,46.0,286678,43001.7,243676.3
5672,2025-08-23,부산,전자제품,6,46272,0.05,5.0,63.0,277632,13881.6,263750.4
5673,2025-12-14,부산,식품,4,104491,0.3,5.0,58.0,417964,125389.2,292574.8
5674,2025-08-26,부산,생활용품,1,136124,0.3,2.0,29.0,136124,40837.2,95286.8
5675,2025-06-30,부산,의류,5,58048,0.15,4.0,28.0,290240,43536.0,246704.0
5676,2025-04-09,광주,식품,4,26908,0.2,3.0,45.0,107632,21526.4,86105.6
5677,2025-07-10,부산,의류,4,13151,0.25,5.0,59.0,52604,13151.0,39453.0
5678,2025-05-16,광주,의류,4,5957,0.1,3.0,59.0,23828,2382.8,21445.2
5679,2025-08-12,부산,전자제품,4,59277,0.0,4.0,45.0,237108,0.0,237108.0
5680,2025-01-17,부산,생활용품,6,81926,0.0,4.0,31.0,491556,0.0,491556.0
5681,2025-03-11,제주,생활용품,2,75956,0.3,5.0,43.0,151912,45573.6,106338.4
5682,2025-10-15,제주,의류,1,39690,0.25,4.0,57.0,39690,9922.5,29767.5
5683,2025-05-19,대구,전자제품,1,103105,0.0,2.0,64.0,103105,0.0,103105.0
5684,2025-06-08,부산,식품,3,132488,0.25,4.0,21.0,397464,99366.0,298098.0
5685,2025-07-18,광주,의류,4,38765,0.3,2.0,59.0,155060,46518.0,108542.0
5686,2025-06-09,서울,생활용품,6,102719,0.15,4.0,57.0,616314,92447.1,523866.9
5687,2025-10-04,대구,의류,4,84022,0.15,5.0,29.0,336088,50413.2,285674.8
5688,2025-03-31,대구,전자제품,4,104599,0.3,3.0,21.0,418396,125518.8,292877.2
5689,2025-10-04,광주,의류,7,7121,0.3,5.0,34.0,49847,14954.1,34892.9
5690,2025-03-18,서울,전자제품,6,102626,0.1,1.0,32.0,615756,61575.6,554180.4
5691,2025-05-16,서울,식품,5,113367,0.15,3.0,24.0,566835,85025.25,481809.75
5692,2025-08-03,부산,의류,3,103449,0.3,5.0,31.0,310347,93104.1,217242.9
5693,2025-11-20,서울,의류,2,126869,0.3,4.0,28.0,253738,76121.4,177616.6
5694,2025-03-26,대구,식품,7,113332,0.2,2.0,65.0,793324,158664.8,634659.2
5695,2025-08-03,제주,식품,4,147812,0.2,3.0,22.0,591248,118249.6,472998.4
5696,2025-01-24,부산,생활용품,1,102134,0.25,1.0,46.0,102134,25533.5,76600.5
5697,2025-01-28,대구,의류,4,69707,0.1,5.0,35.0,278828,27882.8,250945.2
5698,2025-10-08,부산,전자제품,1,125970,0.3,1.0,62.0,125970,37791.0,88179.0
5699,2025-09-20,서울,의류,7,105742,0.1,3.0,43.0,740194,74019.4,666174.6
5700,2025-05-18,광주,의류,4,85928,0.25,3.0,48.0,343712,85928.0,257784.0
5701,2025-08-16,부산,의류,6,88901,0.25,4.0,38.0,533406,133351.5,400054.5
5702,2025-05-19,대구,의류,4,55850,0.1,3.0,60.0,223400,22340.0,201060.0
5703,2025-04-12,광주,전자제품,1,93980,0.25,1.0,53.0,93980,23495.0,70485.0
5704,2025-06-07,제주,생활용품,5,72693,0.3,4.0,47.0,363465,109039.5,254425.5
5705,2025-04-24,서울,생활용품,5,24016,0.15,5.0,39.0,120080,18012.0,102068.0
5706,2025-10-25,대구,전자제품,2,68834,0.15,4.0,41.0,137668,20650.2,117017.8
5707,2025-05-31,제주,전자제품,6,142730,0.15,1.0,31.0,856380,128457.0,727923.0
5708,2025-04-28,대구,전자제품,2,53213,0.0,1.0,52.0,106426,0.0,106426.0
5709,2025-07-15,서울,생활용품,5,103223,0.15,2.0,33.0,516115,77417.25,438697.75
5710,2025-10-04,부산,생활용품,6,65243,0.2,2.0,33.0,391458,78291.6,313166.4
5711,2025-04-10,광주,식품,1,46421,0.15,1.0,42.0,46421,6963.15,39457.85
5712,2025-12-09,광주,의류,3,60823,0.15,5.0,66.0,182469,27370.35,155098.65
5713,2025-06-19,부산,전자제품,2,144079,0.15,4.0,41.0,288158,43223.7,244934.3
5714,2025-08-30,서울,전자제품,6,21115,0.15,4.0,66.0,126690,19003.5,107686.5
5715,2025-12-16,부산,전자제품,2,101843,0.3,5.0,45.0,203686,61105.8,142580.2
5716,2025-06-07,부산,전자제품,5,125430,0.1,5.0,21.0,627150,62715.0,564435.0
5717,2025-03-14,광주,생활용품,3,31862,0.05,1.0,48.0,95586,4779.3,90806.7
5718,2025-09-30,제주,생활용품,1,114688,0.0,1.0,66.0,114688,0.0,114688.0
5719,2025-01-03,서울,전자제품,7,97321,0.3,4.0,64.0,681247,204374.1,476872.9
5720,2025-06-17,광주,의류,5,53943,0.05,5.0,27.0,269715,13485.75,256229.25
5721,2025-12-24,광주,전자제품,2,30619,0.1,4.0,32.0,61238,6123.8,55114.2
5722,2025-06-01,광주,의류,7,142045,0.25,5.0,54.0,994315,248578.75,745736.25
5723,2025-09-07,제주,생활용품,5,33574,0.05,4.0,41.0,167870,8393.5,159476.5
5724,2025-07-11,서울,생활용품,6,142658,0.05,3.0,61.0,855948,42797.4,813150.6
5725,2025-03-20,광주,생활용품,2,98985,0.2,1.0,45.0,197970,39594.0,158376.0
5726,2025-04-26,서울,전자제품,1,129225,0.2,4.0,30.0,129225,25845.0,103380.0
5727,2025-07-11,제주,전자제품,1,47966,0.05,2.0,35.0,47966,2398.3,45567.7
5728,2025-02-08,대구,전자제품,4,9259,0.15,2.0,23.0,37036,5555.4,31480.6
5729,2025-06-01,서울,전자제품,6,100036,0.2,5.0,33.0,600216,120043.2,480172.8
5730,2025-06-01,광주,의류,7,58826,0.05,4.0,58.0,411782,20589.1,391192.9
5731,2025-11-01,광주,의류,7,84786,0.15,3.0,29.0,593502,89025.3,504476.7
5732,2025-02-15,대구,생활용품,5,71314,0.05,4.0,41.0,356570,17828.5,338741.5
5733,2025-11-04,부산,전자제품,5,51620,0.3,4.0,27.0,258100,77430.0,180670.0
5734,2025-05-30,서울,식품,3,109214,0.1,3.0,43.0,327642,32764.2,294877.8
5735,2025-08-26,제주,의류,1,77624,0.25,5.0,69.0,77624,19406.0,58218.0
5736,2025-07-23,서울,의류,2,97048,0.3,1.0,58.0,194096,58228.8,135867.2
5737,2025-04-20,제주,식품,1,102468,0.05,3.0,58.0,102468,5123.4,97344.6
5738,2025-12-06,대구,전자제품,5,103365,0.3,3.0,31.0,516825,155047.5,361777.5
5739,2025-03-23,광주,식품,4,52893,0.0,1.0,34.0,211572,0.0,211572.0
5740,2025-01-14,광주,전자제품,6,116246,0.1,4.0,23.0,697476,69747.6,627728.4
5741,2025-10-01,제주,의류,2,36836,0.05,1.0,66.0,73672,3683.6,69988.4
5742,2025-08-15,서울,생활용품,7,142524,0.0,4.0,68.0,997668,0.0,997668.0
5743,2025-11-22,제주,전자제품,6,122353,0.15,,35.0,734118,110117.7,624000.3
5744,2025-06-17,서울,전자제품,7,84969,0.2,3.0,55.0,594783,118956.6,475826.4
5745,2025-01-07,제주,의류,5,31145,0.2,2.0,29.0,155725,31145.0,124580.0
5746,2025-01-08,부산,전자제품,3,136087,0.1,5.0,52.0,408261,40826.1,367434.9
5747,2025-06-08,제주,생활용품,5,85400,0.25,4.0,23.0,427000,106750.0,320250.0
5748,2025-04-02,서울,생활용품,5,10000000,0.15,1.0,35.0,50000000,7500000.0,42500000.0
5749,2025-12-03,대구,식품,2,8980,0.15,4.0,38.0,17960,2694.0,15266.0
5750,2025-02-13,대구,식품,1,53999,0.15,1.0,70.0,53999,8099.85,45899.15
5751,2025-11-18,제주,식품,5,48452,0.05,4.0,42.0,242260,12113.0,230147.0
5752,2025-03-21,서울,식품,1,122983,0.2,2.0,29.0,122983,24596.6,98386.4
5753,2025-02-13,서울,생활용품,1,72352,0.25,4.0,20.0,72352,18088.0,54264.0
5754,2025-04-11,광주,생활용품,1,22015,0.1,5.0,27.0,22015,2201.5,19813.5
5755,2025-02-22,서울,전자제품,5,94197,0.15,4.0,30.0,470985,70647.75,400337.25
5756,2025-05-27,광주,전자제품,7,28020,0.3,4.0,34.0,196140,58842.0,137298.0
5757,2025-05-01,서울,의류,4,69765,0.05,4.0,25.0,279060,13953.0,265107.0
5758,2025-07-13,제주,의류,2,148895,0.1,4.0,57.0,297790,29779.0,268011.0
5759,2025-07-16,대구,의류,4,68006,0.05,5.0,38.0,272024,13601.2,258422.8
5760,2025-01-01,제주,식품,4,67160,0.1,5.0,30.0,268640,26864.0,241776.0
5761,2025-02-15,서울,식품,5,10836,0.15,4.0,45.0,54180,8127.0,46053.0
5762,2025-03-01,부산,전자제품,4,71790,0.3,3.0,34.0,287160,86148.0,201012.0
5763,2025-03-13,대구,식품,4,143893,0.0,2.0,54.0,575572,0.0,575572.0
5764,2025-02-04,서울,의류,3,142900,0.1,2.0,46.0,428700,42870.0,385830.0
5765,2025-04-25,서울,식품,7,144694,0.3,4.0,67.0,1012858,303857.4,709000.6
5766,2025-07-20,부산,식품,4,57467,0.0,4.0,52.0,229868,0.0,229868.0
5767,2025-04-23,광주,식품,3,14480,0.15,3.0,37.0,43440,6516.0,36924.0
5768,2025-05-01,광주,생활용품,1,39360,0.05,3.0,25.0,39360,1968.0,37392.0
5769,2025-06-21,서울,의류,5,35640,0.15,4.0,23.0,178200,26730.0,151470.0
5770,2025-07-20,서울,생활용품,3,16284,0.25,3.0,52.0,48852,12213.0,36639.0
5771,2025-05-01,광주,전자제품,2,107861,0.2,1.0,19.0,215722,43144.4,172577.6
5772,2025-03-22,부산,생활용품,4,80780,0.15,1.0,38.0,323120,48468.0,274652.0
5773,2025-05-30,광주,전자제품,4,109640,0.25,2.0,19.0,438560,109640.0,328920.0
5774,2025-01-09,부산,식품,6,33955,0.15,2.0,36.0,203730,30559.5,173170.5
5775,2025-06-29,부산,식품,4,105926,0.2,4.0,64.0,423704,84740.8,338963.2
5776,2025-12-10,부산,전자제품,5,14396,0.0,3.0,22.0,71980,0.0,71980.0
5777,2025-05-26,부산,생활용품,5,109612,0.0,3.0,69.0,548060,0.0,548060.0
5778,2025-02-09,광주,생활용품,6,122895,0.05,1.0,69.0,737370,36868.5,700501.5
5779,2025-09-16,대구,의류,1,41773,0.15,1.0,63.0,41773,6265.95,35507.05
5780,2025-02-16,광주,식품,3,52646,0.1,5.0,54.0,157938,15793.8,142144.2
5781,2025-03-12,서울,생활용품,6,68143,0.1,5.0,27.0,408858,40885.8,367972.2
5782,2025-02-23,대구,의류,1,89012,0.15,1.0,23.0,89012,13351.8,75660.2
5783,2025-11-19,대구,식품,4,81678,0.3,3.0,66.0,326712,98013.6,228698.4
5784,2025-12-25,제주,생활용품,3,20173,0.1,5.0,37.0,60519,6051.9,54467.1
5785,2025-07-27,대구,전자제품,6,59918,0.15,4.0,41.0,359508,53926.2,305581.8
5786,2025-08-14,서울,식품,7,78309,0.15,1.0,22.0,548163,82224.45,465938.55
5787,2025-08-24,광주,전자제품,1,94000,0.25,3.0,21.0,94000,23500.0,70500.0
5788,2025-08-11,서울,전자제품,2,96617,0.25,5.0,46.0,193234,48308.5,144925.5
5789,2025-07-18,제주,전자제품,6,101539,0.3,2.0,39.0,609234,182770.2,426463.8
5790,2025-12-27,부산,의류,2,70230,0.2,3.0,55.0,140460,28092.0,112368.0
5791,2025-09-25,광주,생활용품,4,77857,0.3,2.0,62.0,311428,93428.4,217999.6
5792,2025-02-02,광주,의류,7,53935,0.2,1.0,20.0,377545,75509.0,302036.0
5793,2025-05-24,대구,식품,7,44394,0.15,5.0,69.0,310758,46613.7,264144.3
5794,2025-12-22,대구,식품,7,50088,0.15,2.0,66.0,350616,52592.4,298023.6
5795,2025-05-28,서울,전자제품,1,68570,0.15,3.0,48.0,68570,10285.5,58284.5
5796,2025-03-16,서울,의류,2,20860,0.05,2.0,37.0,41720,2086.0,39634.0
5797,2025-11-13,광주,전자제품,2,36710,0.1,4.0,26.0,73420,7342.0,66078.0
5798,2025-08-16,제주,생활용품,6,21775,0.2,4.0,30.0,130650,26130.0,104520.0
5799,2025-07-25,제주,식품,2,64257,0.2,3.0,55.0,128514,25702.8,102811.2
5800,2025-06-03,부산,식품,4,76876,0.05,1.0,24.0,307504,15375.2,292128.8
5801,2025-02-15,부산,전자제품,6,28656,0.25,2.0,69.0,171936,42984.0,128952.0
5802,2025-05-21,부산,전자제품,4,25130,0.2,2.0,25.0,100520,20104.0,80416.0
5803,2025-06-09,광주,전자제품,7,81229,0.15,4.0,57.0,568603,85290.45,483312.55
5804,2025-12-06,광주,의류,4,37400,0.15,4.0,63.0,149600,22440.0,127160.0
5805,2025-04-23,광주,식품,3,130867,0.15,1.0,33.0,392601,58890.15,333710.85
5806,2025-02-24,제주,생활용품,7,28898,0.2,4.0,43.0,202286,40457.2,161828.8
5807,2025-06-06,부산,의류,4,74856,0.1,3.0,48.0,299424,29942.4,269481.6
5808,2025-12-30,광주,생활용품,2,121361,0.3,3.0,60.0,242722,72816.6,169905.4
5809,2025-06-26,대구,생활용품,5,20056,0.05,5.0,20.0,100280,5014.0,95266.0
5810,2025-05-19,제주,전자제품,6,70209,0.1,1.0,30.0,421254,42125.4,379128.6
5811,2025-09-01,부산,전자제품,6,73418,0.1,4.0,25.0,440508,44050.8,396457.2
5812,2025-08-25,서울,생활용품,1,85126,0.0,3.0,34.0,85126,0.0,85126.0
5813,2025-04-20,부산,식품,1,133442,0.0,2.0,53.0,133442,0.0,133442.0
5814,2025-12-20,광주,생활용품,5,89529,0.3,2.0,39.0,447645,134293.5,313351.5
5815,2025-08-05,제주,의류,6,59683,0.25,1.0,44.0,358098,89524.5,268573.5
5816,2025-01-22,제주,의류,5,62476,0.1,4.0,42.0,312380,31238.0,281142.0
5817,2025-05-29,서울,식품,3,95482,0.05,4.0,18.0,286446,14322.3,272123.7
5818,2025-12-03,대구,식품,6,48272,0.1,2.0,23.0,289632,28963.2,260668.8
5819,2025-05-24,서울,의류,5,104283,0.2,2.0,30.0,521415,104283.0,417132.0
5820,2025-07-27,부산,전자제품,7,60454,0.1,5.0,20.0,423178,42317.8,380860.2
5821,2025-08-12,제주,식품,3,13743,0.0,4.0,61.0,41229,0.0,41229.0
5822,2025-09-15,제주,의류,6,82549,0.1,3.0,70.0,495294,49529.4,445764.6
5823,2025-11-15,서울,전자제품,2,41462,0.2,1.0,43.0,82924,16584.8,66339.2
5824,2025-02-24,서울,식품,6,56994,0.15,3.0,53.0,341964,51294.6,290669.4
5825,2025-07-08,광주,생활용품,6,51944,0.05,2.0,20.0,311664,15583.2,296080.8
5826,2025-07-14,대구,식품,2,24809,0.25,5.0,20.0,49618,12404.5,37213.5
5827,2025-02-25,대구,생활용품,1,46923,0.2,1.0,50.0,46923,9384.6,37538.4
5828,2025-09-03,제주,생활용품,7,137485,0.25,5.0,58.0,962395,240598.75,721796.25
5829,2025-02-13,제주,의류,1,51426,0.3,5.0,67.0,51426,15427.8,35998.2
5830,2025-06-16,제주,전자제품,4,111199,0.15,4.0,37.0,444796,66719.4,378076.6
5831,2025-05-01,광주,전자제품,1,64259,0.2,3.0,40.0,64259,12851.8,51407.2
5832,2025-02-26,제주,생활용품,3,14609,0.25,3.0,60.0,43827,10956.75,32870.25
5833,2025-10-28,광주,전자제품,6,126469,0.25,5.0,25.0,758814,189703.5,569110.5
5834,2025-03-31,제주,의류,4,136327,0.25,5.0,68.0,545308,136327.0,408981.0
5835,2025-04-04,대구,의류,2,39165,0.2,5.0,33.0,78330,15666.0,62664.0
5836,2025-11-08,서울,생활용품,3,29717,0.0,1.0,19.0,89151,0.0,89151.0
5837,2025-11-17,제주,생활용품,1,139947,0.1,3.0,59.0,139947,13994.7,125952.3
5838,2025-01-13,제주,식품,5,19170,0.2,4.0,69.0,95850,19170.0,76680.0
5839,2025-04-12,부산,의류,1,133892,0.15,1.0,43.0,133892,20083.8,113808.2
5840,2025-09-16,대구,의류,3,30116,0.0,4.0,26.0,90348,0.0,90348.0
5841,2025-10-12,대구,생활용품,1,130670,0.05,2.0,26.0,130670,6533.5,124136.5
5842,2025-12-31,광주,의류,2,140290,0.1,3.0,33.0,280580,28058.0,252522.0
5843,2025-07-22,광주,전자제품,1,39809,0.0,5.0,46.0,39809,0.0,39809.0
5844,2025-01-03,부산,생활용품,7,37087,0.25,5.0,51.0,259609,64902.25,194706.75
5845,2025-11-15,제주,의류,6,20395,0.1,2.0,55.0,122370,12237.0,110133.0
5846,2025-02-28,제주,전자제품,7,119114,0.25,4.0,55.0,833798,208449.5,625348.5
5847,2025-02-14,제주,전자제품,5,55665,0.3,1.0,30.0,278325,83497.5,194827.5
5848,2025-09-04,대구,전자제품,4,98241,0.3,4.0,27.0,392964,117889.2,275074.8
5849,2025-08-09,서울,의류,2,94062,0.3,1.0,68.0,188124,56437.2,131686.8
5850,2025-01-22,제주,생활용품,7,80142,0.15,5.0,25.0,560994,84149.1,476844.9
5851,2025-03-03,서울,식품,7,40172,0.05,2.0,45.0,281204,14060.2,267143.8
5852,2025-08-04,서울,전자제품,3,58011,0.0,4.0,33.0,174033,0.0,174033.0
5853,2025-04-04,부산,생활용품,2,77612,0.2,4.0,56.0,155224,31044.8,124179.2
5854,2025-09-07,서울,의류,3,18475,0.0,2.0,35.0,55425,0.0,55425.0
5855,2025-05-31,광주,의류,3,63552,0.05,5.0,23.0,190656,9532.8,181123.2
5856,2025-08-03,대구,전자제품,7,108045,0.05,1.0,34.0,756315,37815.75,718499.25
5857,2025-06-23,부산,생활용품,1,66161,0.05,5.0,23.0,66161,3308.05,62852.95
5858,2025-05-14,서울,전자제품,5,62243,0.1,3.0,27.0,311215,31121.5,280093.5
5859,2025-05-05,부산,의류,6,126849,0.1,3.0,43.0,761094,76109.4,684984.6
5860,2025-09-12,광주,의류,6,82573,0.15,2.0,69.0,495438,74315.7,421122.3
5861,2025-07-07,광주,의류,2,111902,0.3,1.0,28.0,223804,67141.2,156662.8
5862,2025-08-05,부산,의류,3,12505,0.2,4.0,60.0,37515,7503.0,30012.0
5863,2025-07-30,서울,식품,3,139589,0.2,4.0,45.0,418767,83753.4,335013.6
5864,2025-03-17,대구,의류,3,117511,0.05,5.0,69.0,352533,17626.65,334906.35
5865,2025-11-30,광주,식품,1,124894,0.0,5.0,45.0,124894,0.0,124894.0
5866,2025-07-25,서울,식품,1,105380,0.05,2.0,23.0,105380,5269.0,100111.0
5867,2025-09-20,광주,의류,1,83059,0.25,3.0,39.0,83059,20764.75,62294.25
5868,2025-11-18,서울,의류,7,81749,0.05,5.0,22.0,572243,28612.15,543630.85
5869,2025-12-04,부산,전자제품,3,95553,0.3,3.0,29.0,286659,85997.7,200661.3
5870,2025-09-01,광주,생활용품,2,76965,0.25,4.0,46.0,153930,38482.5,115447.5
5871,2025-10-15,서울,전자제품,6,110782,0.25,4.0,65.0,664692,166173.0,498519.0
5872,2025-06-22,부산,식품,4,53869,0.1,5.0,50.0,215476,21547.6,193928.4
5873,2025-09-27,서울,식품,3,116565,0.05,2.0,37.0,349695,17484.75,332210.25
5874,2025-04-28,부산,식품,1,54648,0.05,1.0,51.0,54648,2732.4,51915.6
5875,2025-09-17,광주,식품,3,73996,0.3,5.0,30.0,221988,66596.4,155391.6
5876,2025-02-01,부산,식품,5,14927,0.15,3.0,22.0,74635,11195.25,63439.75
5877,2025-11-30,서울,식품,5,135552,0.1,1.0,56.0,677760,67776.0,609984.0
5878,2025-03-31,부산,생활용품,3,104574,0.05,4.0,62.0,313722,15686.1,298035.9
5879,2025-08-28,서울,생활용품,5,41198,0.1,5.0,50.0,205990,20599.0,185391.0
5880,2025-01-05,광주,식품,6,11521,0.1,4.0,43.0,69126,6912.6,62213.4
5881,2025-02-26,제주,식품,7,128539,0.25,2.0,42.0,899773,224943.25,674829.75
5882,2025-12-27,서울,의류,4,5205,0.25,5.0,37.0,20820,5205.0,15615.0
5883,2025-11-01,광주,전자제품,2,74882,0.15,1.0,69.0,149764,22464.6,127299.4
5884,2025-03-23,부산,식품,1,9492,0.1,5.0,44.0,9492,949.2,8542.8
5885,2025-02-17,서울,전자제품,2,105549,0.15,1.0,64.0,211098,31664.7,179433.3
5886,2025-10-25,광주,의류,1,34500,0.05,2.0,20.0,34500,1725.0,32775.0
5887,2025-12-28,부산,전자제품,4,66929,0.0,2.0,36.0,267716,0.0,267716.0
5888,2025-03-03,대구,생활용품,2,87678,0.05,3.0,29.0,175356,8767.8,166588.2
5889,2025-08-31,대구,식품,2,58731,0.0,1.0,24.0,117462,0.0,117462.0
5890,2025-04-14,대구,의류,6,103768,0.0,4.0,70.0,622608,0.0,622608.0
5891,2025-09-29,서울,의류,3,78680,0.05,1.0,20.0,236040,11802.0,224238.0
5892,2025-06-02,부산,식품,6,66007,0.3,1.0,47.0,396042,118812.6,277229.4
5893,2025-02-15,광주,식품,1,51726,0.05,1.0,29.0,51726,2586.3,49139.7
5894,2025-04-29,제주,식품,3,64253,0.2,5.0,22.0,192759,38551.8,154207.2
5895,2025-07-16,서울,생활용품,1,51563,0.05,1.0,70.0,51563,2578.15,48984.85
5896,2025-10-19,대구,의류,4,88634,0.15,4.0,33.0,354536,53180.4,301355.6
5897,2025-01-08,제주,전자제품,1,115857,0.2,4.0,36.0,115857,23171.4,92685.6
5898,2025-12-16,부산,식품,2,91540,0.15,5.0,27.0,183080,27462.0,155618.0
5899,2025-08-26,대구,식품,6,9660,0.25,3.0,54.0,57960,14490.0,43470.0
5900,2025-11-16,제주,생활용품,7,127525,0.05,5.0,67.0,892675,44633.75,848041.25
5901,2025-12-06,제주,생활용품,4,118978,0.25,3.0,35.0,475912,118978.0,356934.0
5902,2025-02-26,광주,식품,7,123768,0.1,1.0,60.0,866376,86637.6,779738.4
5903,2025-02-04,광주,식품,6,12230,0.15,5.0,39.0,73380,11007.0,62373.0
5904,2025-10-11,광주,전자제품,6,124412,0.1,3.0,46.0,746472,74647.2,671824.8
5905,2025-03-10,부산,의류,7,72732,0.3,1.0,60.0,509124,152737.2,356386.8
5906,2025-02-24,제주,전자제품,1,127405,0.25,4.0,68.0,127405,31851.25,95553.75
5907,2025-06-21,서울,생활용품,2,118320,0.15,2.0,50.0,236640,35496.0,201144.0
5908,2025-11-30,서울,의류,4,132576,0.25,5.0,37.0,530304,132576.0,397728.0
5909,2025-10-18,광주,전자제품,5,22682,0.3,1.0,42.0,113410,34023.0,79387.0
5910,2025-07-09,제주,생활용품,7,85521,0.05,4.0,63.0,598647,29932.35,568714.65
5911,2025-03-13,제주,생활용품,1,110627,0.1,5.0,36.0,110627,11062.7,99564.3
5912,2025-05-03,광주,식품,2,91299,0.25,1.0,42.0,182598,45649.5,136948.5
5913,2025-09-09,부산,전자제품,3,122691,0.05,3.0,59.0,368073,18403.65,349669.35
5914,2025-02-27,부산,식품,5,110448,0.0,4.0,62.0,552240,0.0,552240.0
5915,2025-07-11,대구,식품,7,10182,0.2,5.0,41.0,71274,14254.8,57019.2
5916,2025-01-05,부산,식품,7,33856,0.05,2.0,65.0,236992,11849.6,225142.4
5917,2025-04-29,대구,생활용품,6,96999,0.2,3.0,63.0,581994,116398.8,465595.2
5918,2025-04-01,서울,생활용품,6,57267,0.0,3.0,42.0,343602,0.0,343602.0
5919,2025-09-06,부산,의류,3,56722,0.15,2.0,32.0,170166,25524.9,144641.1
5920,2025-11-30,제주,생활용품,5,137335,0.05,5.0,27.0,686675,34333.75,652341.25
5921,2025-02-23,광주,전자제품,2,17984,0.15,4.0,24.0,35968,5395.2,30572.8
5922,2025-10-19,서울,전자제품,4,80801,0.05,1.0,28.0,323204,16160.2,307043.8
5923,2025-08-28,부산,생활용품,3,50174,0.05,5.0,21.0,150522,7526.1,142995.9
5924,2025-12-20,부산,의류,7,12509,0.3,1.0,33.0,87563,26268.9,61294.1
5925,2025-11-29,부산,전자제품,3,59372,0.3,5.0,70.0,178116,53434.8,124681.2
5926,2025-02-06,광주,생활용품,3,63806,0.1,3.0,29.0,191418,19141.8,172276.2
5927,2025-09-29,제주,전자제품,3,70937,0.2,4.0,38.0,212811,42562.2,170248.8
5928,2025-08-05,광주,생활용품,7,28314,0.1,5.0,38.0,198198,19819.8,178378.2
5929,2025-02-11,대구,생활용품,7,110584,0.05,5.0,45.0,774088,38704.4,735383.6
5930,2025-04-04,서울,식품,4,56661,0.0,1.0,44.0,226644,0.0,226644.0
5931,2025-12-05,서울,의류,7,88143,0.3,3.0,48.0,617001,185100.3,431900.7
5932,2025-07-18,제주,의류,6,84022,0.0,1.0,22.0,504132,0.0,504132.0
5933,2025-05-04,광주,생활용품,6,86848,0.15,4.0,35.0,521088,78163.2,442924.8
5934,2025-04-27,대구,의류,7,78245,0.05,3.0,66.0,547715,27385.75,520329.25
5935,2025-11-02,대구,식품,3,48670,0.25,5.0,69.0,146010,36502.5,109507.5
5936,2025-04-14,제주,전자제품,4,76118,0.0,4.0,18.0,304472,0.0,304472.0
5937,2025-02-27,제주,식품,2,81905,0.2,3.0,51.0,163810,32762.0,131048.0
5938,2025-07-29,서울,전자제품,3,7659,0.1,1.0,25.0,22977,2297.7,20679.3
5939,2025-12-29,부산,의류,4,109958,0.15,2.0,46.0,439832,65974.8,373857.2
5940,2025-03-08,서울,식품,1,69540,0.05,5.0,18.0,69540,3477.0,66063.0
5941,2025-04-04,부산,의류,2,47447,0.0,1.0,58.0,94894,0.0,94894.0
5942,2025-06-21,광주,전자제품,6,9199,0.05,5.0,70.0,55194,2759.7,52434.3
5943,2025-03-14,부산,식품,2,49191,0.2,4.0,24.0,98382,19676.4,78705.6
5944,2025-08-26,서울,식품,5,63705,0.2,3.0,39.0,318525,63705.0,254820.0
5945,2025-04-03,대구,전자제품,6,126316,0.3,3.0,28.0,757896,227368.8,530527.2
5946,2025-02-16,대구,생활용품,2,98815,0.3,1.0,28.0,197630,59289.0,138341.0
5947,2025-04-06,광주,의류,4,65657,0.25,2.0,60.0,262628,65657.0,196971.0
5948,2025-12-06,서울,생활용품,7,23256,0.0,3.0,24.0,162792,0.0,162792.0
5949,2025-12-08,부산,생활용품,6,44843,0.2,3.0,24.0,269058,53811.6,215246.4
5950,2025-07-04,광주,전자제품,7,137932,0.2,2.0,37.0,965524,193104.8,772419.2
5951,2025-05-27,광주,생활용품,5,23536,0.2,5.0,34.0,117680,23536.0,94144.0
5952,2025-10-27,제주,전자제품,7,96424,0.2,3.0,69.0,674968,134993.6,539974.4
5953,2025-03-12,제주,생활용품,3,79980,0.2,2.0,38.0,239940,47988.0,191952.0
5954,2025-08-27,제주,의류,5,36552,0.2,4.0,47.0,182760,36552.0,146208.0
5955,2025-09-06,대구,생활용품,5,131658,0.2,1.0,23.0,658290,131658.0,526632.0
5956,2025-09-17,제주,식품,7,62143,0.2,1.0,36.0,435001,87000.2,348000.8
5957,2025-03-21,대구,전자제품,3,100873,0.0,2.0,28.0,302619,0.0,302619.0
5958,2025-09-19,제주,전자제품,7,19051,0.15,1.0,37.0,133357,20003.55,113353.45
5959,2025-08-12,부산,전자제품,4,145025,0.0,2.0,34.0,580100,0.0,580100.0
5960,2025-11-16,대구,생활용품,1,8199,0.3,1.0,24.0,8199,2459.7,5739.3
5961,2025-03-05,광주,의류,5,50003,0.3,4.0,47.0,250015,75004.5,175010.5
5962,2025-08-12,부산,전자제품,7,137800,0.05,1.0,45.0,964600,48230.0,916370.0
5963,2025-10-30,서울,전자제품,4,97491,0.3,2.0,45.0,389964,116989.2,272974.8
5964,2025-04-12,제주,전자제품,4,102902,0.15,2.0,40.0,411608,61741.2,349866.8
5965,2025-09-29,대구,식품,7,50597,0.2,3.0,45.0,354179,70835.8,283343.2
5966,2025-02-06,제주,의류,7,118049,0.2,3.0,56.0,826343,165268.6,661074.4
5967,2025-09-20,부산,생활용품,3,140082,0.0,4.0,31.0,420246,0.0,420246.0
5968,2025-08-10,제주,의류,6,95215,0.3,4.0,28.0,571290,171387.0,399903.0
5969,2025-03-12,광주,생활용품,5,36665,0.2,2.0,53.0,183325,36665.0,146660.0
5970,2025-01-25,광주,식품,5,136481,0.15,1.0,25.0,682405,102360.75,580044.25
5971,2025-09-30,광주,식품,6,5626,0.2,5.0,36.0,33756,6751.2,27004.8
5972,2025-03-30,부산,의류,3,134909,0.3,2.0,48.0,404727,121418.1,283308.9
5973,2025-07-01,제주,전자제품,3,6387,0.2,3.0,48.0,19161,3832.2,15328.8
5974,2025-01-23,제주,생활용품,1,13433,0.2,5.0,57.0,13433,2686.6,10746.4
5975,2025-12-18,광주,생활용품,6,11096,0.3,4.0,43.0,66576,19972.8,46603.2
5976,2025-07-20,제주,전자제품,2,32473,0.2,3.0,44.0,64946,12989.2,51956.8
5977,2025-12-07,제주,전자제품,5,110471,0.05,2.0,20.0,552355,27617.75,524737.25
5978,2025-02-28,광주,의류,5,62389,0.25,5.0,59.0,311945,77986.25,233958.75
5979,2025-03-17,대구,의류,5,16479,0.3,1.0,30.0,82395,24718.5,57676.5
5980,2025-08-11,제주,전자제품,7,54458,0.25,3.0,62.0,381206,95301.5,285904.5
5981,2025-08-09,서울,의류,7,149663,0.05,2.0,52.0,1047641,52382.05,995258.95
5982,2025-10-16,대구,식품,1,81208,0.15,1.0,66.0,81208,12181.2,69026.8
5983,2025-12-05,제주,의류,6,110725,0.0,2.0,64.0,664350,0.0,664350.0
5984,2025-10-27,제주,식품,2,43647,0.25,1.0,38.0,87294,21823.5,65470.5
5985,2025-02-21,부산,식품,5,80521,0.3,1.0,38.0,402605,120781.5,281823.5
5986,2025-04-23,서울,식품,5,120632,0.0,4.0,65.0,603160,0.0,603160.0
5987,2025-11-30,부산,전자제품,1,102794,0.0,4.0,64.0,102794,0.0,102794.0
5988,2025-07-20,제주,전자제품,2,6086,0.3,5.0,55.0,12172,3651.6,8520.4
5989,2025-11-13,대구,전자제품,7,10000000,0.25,1.0,66.0,70000000,17500000.0,52500000.0
5990,2025-07-25,서울,생활용품,1,119770,0.25,3.0,51.0,119770,29942.5,89827.5
5991,2025-01-19,서울,식품,2,24602,0.05,4.0,19.0,49204,2460.2,46743.8
5992,2025-06-22,부산,식품,1,0,0.2,3.0,47.0,0,0.0,0.0
5993,2025-10-29,부산,생활용품,2,98519,0.25,1.0,37.0,197038,49259.5,147778.5
5994,2025-08-28,서울,생활용품,5,5744,0.0,3.0,19.0,28720,0.0,28720.0
5995,2025-02-18,대구,전자제품,6,108057,0.05,1.0,47.0,648342,32417.1,615924.9
5996,2025-03-18,대구,식품,5,127825,0.1,1.0,47.0,639125,63912.5,575212.5
5997,2025-11-08,서울,식품,2,81307,0.15,4.0,56.0,162614,24392.1,138221.9
5998,2025-12-24,부산,생활용품,7,69779,0.05,1.0,59.0,488453,24422.65,464030.35
5999,2025-10-02,광주,의류,3,18318,0.1,2.0,35.0,54954,5495.4,49458.6
6000,2025-02-05,제주,의류,3,110086,0.05,5.0,70.0,330258,16512.9,313745.1
6001,2025-08-15,제주,전자제품,4,141765,0.0,5.0,41.0,567060,0.0,567060.0
6002,2025-10-30,대구,식품,1,132375,0.2,1.0,40.0,132375,26475.0,105900.0
6003,2025-08-22,서울,전자제품,3,84701,0.2,3.0,27.0,254103,50820.6,203282.4
6004,2025-08-05,제주,의류,6,9975,0.3,2.0,70.0,59850,17955.0,41895.0
6005,2025-06-20,제주,생활용품,5,46458,0.2,4.0,38.0,232290,46458.0,185832.0
6006,2025-03-31,부산,생활용품,7,43013,0.2,4.0,27.0,301091,60218.2,240872.8
6007,2025-04-13,대구,식품,6,6084,0.1,1.0,62.0,36504,3650.4,32853.6
6008,2025-09-30,서울,식품,3,22239,0.1,3.0,68.0,66717,6671.7,60045.3
6009,2025-01-26,제주,생활용품,6,88349,0.1,2.0,29.0,530094,53009.4,477084.6
6010,2025-01-31,광주,식품,7,19211,0.3,5.0,49.0,134477,40343.1,94133.9
6011,2025-05-25,서울,생활용품,5,10604,0.15,2.0,65.0,53020,7953.0,45067.0
6012,2025-10-10,광주,의류,6,142118,0.3,1.0,53.0,852708,255812.4,596895.6
6013,2025-08-28,대구,식품,4,92686,0.1,4.0,41.0,370744,37074.4,333669.6
6014,2025-08-04,대구,의류,7,121808,0.2,5.0,48.0,852656,170531.2,682124.8
6015,2025-07-14,부산,전자제품,2,41039,0.05,5.0,23.0,82078,4103.9,77974.1
6016,2025-02-10,제주,식품,3,57885,0.1,1.0,70.0,173655,17365.5,156289.5
6017,2025-05-02,대구,식품,2,93514,0.3,4.0,45.0,187028,56108.4,130919.6
6018,2025-01-30,제주,생활용품,1,104658,0.2,2.0,20.0,104658,20931.6,83726.4
6019,2025-10-04,서울,의류,5,58388,0.15,1.0,35.0,291940,43791.0,248149.0
6020,2025-10-02,대구,식품,1,138320,0.1,3.0,39.0,138320,13832.0,124488.0
6021,2025-04-05,부산,생활용품,2,106997,0.25,5.0,70.0,213994,53498.5,160495.5
6022,2025-04-17,제주,식품,6,37018,0.05,5.0,64.0,222108,11105.4,211002.6
6023,2025-04-26,대구,생활용품,2,19238,0.25,4.0,34.0,38476,9619.0,28857.0
6024,2025-11-21,광주,의류,7,7051,0.2,3.0,26.0,49357,9871.4,39485.6
6025,2025-06-28,서울,생활용품,1,127471,0.1,3.0,20.0,127471,12747.1,114723.9
6026,2025-10-06,광주,생활용품,4,124496,0.2,2.0,48.0,497984,99596.8,398387.2
6027,2025-06-13,서울,식품,1,74432,0.3,1.0,41.0,74432,22329.6,52102.4
6028,2025-09-12,부산,식품,1,109791,0.1,3.0,45.0,109791,10979.1,98811.9
6029,2025-07-12,부산,생활용품,6,133109,0.1,1.0,32.0,798654,79865.4,718788.6
6030,2025-04-12,서울,전자제품,1,28237,0.3,1.0,60.0,28237,8471.1,19765.9
6031,2025-11-16,대구,생활용품,7,147214,0.1,4.0,45.0,1030498,103049.8,927448.2
6032,2025-09-16,부산,전자제품,5,75999,0.25,5.0,66.0,379995,94998.75,284996.25
6033,2025-10-08,대구,생활용품,4,68542,0.3,4.0,30.0,274168,82250.4,191917.6
6034,2025-12-13,광주,의류,7,28263,0.2,5.0,31.0,197841,39568.2,158272.8
6035,2025-04-01,서울,의류,3,102507,0.0,3.0,49.0,307521,0.0,307521.0
6036,2025-02-03,광주,식품,3,92379,0.0,4.0,54.0,277137,0.0,277137.0
6037,2025-08-01,부산,의류,3,9343,0.05,2.0,33.0,28029,1401.45,26627.55
6038,2025-04-30,부산,식품,5,98898,0.0,3.0,47.0,494490,0.0,494490.0
6039,2025-06-09,대구,식품,6,25500,0.25,1.0,45.0,153000,38250.0,114750.0
6040,2025-03-27,광주,전자제품,4,45119,0.2,4.0,53.0,180476,36095.2,144380.8
6041,2025-05-26,광주,전자제품,2,93692,0.15,3.0,51.0,187384,28107.6,159276.4
6042,2025-05-24,서울,생활용품,7,118222,0.25,3.0,28.0,827554,206888.5,620665.5
6043,2025-05-08,대구,의류,5,24458,0.0,5.0,24.0,122290,0.0,122290.0
6044,2025-09-28,부산,식품,6,73671,0.15,1.0,32.0,442026,66303.9,375722.1
6045,2025-08-05,부산,생활용품,4,46337,0.1,3.0,24.0,185348,18534.8,166813.2
6046,2025-06-23,제주,의류,2,107422,0.0,2.0,47.0,214844,0.0,214844.0
6047,2025-02-11,서울,의류,7,125079,0.15,4.0,45.0,875553,131332.95,744220.05
6048,2025-07-28,대구,전자제품,5,97773,0.05,4.0,18.0,488865,24443.25,464421.75
6049,2025-03-05,대구,의류,3,120271,0.0,4.0,,360813,0.0,360813.0
6050,2025-04-25,부산,전자제품,6,70360,0.05,5.0,55.0,422160,21108.0,401052.0
6051,2025-06-01,광주,의류,1,91700,0.05,2.0,42.0,91700,4585.0,87115.0
6052,2025-02-21,대구,전자제품,7,47444,0.2,2.0,26.0,332108,66421.6,265686.4
6053,2025-05-23,광주,의류,5,148330,0.25,2.0,26.0,741650,185412.5,556237.5
6054,2025-04-08,부산,식품,5,34624,0.15,5.0,67.0,173120,25968.0,147152.0
6055,2025-11-07,제주,전자제품,1,138565,0.2,3.0,30.0,138565,27713.0,110852.0
6056,2025-11-10,광주,식품,2,113162,0.0,4.0,63.0,226324,0.0,226324.0
6057,2025-01-02,부산,전자제품,6,148095,0.25,2.0,53.0,888570,222142.5,666427.5
6058,2025-08-08,제주,전자제품,4,98082,0.15,5.0,51.0,392328,58849.2,333478.8
6059,2025-08-22,제주,생활용품,1,56057,0.1,3.0,62.0,56057,5605.7,50451.3
6060,2025-05-18,대구,식품,5,45736,0.3,5.0,65.0,228680,68604.0,160076.0
6061,2025-06-21,서울,식품,6,31047,0.1,3.0,32.0,186282,18628.2,167653.8
6062,2025-10-16,대구,전자제품,2,145230,0.15,1.0,70.0,290460,43569.0,246891.0
6063,2025-05-18,광주,식품,5,20448,0.3,2.0,24.0,102240,30672.0,71568.0
6064,2025-01-24,부산,식품,7,122499,0.05,3.0,59.0,857493,42874.65,814618.35
6065,2025-05-16,서울,의류,4,106278,0.15,1.0,38.0,425112,63766.8,361345.2
6066,2025-04-03,대구,전자제품,2,23386,0.2,4.0,51.0,46772,9354.4,37417.6
6067,2025-05-20,제주,생활용품,7,137777,0.2,2.0,62.0,964439,192887.8,771551.2
6068,2025-03-25,부산,전자제품,7,28571,0.3,5.0,41.0,199997,59999.1,139997.9
6069,2025-02-24,대구,의류,4,28316,0.1,5.0,22.0,113264,11326.4,101937.6
6070,2025-12-26,서울,전자제품,3,83887,0.0,1.0,61.0,251661,0.0,251661.0
6071,2025-02-17,광주,생활용품,6,19957,0.1,2.0,24.0,119742,11974.2,107767.8
6072,2025-09-15,제주,의류,1,19845,0.05,4.0,55.0,19845,992.25,18852.75
6073,2025-09-19,광주,생활용품,3,95515,0.25,5.0,41.0,286545,71636.25,214908.75
6074,2025-08-14,대구,생활용품,4,144829,0.15,5.0,43.0,579316,86897.4,492418.6
6075,2025-11-29,서울,생활용품,5,12731,0.25,1.0,31.0,63655,15913.75,47741.25
6076,2025-01-02,대구,의류,5,97514,0.1,2.0,44.0,487570,48757.0,438813.0
6077,2025-04-21,제주,생활용품,3,92245,0.3,1.0,27.0,276735,83020.5,193714.5
6078,2025-03-09,서울,전자제품,7,14595,0.3,2.0,30.0,102165,30649.5,71515.5
6079,2025-07-30,부산,의류,5,26687,0.3,4.0,43.0,133435,40030.5,93404.5
6080,2025-08-20,제주,생활용품,4,69305,0.2,2.0,59.0,277220,55444.0,221776.0
6081,2025-11-24,대구,식품,7,105530,0.05,4.0,45.0,738710,36935.5,701774.5
6082,2025-05-19,서울,생활용품,1,37185,0.05,2.0,64.0,37185,1859.25,35325.75
6083,2025-03-28,서울,의류,5,67958,0.3,3.0,32.0,339790,101937.0,237853.0
6084,2025-12-04,대구,식품,7,76115,0.3,3.0,18.0,532805,159841.5,372963.5
6085,2025-09-03,대구,식품,5,108214,0.3,2.0,34.0,541070,162321.0,378749.0
6086,2025-10-07,제주,전자제품,4,40818,0.2,1.0,23.0,163272,32654.4,130617.6
6087,2025-06-12,제주,생활용품,3,104922,0.25,2.0,45.0,314766,78691.5,236074.5
6088,2025-06-13,대구,의류,2,125611,0.15,4.0,70.0,251222,37683.3,213538.7
6089,2025-05-23,대구,식품,4,89491,0.05,4.0,43.0,357964,17898.2,340065.8
6090,2025-10-01,제주,생활용품,7,109560,0.05,1.0,27.0,766920,38346.0,728574.0
6091,2025-03-18,광주,전자제품,4,29285,0.25,2.0,48.0,117140,29285.0,87855.0
6092,2025-12-23,부산,생활용품,1,136454,0.2,5.0,57.0,136454,27290.8,109163.2
6093,2025-03-06,광주,식품,4,48681,0.3,5.0,64.0,194724,58417.2,136306.8
6094,2025-06-18,광주,의류,1,33704,0.3,1.0,43.0,33704,10111.2,23592.8
6095,2025-04-25,부산,전자제품,7,84524,0.25,4.0,40.0,591668,147917.0,443751.0
6096,2025-08-23,제주,의류,4,60882,0.0,4.0,45.0,243528,0.0,243528.0
6097,2025-09-06,부산,의류,2,71887,0.05,1.0,29.0,143774,7188.7,136585.3
6098,2025-12-02,대구,생활용품,5,121793,0.1,2.0,23.0,608965,60896.5,548068.5
6099,2025-10-16,대구,식품,4,82708,0.0,1.0,58.0,330832,0.0,330832.0
6100,2025-04-01,광주,전자제품,4,59208,0.3,4.0,25.0,236832,71049.6,165782.4
6101,2025-03-17,제주,전자제품,5,121031,0.05,5.0,54.0,605155,30257.75,574897.25
6102,2025-11-20,부산,전자제품,7,59968,0.1,1.0,48.0,419776,41977.6,377798.4
6103,2025-06-28,부산,식품,6,143957,0.2,2.0,42.0,863742,172748.4,690993.6
6104,2025-02-05,광주,생활용품,2,147976,0.0,3.0,38.0,295952,0.0,295952.0
6105,2025-10-29,제주,전자제품,2,73044,0.2,1.0,70.0,146088,29217.6,116870.4
6106,2025-08-25,제주,전자제품,7,116775,0.0,2.0,60.0,817425,0.0,817425.0
6107,2025-01-10,광주,전자제품,5,107683,0.3,2.0,26.0,538415,161524.5,376890.5
6108,2025-10-13,광주,식품,1,129819,0.2,1.0,69.0,129819,25963.8,103855.2
6109,2025-08-10,광주,의류,4,71881,0.1,4.0,24.0,287524,28752.4,258771.6
6110,2025-08-13,제주,식품,1,64011,0.2,4.0,61.0,64011,12802.2,51208.8
6111,2025-11-12,서울,식품,1,45109,0.1,1.0,40.0,45109,4510.9,40598.1
6112,2025-06-30,대구,전자제품,2,89958,0.0,1.0,39.0,179916,0.0,179916.0
6113,2025-06-18,서울,생활용품,2,94277,0.0,1.0,44.0,188554,0.0,188554.0
6114,2025-08-14,대구,전자제품,1,70330,0.05,5.0,43.0,70330,3516.5,66813.5
6115,2025-03-14,부산,전자제품,6,50003,0.2,3.0,24.0,300018,60003.6,240014.4
6116,2025-02-25,부산,의류,4,70293,0.15,3.0,26.0,281172,42175.8,238996.2
6117,2025-11-04,제주,생활용품,4,77812,0.05,1.0,56.0,311248,15562.4,295685.6
6118,2025-03-20,광주,식품,7,23516,0.2,1.0,54.0,164612,32922.4,131689.6
6119,2025-07-04,대구,전자제품,6,100720,0.1,5.0,38.0,604320,60432.0,543888.0
6120,2025-04-09,제주,의류,6,127110,0.05,5.0,41.0,762660,38133.0,724527.0
6121,2025-03-26,서울,식품,2,51672,0.2,3.0,38.0,103344,20668.8,82675.2
6122,2025-08-07,광주,식품,6,61629,0.15,1.0,63.0,369774,55466.1,314307.9
6123,2025-10-20,서울,생활용품,7,18470,0.2,1.0,21.0,129290,25858.0,103432.0
6124,2025-06-11,부산,생활용품,1,89365,0.15,5.0,52.0,89365,13404.75,75960.25
6125,2025-02-20,서울,식품,7,67002,0.0,3.0,34.0,469014,0.0,469014.0
6126,2025-03-31,대구,의류,7,129276,0.0,2.0,27.0,904932,0.0,904932.0
6127,2025-03-02,광주,의류,6,136526,0.0,1.0,26.0,819156,0.0,819156.0
6128,2025-11-19,광주,생활용품,3,117154,0.05,3.0,39.0,351462,17573.1,333888.9
6129,2025-04-27,대구,생활용품,2,35461,0.05,5.0,25.0,70922,3546.1,67375.9
6130,2025-05-17,제주,식품,6,33744,0.3,5.0,53.0,202464,60739.2,141724.8
6131,2025-01-26,부산,전자제품,5,75428,0.25,4.0,35.0,377140,94285.0,282855.0
6132,2025-06-12,서울,전자제품,6,94684,0.3,1.0,63.0,568104,170431.2,397672.8
6133,2025-11-30,서울,전자제품,2,9604,0.15,4.0,25.0,19208,2881.2,16326.8
6134,2025-05-30,서울,생활용품,2,76881,0.1,4.0,36.0,153762,15376.2,138385.8
6135,2025-08-26,대구,의류,7,17569,0.1,5.0,38.0,122983,12298.3,110684.7
6136,2025-03-08,대구,생활용품,4,42722,0.3,1.0,53.0,170888,51266.4,119621.6
6137,2025-02-22,제주,전자제품,6,57053,0.1,5.0,33.0,342318,34231.8,308086.2
6138,2025-09-25,서울,전자제품,7,10924,0.2,4.0,27.0,76468,15293.6,61174.4
6139,2025-01-24,부산,전자제품,4,43046,0.05,4.0,39.0,172184,8609.2,163574.8
6140,2025-06-13,제주,의류,2,96320,0.3,,65.0,192640,57792.0,134848.0
6141,2025-04-26,서울,전자제품,7,149692,0.2,5.0,61.0,1047844,209568.8,838275.2
6142,2025-01-06,대구,의류,6,118079,0.3,1.0,48.0,708474,212542.2,495931.8
6143,2025-07-13,서울,생활용품,5,49427,0.1,2.0,70.0,247135,24713.5,222421.5
6144,2025-12-18,대구,전자제품,7,141550,0.2,1.0,58.0,990850,198170.0,792680.0
6145,2025-01-26,제주,의류,2,68812,0.05,2.0,58.0,137624,6881.2,130742.8
6146,2025-10-25,부산,의류,3,56472,0.15,4.0,39.0,169416,25412.4,144003.6
6147,2025-07-16,부산,생활용품,1,127849,0.1,5.0,44.0,127849,12784.9,115064.1
6148,2025-09-22,대구,전자제품,3,62886,0.0,5.0,67.0,188658,0.0,188658.0
6149,2025-02-05,광주,전자제품,4,112124,0.15,1.0,67.0,448496,67274.4,381221.6
6150,2025-11-14,제주,전자제품,4,28635,0.15,5.0,56.0,114540,17181.0,97359.0
6151,2025-01-05,서울,의류,2,53191,0.05,1.0,23.0,106382,5319.1,101062.9
6152,2025-11-27,대구,생활용품,6,147770,0.1,4.0,26.0,886620,88662.0,797958.0
6153,2025-08-29,광주,전자제품,4,40366,0.0,1.0,42.0,161464,0.0,161464.0
6154,2025-05-04,서울,식품,4,128190,0.2,5.0,47.0,512760,102552.0,410208.0
6155,2025-01-03,제주,의류,7,72633,0.1,2.0,51.0,508431,50843.1,457587.9
6156,2025-08-11,부산,생활용품,4,143853,0.0,5.0,32.0,575412,0.0,575412.0
6157,2025-02-01,대구,생활용품,7,65318,0.15,3.0,59.0,457226,68583.9,388642.1
6158,2025-08-11,제주,의류,2,76825,0.25,3.0,62.0,153650,38412.5,115237.5
6159,2025-10-10,광주,생활용품,6,62218,0.3,3.0,29.0,373308,111992.4,261315.6
6160,2025-04-08,제주,생활용품,7,35418,0.3,2.0,59.0,247926,74377.8,173548.2
6161,2025-03-29,광주,생활용품,6,127350,0.05,3.0,25.0,764100,38205.0,725895.0
6162,2025-03-23,부산,식품,7,88112,0.05,4.0,44.0,616784,30839.2,585944.8
6163,2025-03-24,광주,식품,6,78241,0.3,1.0,64.0,469446,140833.8,328612.2
6164,2025-02-11,광주,식품,5,58953,0.2,1.0,34.0,294765,58953.0,235812.0
6165,2025-04-02,부산,생활용품,6,116989,0.15,3.0,54.0,701934,105290.1,596643.9
6166,2025-08-29,서울,식품,7,55440,0.25,5.0,63.0,388080,97020.0,291060.0
6167,2025-04-21,광주,생활용품,5,39460,0.0,2.0,44.0,197300,0.0,197300.0
6168,2025-10-13,대구,의류,5,16942,0.15,3.0,63.0,84710,12706.5,72003.5
6169,2025-10-27,광주,전자제품,1,131618,0.2,5.0,51.0,131618,26323.6,105294.4
6170,2025-10-05,서울,식품,7,15606,0.3,2.0,44.0,109242,32772.6,76469.4
6171,2025-07-16,대구,전자제품,6,127509,0.15,2.0,24.0,765054,114758.1,650295.9
6172,2025-04-26,제주,의류,2,59926,0.15,5.0,56.0,119852,17977.8,101874.2
6173,2025-12-06,제주,식품,3,5369,0.25,3.0,34.0,16107,4026.75,12080.25
6174,2025-03-16,제주,식품,2,139299,0.05,1.0,33.0,278598,13929.9,264668.1
6175,2025-06-19,부산,전자제품,3,112421,0.0,2.0,66.0,337263,0.0,337263.0
6176,2025-06-15,서울,전자제품,7,109839,0.15,5.0,36.0,768873,115330.95,653542.05
6177,2025-09-30,대구,생활용품,4,84449,0.2,5.0,37.0,337796,67559.2,270236.8
6178,2025-07-19,대구,생활용품,3,115281,0.15,5.0,68.0,345843,51876.45,293966.55
6179,2025-10-19,부산,식품,6,24304,0.2,3.0,33.0,145824,29164.8,116659.2
6180,2025-12-02,서울,생활용품,3,38972,0.05,4.0,57.0,116916,5845.8,111070.2
6181,2025-05-23,서울,의류,7,83857,0.0,1.0,45.0,586999,0.0,586999.0
6182,2025-11-16,부산,식품,6,111507,0.25,4.0,21.0,669042,167260.5,501781.5
6183,2025-03-03,광주,식품,2,90319,0.25,3.0,48.0,180638,45159.5,135478.5
6184,2025-12-01,서울,의류,5,63916,0.2,,42.0,319580,63916.0,255664.0
6185,2025-03-06,서울,생활용품,4,102423,0.1,5.0,56.0,409692,40969.2,368722.8
6186,2025-11-07,부산,식품,3,13611,0.1,3.0,38.0,40833,4083.3,36749.7
6187,2025-05-23,제주,식품,7,78690,0.15,5.0,30.0,550830,82624.5,468205.5
6188,2025-12-19,제주,생활용품,3,62248,0.1,5.0,30.0,186744,18674.4,168069.6
6189,2025-02-17,대구,의류,1,77233,0.05,3.0,45.0,77233,3861.65,73371.35
6190,2025-06-19,서울,식품,3,24031,0.1,1.0,70.0,72093,7209.3,64883.7
6191,2025-11-26,서울,식품,4,135984,0.1,1.0,41.0,543936,54393.6,489542.4
6192,2025-01-18,제주,의류,1,128787,0.15,2.0,25.0,128787,19318.05,109468.95
6193,2025-04-07,대구,전자제품,6,141684,0.1,2.0,61.0,850104,85010.4,765093.6
6194,2025-01-31,서울,전자제품,2,126843,0.15,2.0,34.0,253686,38052.9,215633.1
6195,2025-04-28,제주,의류,1,101331,0.25,5.0,40.0,101331,25332.75,75998.25
6196,2025-05-23,대구,전자제품,4,46683,0.1,4.0,62.0,186732,18673.2,168058.8
6197,2025-08-14,부산,의류,2,21551,0.0,1.0,23.0,43102,0.0,43102.0
6198,2025-04-05,대구,생활용품,6,93729,0.25,4.0,25.0,562374,140593.5,421780.5
6199,2025-02-27,부산,전자제품,1,142258,0.05,1.0,28.0,142258,7112.9,135145.1
6200,2025-03-04,제주,식품,3,57745,0.3,1.0,37.0,173235,51970.5,121264.5
6201,2025-12-09,광주,생활용품,1,148989,0.15,4.0,63.0,148989,22348.35,126640.65
6202,2025-12-14,서울,전자제품,3,27362,0.15,2.0,51.0,82086,12312.9,69773.1
6203,2025-03-22,광주,생활용품,7,46080,0.1,3.0,59.0,322560,32256.0,290304.0
6204,2025-03-13,서울,전자제품,5,99164,0.2,5.0,35.0,495820,99164.0,396656.0
6205,2025-01-20,대구,생활용품,4,76449,0.2,2.0,39.0,305796,61159.2,244636.8
6206,2025-12-17,광주,식품,2,115216,0.3,1.0,39.0,230432,69129.6,161302.4
6207,2025-09-15,서울,전자제품,3,55008,0.0,5.0,24.0,165024,0.0,165024.0
6208,2025-10-05,광주,의류,3,117335,0.05,2.0,47.0,352005,17600.25,334404.75
6209,2025-04-17,부산,전자제품,5,48660,0.05,4.0,35.0,243300,12165.0,231135.0
6210,2025-08-22,광주,식품,2,26637,0.05,1.0,68.0,53274,2663.7,50610.3
6211,2025-01-22,대구,의류,7,87469,0.3,1.0,54.0,612283,183684.9,428598.1
6212,2025-09-04,서울,의류,5,79324,0.0,4.0,64.0,396620,0.0,396620.0
6213,2025-07-31,광주,식품,3,87224,0.0,5.0,28.0,261672,0.0,261672.0
6214,2025-05-01,부산,생활용품,1,8465,0.15,1.0,23.0,8465,1269.75,7195.25
6215,2025-09-17,제주,식품,5,64616,0.05,5.0,41.0,323080,16154.0,306926.0
6216,2025-08-24,제주,식품,4,18074,0.1,2.0,48.0,72296,7229.6,65066.4
6217,2025-06-10,서울,식품,5,121701,0.2,5.0,47.0,608505,121701.0,486804.0
6218,2025-03-10,광주,생활용품,5,16752,0.15,3.0,52.0,83760,12564.0,71196.0
6219,2025-01-09,부산,의류,5,140096,0.3,4.0,62.0,700480,210144.0,490336.0
6220,2025-12-09,광주,전자제품,6,13292,0.15,1.0,35.0,79752,11962.8,67789.2
6221,2025-04-13,대구,생활용품,4,93538,0.3,1.0,33.0,374152,112245.6,261906.4
6222,2025-04-21,부산,식품,6,53396,0.05,5.0,32.0,320376,16018.8,304357.2
6223,2025-09-06,광주,식품,3,21052,0.05,1.0,37.0,63156,3157.8,59998.2
6224,2025-04-04,부산,전자제품,7,56863,0.1,5.0,49.0,398041,39804.1,358236.9
6225,2025-05-18,제주,생활용품,3,10794,0.0,1.0,60.0,32382,0.0,32382.0
6226,2025-09-17,제주,전자제품,5,106191,0.0,,39.0,530955,0.0,530955.0
6227,2025-08-06,서울,생활용품,7,131282,0.1,2.0,40.0,918974,91897.4,827076.6
6228,2025-08-28,광주,전자제품,3,52832,0.15,3.0,65.0,158496,23774.4,134721.6
6229,2025-01-02,제주,의류,1,68662,0.05,4.0,36.0,68662,3433.1,65228.9
6230,2025-06-14,서울,전자제품,2,25357,0.05,1.0,26.0,50714,2535.7,48178.3
6231,2025-06-23,광주,식품,2,74911,0.0,2.0,36.0,149822,0.0,149822.0
6232,2025-08-19,제주,생활용품,1,142297,0.0,3.0,20.0,142297,0.0,142297.0
6233,2025-02-25,부산,의류,4,83048,0.3,2.0,37.0,332192,99657.6,232534.4
6234,2025-02-28,대구,의류,2,131944,0.0,2.0,65.0,263888,0.0,263888.0
6235,2025-10-06,광주,전자제품,1,118117,0.2,1.0,60.0,118117,23623.4,94493.6
6236,2025-09-03,부산,생활용품,1,23012,0.25,4.0,65.0,23012,5753.0,17259.0
6237,2025-10-24,부산,식품,2,12669,0.05,1.0,33.0,25338,1266.9,24071.1
6238,2025-04-09,부산,의류,3,57603,0.05,1.0,40.0,172809,8640.45,164168.55
6239,2025-12-31,부산,생활용품,7,141304,0.1,2.0,62.0,989128,98912.8,890215.2
6240,2025-04-10,광주,의류,5,29372,0.2,4.0,57.0,146860,29372.0,117488.0
6241,2025-08-26,부산,의류,6,11448,0.0,1.0,27.0,68688,0.0,68688.0
6242,2025-03-01,부산,전자제품,5,144072,0.25,2.0,62.0,720360,180090.0,540270.0
6243,2025-12-02,제주,식품,6,33698,0.1,1.0,23.0,202188,20218.8,181969.2
6244,2025-05-02,대구,의류,3,56617,0.15,3.0,31.0,169851,25477.65,144373.35
6245,2025-10-20,제주,전자제품,1,118129,0.3,1.0,46.0,118129,35438.7,82690.3
6246,2025-05-01,광주,식품,4,19227,0.0,1.0,52.0,76908,0.0,76908.0
6247,2025-10-16,제주,생활용품,1,29801,0.3,2.0,60.0,29801,8940.3,20860.7
6248,2025-06-15,서울,생활용품,2,110393,0.2,2.0,57.0,220786,44157.2,176628.8
6249,2025-01-23,제주,생활용품,6,5960,0.1,1.0,33.0,35760,3576.0,32184.0
6250,2025-03-11,제주,생활용품,4,108199,0.0,3.0,36.0,432796,0.0,432796.0
6251,2025-09-07,서울,생활용품,5,83650,0.0,3.0,56.0,418250,0.0,418250.0
6252,2025-03-12,부산,전자제품,4,39950,0.25,3.0,68.0,159800,39950.0,119850.0
6253,2025-04-11,대구,생활용품,4,93966,0.1,3.0,63.0,375864,37586.4,338277.6
6254,2025-07-17,대구,의류,3,51612,0.25,5.0,69.0,154836,38709.0,116127.0
6255,2025-04-03,광주,생활용품,2,142597,0.25,2.0,53.0,285194,71298.5,213895.5
6256,2025-02-17,광주,의류,2,65178,0.1,2.0,43.0,130356,13035.6,117320.4
6257,2025-08-16,부산,전자제품,6,113514,0.1,3.0,58.0,681084,68108.4,612975.6
6258,2025-09-09,광주,의류,7,43816,0.05,1.0,22.0,306712,15335.6,291376.4
6259,2025-09-25,제주,생활용품,1,125841,0.2,5.0,67.0,125841,25168.2,100672.8
6260,2025-12-11,대구,전자제품,4,46889,0.2,3.0,66.0,187556,37511.2,150044.8
6261,2025-02-15,제주,의류,4,78653,0.1,4.0,44.0,314612,31461.2,283150.8
6262,2025-06-05,광주,의류,4,121231,0.15,2.0,45.0,484924,72738.6,412185.4
6263,2025-03-27,제주,식품,2,139287,0.15,4.0,46.0,278574,41786.1,236787.9
6264,2025-11-25,제주,생활용품,1,114019,0.05,5.0,25.0,114019,5700.95,108318.05
6265,2025-07-17,서울,전자제품,2,101786,0.15,3.0,28.0,203572,30535.8,173036.2
6266,2025-02-05,제주,식품,2,105431,0.25,2.0,56.0,210862,52715.5,158146.5
6267,2025-09-10,서울,생활용품,1,63902,0.3,4.0,19.0,63902,19170.6,44731.4
6268,2025-01-16,제주,의류,3,104582,0.1,5.0,54.0,313746,31374.6,282371.4
6269,2025-04-11,제주,전자제품,5,88328,0.05,4.0,34.0,441640,22082.0,419558.0
6270,2025-09-21,부산,전자제품,7,80673,0.3,4.0,25.0,564711,169413.3,395297.7
6271,2025-07-04,서울,의류,5,50425,0.3,3.0,49.0,252125,75637.5,176487.5
6272,2025-10-05,대구,생활용품,2,55883,0.25,1.0,32.0,111766,27941.5,83824.5
6273,2025-07-28,부산,전자제품,3,22915,0.1,4.0,41.0,68745,6874.5,61870.5
6274,2025-11-04,대구,전자제품,3,109479,0.05,3.0,63.0,328437,16421.85,312015.15
6275,2025-07-25,서울,식품,2,8219,0.2,2.0,54.0,16438,3287.6,13150.4
6276,2025-01-21,서울,전자제품,7,21873,0.05,3.0,69.0,153111,7655.55,145455.45
6277,2025-01-27,대구,전자제품,5,47476,0.25,1.0,39.0,237380,59345.0,178035.0
6278,2025-10-11,광주,식품,4,25455,0.1,3.0,39.0,101820,10182.0,91638.0
6279,2025-01-15,부산,의류,4,113703,0.1,3.0,54.0,454812,45481.2,409330.8
6280,2025-05-18,부산,생활용품,3,23308,0.25,2.0,25.0,69924,17481.0,52443.0
6281,2025-01-06,서울,식품,3,71189,0.1,4.0,63.0,213567,21356.7,192210.3
6282,2025-04-21,부산,의류,5,111244,0.0,3.0,36.0,556220,0.0,556220.0
6283,2025-08-06,부산,생활용품,7,90414,0.25,2.0,42.0,632898,158224.5,474673.5
6284,2025-03-05,부산,전자제품,4,90774,0.1,4.0,44.0,363096,36309.6,326786.4
6285,2025-06-20,부산,생활용품,2,54902,0.2,1.0,21.0,109804,21960.8,87843.2
6286,2025-12-30,부산,전자제품,7,70273,0.2,3.0,33.0,491911,98382.2,393528.8
6287,2025-01-26,광주,의류,3,116203,0.0,1.0,25.0,348609,0.0,348609.0
6288,2025-01-24,부산,생활용품,1,74054,0.0,4.0,50.0,74054,0.0,74054.0
6289,2025-04-10,광주,생활용품,4,106477,0.25,1.0,55.0,425908,106477.0,319431.0
6290,2025-10-29,광주,식품,6,124996,0.0,5.0,18.0,749976,0.0,749976.0
6291,2025-05-29,광주,의류,2,40517,0.1,1.0,18.0,81034,8103.4,72930.6
6292,2025-08-22,대구,전자제품,2,22643,0.25,3.0,61.0,45286,11321.5,33964.5
6293,2025-01-13,제주,식품,3,72182,0.05,4.0,35.0,216546,10827.3,205718.7
6294,2025-09-26,부산,생활용품,6,60570,0.15,3.0,62.0,363420,54513.0,308907.0
6295,2025-01-25,제주,전자제품,7,26721,0.0,2.0,52.0,187047,0.0,187047.0
6296,2025-09-17,부산,전자제품,6,115224,0.15,2.0,59.0,691344,103701.6,587642.4
6297,2025-02-23,서울,의류,2,95476,0.2,5.0,38.0,190952,38190.4,152761.6
6298,2025-11-10,제주,의류,6,100387,0.05,1.0,34.0,602322,30116.1,572205.9
6299,2025-04-19,제주,식품,3,107822,0.05,4.0,56.0,323466,16173.3,307292.7
6300,2025-03-09,서울,전자제품,7,68096,0.15,2.0,51.0,476672,71500.8,405171.2
6301,2025-05-03,대구,전자제품,7,78991,0.25,1.0,48.0,552937,138234.25,414702.75
6302,2025-01-01,대구,의류,6,37529,0.15,3.0,37.0,225174,33776.1,191397.9
6303,2025-03-02,부산,식품,7,111047,0.2,1.0,50.0,777329,155465.8,621863.2
6304,2025-08-07,대구,생활용품,1,142234,0.1,4.0,38.0,142234,14223.4,128010.6
6305,2025-04-20,광주,식품,5,131711,0.0,4.0,65.0,658555,0.0,658555.0
6306,2025-05-10,대구,식품,1,64148,0.3,2.0,55.0,64148,19244.4,44903.6
6307,2025-10-22,대구,전자제품,5,12238,0.25,4.0,39.0,61190,15297.5,45892.5
6308,2025-02-15,제주,의류,3,132286,0.0,4.0,62.0,396858,0.0,396858.0
6309,2025-05-25,부산,식품,7,88361,0.05,4.0,21.0,618527,30926.35,587600.65
6310,2025-03-09,광주,생활용품,4,117786,0.1,1.0,62.0,471144,47114.4,424029.6
6311,2025-06-26,부산,식품,6,48650,0.0,1.0,39.0,291900,0.0,291900.0
6312,2025-05-02,제주,생활용품,3,129922,0.3,1.0,30.0,389766,116929.8,272836.2
6313,2025-01-17,부산,식품,1,126542,0.05,5.0,62.0,126542,6327.1,120214.9
6314,2025-01-26,제주,식품,6,7453,0.05,2.0,52.0,44718,2235.9,42482.1
6315,2025-11-08,광주,식품,2,86898,0.1,3.0,21.0,173796,17379.6,156416.4
6316,2025-01-21,부산,식품,6,74222,0.3,3.0,32.0,445332,133599.6,311732.4
6317,2025-10-13,광주,식품,4,100394,0.05,5.0,41.0,401576,20078.8,381497.2
6318,2025-12-01,부산,생활용품,7,42618,0.1,1.0,51.0,298326,29832.6,268493.4
6319,2025-06-20,부산,의류,3,19207,0.2,4.0,60.0,57621,11524.2,46096.8
6320,2025-04-24,부산,전자제품,3,44733,0.05,1.0,37.0,134199,6709.95,127489.05
6321,2025-10-11,광주,전자제품,6,81183,0.0,5.0,60.0,487098,0.0,487098.0
6322,2025-12-25,부산,전자제품,6,44127,0.0,3.0,59.0,264762,0.0,264762.0
6323,2025-02-13,대구,의류,1,72294,0.05,2.0,38.0,72294,3614.7,68679.3
6324,2025-12-18,대구,전자제품,6,61450,0.1,3.0,67.0,368700,36870.0,331830.0
6325,2025-12-11,서울,식품,4,105643,0.3,4.0,68.0,422572,126771.6,295800.4
6326,2025-02-22,부산,생활용품,7,64552,0.3,3.0,33.0,451864,135559.2,316304.8
6327,2025-01-20,부산,전자제품,5,25944,0.15,1.0,47.0,129720,19458.0,110262.0
6328,2025-09-18,부산,전자제품,6,96936,0.3,2.0,64.0,581616,174484.8,407131.2
6329,2025-01-29,제주,전자제품,3,35836,0.0,5.0,46.0,107508,0.0,107508.0
6330,2025-08-08,부산,식품,2,48553,0.15,2.0,57.0,97106,14565.9,82540.1
6331,2025-01-24,대구,전자제품,6,107471,0.15,3.0,60.0,644826,96723.9,548102.1
6332,2025-09-10,광주,의류,1,44552,0.0,1.0,47.0,44552,0.0,44552.0
6333,2025-03-26,광주,의류,5,13964,0.15,1.0,37.0,69820,10473.0,59347.0
6334,2025-02-05,광주,전자제품,7,57288,0.15,2.0,45.0,401016,60152.4,340863.6
6335,2025-01-25,대구,의류,7,61259,0.25,5.0,,428813,107203.25,321609.75
6336,2025-03-10,제주,식품,6,104545,0.1,3.0,34.0,627270,62727.0,564543.0
6337,2025-07-17,제주,전자제품,4,107816,0.15,2.0,62.0,431264,64689.6,366574.4
6338,2025-01-28,부산,식품,6,5024,0.05,3.0,28.0,30144,1507.2,28636.8
6339,2025-10-20,서울,의류,1,114750,0.15,5.0,42.0,114750,17212.5,97537.5
6340,2025-08-09,부산,전자제품,6,113305,0.0,5.0,22.0,679830,0.0,679830.0
6341,2025-04-19,제주,생활용품,2,30152,0.15,2.0,63.0,60304,9045.6,51258.4
6342,2025-12-27,제주,생활용품,6,54150,0.1,5.0,55.0,324900,32490.0,292410.0
6343,2025-08-29,광주,전자제품,3,116192,0.05,5.0,24.0,348576,17428.8,331147.2
6344,2025-09-03,광주,전자제품,6,88555,0.1,1.0,29.0,531330,53133.0,478197.0
6345,2025-03-05,부산,식품,5,54237,0.3,5.0,45.0,271185,81355.5,189829.5
6346,2025-09-17,대구,생활용품,7,115421,0.2,2.0,44.0,807947,161589.4,646357.6
6347,2025-07-24,서울,전자제품,6,96584,0.25,4.0,23.0,579504,144876.0,434628.0
6348,2025-12-26,대구,식품,7,79071,0.1,5.0,65.0,553497,55349.7,498147.3
6349,2025-06-24,서울,의류,2,5884,0.1,3.0,42.0,11768,1176.8,10591.2
6350,2025-09-05,서울,전자제품,3,98837,0.0,2.0,53.0,296511,0.0,296511.0
6351,2025-05-05,제주,전자제품,4,31096,0.2,5.0,57.0,124384,24876.8,99507.2
6352,2025-01-15,제주,전자제품,1,138392,0.0,3.0,26.0,138392,0.0,138392.0
6353,2025-02-16,광주,전자제품,1,32400,0.3,4.0,35.0,32400,9720.0,22680.0
6354,2025-11-13,광주,의류,1,9330,0.2,4.0,56.0,9330,1866.0,7464.0
6355,2025-09-27,부산,생활용품,6,59553,0.15,2.0,59.0,357318,53597.7,303720.3
6356,2025-05-14,대구,식품,4,55682,0.2,3.0,29.0,222728,44545.6,178182.4
6357,2025-09-12,광주,식품,6,56079,0.3,2.0,34.0,336474,100942.2,235531.8
6358,2025-01-02,대구,전자제품,6,139394,0.05,1.0,59.0,836364,41818.2,794545.8
6359,2025-01-14,부산,생활용품,1,44806,0.25,4.0,36.0,44806,11201.5,33604.5
6360,2025-07-05,부산,생활용품,6,126428,0.3,2.0,22.0,758568,227570.4,530997.6
6361,2025-08-17,제주,의류,2,28593,0.2,3.0,44.0,57186,11437.2,45748.8
6362,2025-12-09,부산,식품,3,94440,0.2,1.0,,283320,56664.0,226656.0
6363,2025-10-05,제주,전자제품,7,23970,0.15,4.0,49.0,167790,25168.5,142621.5
6364,2025-04-04,광주,생활용품,3,38249,0.05,1.0,67.0,114747,5737.35,109009.65
6365,2025-10-25,제주,전자제품,7,26469,0.3,2.0,23.0,185283,55584.9,129698.1
6366,2025-06-29,대구,전자제품,4,52927,0.1,1.0,32.0,211708,21170.8,190537.2
6367,2025-10-29,부산,의류,1,71675,0.1,5.0,48.0,71675,7167.5,64507.5
6368,2025-03-05,서울,전자제품,6,129404,0.3,4.0,25.0,776424,232927.2,543496.8
6369,2025-01-10,대구,전자제품,1,0,0.0,4.0,46.0,0,0.0,0.0
6370,2025-01-22,부산,의류,5,106250,0.1,3.0,29.0,531250,53125.0,478125.0
6371,2025-12-28,서울,전자제품,4,75890,0.15,5.0,51.0,303560,45534.0,258026.0
6372,2025-01-30,제주,식품,1,46419,0.05,1.0,37.0,46419,2320.95,44098.05
6373,2025-12-09,제주,의류,4,48011,0.2,3.0,67.0,192044,38408.8,153635.2
6374,2025-09-23,부산,전자제품,3,24175,0.15,1.0,62.0,72525,10878.75,61646.25
6375,2025-02-23,광주,생활용품,1,101375,0.05,4.0,70.0,101375,5068.75,96306.25
6376,2025-11-12,대구,전자제품,4,118212,0.05,5.0,26.0,472848,23642.4,449205.6
6377,2025-02-22,대구,의류,1,84437,0.1,4.0,68.0,84437,8443.7,75993.3
6378,2025-02-22,광주,전자제품,4,88553,0.25,1.0,18.0,354212,88553.0,265659.0
6379,2025-07-30,대구,의류,2,58998,0.15,4.0,29.0,117996,17699.4,100296.6
6380,2025-04-16,제주,생활용품,6,144699,0.25,2.0,63.0,868194,217048.5,651145.5
6381,2025-04-17,서울,생활용품,7,133701,0.25,2.0,63.0,935907,233976.75,701930.25
6382,2025-03-13,광주,식품,7,63941,0.25,3.0,33.0,447587,111896.75,335690.25
6383,2025-08-10,제주,전자제품,7,114482,0.25,3.0,62.0,801374,200343.5,601030.5
6384,2025-01-10,제주,생활용품,1,0,0.2,1.0,22.0,0,0.0,0.0
6385,2025-03-31,서울,의류,4,22948,0.1,3.0,35.0,91792,9179.2,82612.8
6386,2025-07-22,서울,전자제품,2,47159,0.2,1.0,19.0,94318,18863.6,75454.4
6387,2025-06-27,광주,전자제품,1,126006,0.3,4.0,45.0,126006,37801.8,88204.2
6388,2025-09-13,제주,식품,3,74873,0.1,1.0,65.0,224619,22461.9,202157.1
6389,2025-03-20,제주,의류,4,130479,0.15,5.0,50.0,521916,78287.4,443628.6
6390,2025-08-25,제주,식품,3,51796,0.3,5.0,45.0,155388,46616.4,108771.6
6391,2025-10-05,서울,생활용품,1,71695,0.2,4.0,28.0,71695,14339.0,57356.0
6392,2025-05-22,대구,의류,3,15612,0.05,4.0,50.0,46836,2341.8,44494.2
6393,2025-04-04,광주,생활용품,2,118236,0.1,3.0,35.0,236472,23647.2,212824.8
6394,2025-07-22,광주,생활용품,1,50259,0.05,3.0,50.0,50259,2512.95,47746.05
6395,2025-07-31,광주,식품,4,18208,0.15,3.0,24.0,72832,10924.8,61907.2
6396,2025-02-04,부산,생활용품,1,36738,0.3,5.0,45.0,36738,11021.4,25716.6
6397,2025-07-26,대구,식품,7,101496,0.25,1.0,44.0,710472,177618.0,532854.0
6398,2025-02-26,대구,전자제품,6,123231,0.3,3.0,58.0,739386,221815.8,517570.2
6399,2025-07-27,제주,식품,7,143450,0.25,3.0,66.0,1004150,251037.5,753112.5
6400,2025-12-07,부산,식품,1,39161,0.15,2.0,66.0,39161,5874.15,33286.85
6401,2025-07-16,부산,생활용품,4,90619,0.2,3.0,36.0,362476,72495.2,289980.8
6402,2025-10-05,서울,생활용품,6,71536,0.15,3.0,51.0,429216,64382.4,364833.6
6403,2025-04-24,서울,전자제품,5,108729,0.0,1.0,52.0,543645,0.0,543645.0
6404,2025-12-03,제주,전자제품,3,102547,0.0,3.0,62.0,307641,0.0,307641.0
6405,2025-10-24,제주,의류,6,15180,0.15,1.0,60.0,91080,13662.0,77418.0
6406,2025-12-01,부산,의류,3,26638,0.2,2.0,18.0,79914,15982.8,63931.2
6407,2025-09-28,광주,의류,7,90559,0.05,2.0,60.0,633913,31695.65,602217.35
6408,2025-08-26,대구,식품,1,10000000,0.0,4.0,43.0,10000000,0.0,10000000.0
6409,2025-07-11,제주,생활용품,5,133429,0.0,5.0,68.0,667145,0.0,667145.0
6410,2025-12-05,부산,식품,1,127842,0.1,1.0,50.0,127842,12784.2,115057.8
6411,2025-11-06,제주,식품,7,13476,0.3,2.0,38.0,94332,28299.6,66032.4
6412,2025-06-02,부산,식품,3,89692,0.1,1.0,28.0,269076,26907.6,242168.4
6413,2025-02-01,광주,생활용품,1,63958,0.3,3.0,68.0,63958,19187.4,44770.6
6414,2025-01-02,부산,식품,6,74946,0.3,2.0,26.0,449676,134902.8,314773.2
6415,2025-03-27,광주,의류,7,14396,0.3,3.0,22.0,100772,30231.6,70540.4
6416,2025-01-23,부산,생활용품,7,126638,0.3,1.0,25.0,886466,265939.8,620526.2
6417,2025-03-19,제주,전자제품,4,28957,0.05,5.0,47.0,115828,5791.4,110036.6
6418,2025-02-09,광주,의류,1,142352,0.3,5.0,33.0,142352,42705.6,99646.4
6419,2025-12-25,부산,의류,2,140042,0.3,5.0,48.0,280084,84025.2,196058.8
6420,2025-02-04,제주,생활용품,1,124043,0.25,3.0,61.0,124043,31010.75,93032.25
6421,2025-08-17,광주,전자제품,1,22057,0.05,4.0,33.0,22057,1102.85,20954.15
6422,2025-05-09,대구,의류,2,64219,0.1,1.0,19.0,128438,12843.8,115594.2
6423,2025-03-05,서울,생활용품,4,8457,0.2,4.0,37.0,33828,6765.6,27062.4
6424,2025-09-13,제주,식품,6,93696,0.0,4.0,49.0,562176,0.0,562176.0
6425,2025-12-21,광주,의류,5,130312,0.25,,56.0,651560,162890.0,488670.0
6426,2025-10-16,광주,식품,2,81363,0.1,4.0,21.0,162726,16272.6,146453.4
6427,2025-12-22,제주,의류,5,8347,0.0,1.0,64.0,41735,0.0,41735.0
6428,2025-08-04,광주,식품,2,48980,0.1,3.0,49.0,97960,9796.0,88164.0
6429,2025-09-03,부산,전자제품,4,29683,0.1,3.0,43.0,118732,11873.2,106858.8
6430,2025-02-23,부산,생활용품,7,68121,0.2,3.0,31.0,476847,95369.4,381477.6
6431,2025-11-08,서울,전자제품,1,58914,0.2,3.0,68.0,58914,11782.8,47131.2
6432,2025-09-30,서울,전자제품,7,125244,0.1,4.0,26.0,876708,87670.8,789037.2
6433,2025-04-03,광주,생활용품,2,37061,0.2,3.0,41.0,74122,14824.4,59297.6
6434,2025-05-10,제주,생활용품,5,48569,0.3,2.0,42.0,242845,72853.5,169991.5
6435,2025-08-11,서울,의류,2,39446,0.1,4.0,46.0,78892,7889.2,71002.8
6436,2025-01-05,대구,의류,2,133986,0.1,3.0,30.0,267972,26797.2,241174.8
6437,2025-10-26,서울,식품,4,47707,0.0,1.0,68.0,190828,0.0,190828.0
6438,2025-04-13,대구,의류,3,148758,0.1,4.0,38.0,446274,44627.4,401646.6
6439,2025-01-28,광주,의류,4,101612,0.05,3.0,55.0,406448,20322.4,386125.6
6440,2025-05-01,제주,의류,2,49481,0.25,5.0,51.0,98962,24740.5,74221.5
6441,2025-11-02,제주,의류,7,91140,0.0,2.0,28.0,637980,0.0,637980.0
6442,2025-04-11,부산,의류,5,22797,0.2,5.0,67.0,113985,22797.0,91188.0
6443,2025-07-16,제주,생활용품,6,136053,0.25,3.0,42.0,816318,204079.5,612238.5
6444,2025-10-24,광주,의류,6,143791,0.05,5.0,50.0,862746,43137.3,819608.7
6445,2025-01-13,부산,식품,6,47586,0.0,1.0,52.0,285516,0.0,285516.0
6446,2025-10-05,부산,의류,1,29804,0.2,1.0,44.0,29804,5960.8,23843.2
6447,2025-04-16,서울,전자제품,5,67129,0.2,2.0,51.0,335645,67129.0,268516.0
6448,2025-09-11,제주,전자제품,7,116863,0.15,5.0,47.0,818041,122706.15,695334.85
6449,2025-03-10,부산,생활용품,1,95889,0.3,3.0,57.0,95889,28766.7,67122.3
6450,2025-02-20,부산,의류,4,10671,0.0,4.0,43.0,42684,0.0,42684.0
6451,2025-10-15,대구,전자제품,2,6208,0.05,1.0,61.0,12416,620.8,11795.2
6452,2025-10-22,서울,식품,6,39157,0.15,2.0,47.0,234942,35241.3,199700.7
6453,2025-12-25,제주,생활용품,7,114389,0.15,2.0,70.0,800723,120108.45,680614.55
6454,2025-09-05,광주,의류,1,42722,0.3,5.0,48.0,42722,12816.6,29905.4
6455,2025-06-20,서울,생활용품,6,134691,0.2,1.0,49.0,808146,161629.2,646516.8
6456,2025-03-13,서울,의류,3,48099,0.05,5.0,44.0,144297,7214.85,137082.15
6457,2025-04-18,서울,전자제품,7,134425,0.25,2.0,39.0,940975,235243.75,705731.25
6458,2025-08-25,제주,전자제품,1,138299,0.1,4.0,59.0,138299,13829.9,124469.1
6459,2025-05-07,대구,전자제품,2,110537,0.3,2.0,51.0,221074,66322.2,154751.8
6460,2025-06-26,광주,의류,6,30420,0.05,1.0,38.0,182520,9126.0,173394.0
6461,2025-03-03,서울,생활용품,6,15424,0.25,4.0,60.0,92544,23136.0,69408.0
6462,2025-06-10,부산,식품,1,30177,0.15,1.0,,30177,4526.55,25650.45
6463,2025-03-28,대구,의류,2,96764,0.15,1.0,21.0,193528,29029.2,164498.8
6464,2025-02-10,부산,의류,3,105293,0.3,5.0,52.0,315879,94763.7,221115.3
6465,2025-02-18,광주,의류,1,10000000,0.05,2.0,42.0,10000000,500000.0,9500000.0
6466,2025-07-09,제주,의류,6,143086,0.1,5.0,60.0,858516,85851.6,772664.4
6467,2025-05-14,부산,식품,5,49641,0.05,2.0,53.0,248205,12410.25,235794.75
6468,2025-02-06,광주,의류,6,61446,0.25,2.0,59.0,368676,92169.0,276507.0
6469,2025-07-07,제주,식품,4,116983,0.25,3.0,32.0,467932,116983.0,350949.0
6470,2025-03-01,제주,의류,5,117104,0.25,2.0,31.0,585520,146380.0,439140.0
6471,2025-01-06,서울,생활용품,5,50484,0.05,5.0,31.0,252420,12621.0,239799.0
6472,2025-02-18,서울,전자제품,5,9500,0.05,4.0,52.0,47500,2375.0,45125.0
6473,2025-06-13,제주,의류,4,18992,0.1,4.0,53.0,75968,7596.8,68371.2
6474,2025-12-15,제주,전자제품,5,124490,0.25,1.0,70.0,622450,155612.5,466837.5
6475,2025-03-30,부산,식품,5,55538,0.25,2.0,29.0,277690,69422.5,208267.5
6476,2025-04-14,대구,의류,5,109893,0.3,3.0,23.0,549465,164839.5,384625.5
6477,2025-03-30,대구,식품,7,121136,0.25,3.0,68.0,847952,211988.0,635964.0
6478,2025-05-10,광주,전자제품,3,135010,0.3,5.0,45.0,405030,121509.0,283521.0
6479,2025-09-19,광주,식품,7,76358,0.05,4.0,37.0,534506,26725.3,507780.7
6480,2025-04-28,부산,전자제품,1,97431,0.2,2.0,34.0,97431,19486.2,77944.8
6481,2025-08-29,제주,의류,4,33360,0.15,3.0,64.0,133440,20016.0,113424.0
6482,2025-11-24,서울,전자제품,4,141494,0.05,4.0,59.0,565976,28298.8,537677.2
6483,2025-12-12,서울,식품,7,133065,0.3,3.0,27.0,931455,279436.5,652018.5
6484,2025-07-25,제주,식품,1,61529,0.0,3.0,35.0,61529,0.0,61529.0
6485,2025-09-18,서울,생활용품,2,58251,0.25,4.0,64.0,116502,29125.5,87376.5
6486,2025-12-02,제주,생활용품,4,111217,0.05,2.0,56.0,444868,22243.4,422624.6
6487,2025-10-15,부산,전자제품,6,65048,0.05,1.0,61.0,390288,19514.4,370773.6
6488,2025-04-20,부산,전자제품,4,110207,0.2,3.0,26.0,440828,88165.6,352662.4
6489,2025-02-18,서울,의류,5,18096,0.15,2.0,48.0,90480,13572.0,76908.0
6490,2025-02-11,제주,식품,2,43948,0.1,3.0,21.0,87896,8789.6,79106.4
6491,2025-11-18,부산,의류,7,118155,0.3,5.0,41.0,827085,248125.5,578959.5
6492,2025-07-23,서울,생활용품,6,138484,0.2,4.0,23.0,830904,166180.8,664723.2
6493,2025-04-19,대구,전자제품,1,8772,0.2,4.0,32.0,8772,1754.4,7017.6
6494,2025-05-07,서울,생활용품,5,117981,0.25,3.0,,589905,147476.25,442428.75
6495,2025-04-13,광주,전자제품,1,15044,0.25,5.0,27.0,15044,3761.0,11283.0
6496,2025-10-20,서울,전자제품,4,130621,0.05,5.0,63.0,522484,26124.2,496359.8
6497,2025-08-12,대구,의류,5,41732,0.15,4.0,37.0,208660,31299.0,177361.0
6498,2025-11-17,부산,생활용품,7,57576,0.3,1.0,25.0,403032,120909.6,282122.4
6499,2025-04-21,서울,의류,1,108973,0.25,2.0,70.0,108973,27243.25,81729.75
6500,2025-06-22,서울,전자제품,3,126982,0.0,5.0,19.0,380946,0.0,380946.0
6501,2025-02-14,대구,전자제품,5,65108,0.05,1.0,25.0,325540,16277.0,309263.0
6502,2025-12-21,부산,생활용품,2,50671,0.05,3.0,63.0,101342,5067.1,96274.9
6503,2025-07-06,서울,의류,5,147099,0.15,4.0,41.0,735495,110324.25,625170.75
6504,2025-07-21,서울,전자제품,2,144839,0.25,2.0,37.0,289678,72419.5,217258.5
6505,2025-05-31,제주,의류,2,80983,0.15,4.0,34.0,161966,24294.9,137671.1
6506,2025-04-09,광주,식품,4,8472,0.05,1.0,49.0,33888,1694.4,32193.6
6507,2025-12-13,광주,전자제품,5,145506,0.15,2.0,37.0,727530,109129.5,618400.5
6508,2025-06-28,제주,전자제품,2,94782,0.05,2.0,22.0,189564,9478.2,180085.8
6509,2025-09-04,서울,생활용품,7,85165,0.2,1.0,69.0,596155,119231.0,476924.0
6510,2025-01-14,광주,의류,7,21274,0.3,3.0,66.0,148918,44675.4,104242.6
6511,2025-04-11,광주,전자제품,1,149028,0.2,,27.0,149028,29805.6,119222.4
6512,2025-10-21,부산,전자제품,3,109217,0.3,5.0,44.0,327651,98295.3,229355.7
6513,2025-02-02,대구,식품,4,0,0.15,3.0,42.0,0,0.0,0.0
6514,2025-02-07,광주,식품,4,57735,0.25,4.0,22.0,230940,57735.0,173205.0
6515,2025-10-23,광주,식품,2,54838,0.3,1.0,39.0,109676,32902.8,76773.2
6516,2025-04-23,부산,의류,4,131243,0.05,1.0,51.0,524972,26248.6,498723.4
6517,2025-04-10,광주,전자제품,7,73962,0.2,2.0,23.0,517734,103546.8,414187.2
6518,2025-07-26,광주,전자제품,3,131542,0.05,2.0,37.0,394626,19731.3,374894.7
6519,2025-03-13,서울,의류,2,104748,0.0,5.0,31.0,209496,0.0,209496.0
6520,2025-01-16,대구,생활용품,6,58373,0.05,3.0,36.0,350238,17511.9,332726.1
6521,2025-01-02,대구,전자제품,4,63831,0.0,3.0,51.0,255324,0.0,255324.0
6522,2025-01-29,부산,식품,5,122448,0.05,,39.0,612240,30612.0,581628.0
6523,2025-02-27,서울,의류,5,77427,0.0,5.0,58.0,387135,0.0,387135.0
6524,2025-09-12,서울,전자제품,6,103765,0.3,4.0,44.0,622590,186777.0,435813.0
6525,2025-04-19,광주,생활용품,6,22814,0.15,3.0,54.0,136884,20532.6,116351.4
6526,2025-01-27,제주,전자제품,5,66852,0.05,2.0,50.0,334260,16713.0,317547.0
6527,2025-01-06,대구,의류,4,88653,0.1,1.0,61.0,354612,35461.2,319150.8
6528,2025-06-24,제주,식품,4,54769,0.25,1.0,25.0,219076,54769.0,164307.0
6529,2025-11-03,제주,의류,2,127935,0.2,5.0,70.0,255870,51174.0,204696.0
6530,2025-05-04,광주,전자제품,4,35494,0.0,1.0,57.0,141976,0.0,141976.0
6531,2025-01-24,대구,전자제품,5,128173,0.05,3.0,28.0,640865,32043.25,608821.75
6532,2025-03-25,제주,의류,6,14165,0.15,3.0,19.0,84990,12748.5,72241.5
6533,2025-07-02,광주,생활용품,6,66947,0.3,3.0,19.0,401682,120504.6,281177.4
6534,2025-03-10,제주,의류,3,80017,0.0,1.0,55.0,240051,0.0,240051.0
6535,2025-12-24,제주,생활용품,6,41771,0.3,3.0,40.0,250626,75187.8,175438.2
6536,2025-10-06,서울,식품,4,83306,0.0,2.0,27.0,333224,0.0,333224.0
6537,2025-05-06,광주,전자제품,3,135640,0.15,2.0,34.0,406920,61038.0,345882.0
6538,2025-12-14,광주,식품,2,69383,0.05,5.0,41.0,138766,6938.3,131827.7
6539,2025-04-29,제주,생활용품,2,83163,0.1,3.0,20.0,166326,16632.6,149693.4
6540,2025-02-21,부산,생활용품,5,142837,0.3,3.0,47.0,714185,214255.5,499929.5
6541,2025-12-09,제주,의류,2,138938,0.05,1.0,19.0,277876,13893.8,263982.2
6542,2025-12-17,대구,식품,1,6985,0.2,5.0,52.0,6985,1397.0,5588.0
6543,2025-04-25,부산,의류,2,110275,0.1,3.0,21.0,220550,22055.0,198495.0
6544,2025-08-06,서울,의류,7,128295,0.2,4.0,59.0,898065,179613.0,718452.0
6545,2025-03-05,부산,의류,2,141658,0.0,3.0,31.0,283316,0.0,283316.0
6546,2025-08-23,제주,생활용품,2,121119,0.1,2.0,45.0,242238,24223.8,218014.2
6547,2025-09-09,광주,의류,3,16993,0.3,2.0,38.0,50979,15293.7,35685.3
6548,2025-09-17,광주,전자제품,3,115019,0.25,1.0,64.0,345057,86264.25,258792.75
6549,2025-07-27,제주,전자제품,7,127451,0.3,5.0,60.0,892157,267647.1,624509.9
6550,2025-09-15,부산,의류,2,81113,0.2,3.0,68.0,162226,32445.2,129780.8
6551,2025-07-22,광주,생활용품,3,8030,0.05,2.0,55.0,24090,1204.5,22885.5
6552,2025-10-27,부산,생활용품,3,32601,0.15,4.0,69.0,97803,14670.45,83132.55
6553,2025-03-07,제주,의류,2,44881,0.3,1.0,29.0,89762,26928.6,62833.4
6554,2025-06-26,대구,의류,3,130118,0.2,3.0,34.0,390354,78070.8,312283.2
6555,2025-06-01,제주,생활용품,2,23240,0.15,3.0,60.0,46480,6972.0,39508.0
6556,2025-07-14,광주,생활용품,6,112966,0.3,5.0,19.0,677796,203338.8,474457.2
6557,2025-02-21,광주,전자제품,6,30982,0.0,4.0,27.0,185892,0.0,185892.0
6558,2025-04-29,제주,식품,2,125759,0.3,4.0,55.0,251518,75455.4,176062.6
6559,2025-12-15,광주,식품,4,6642,0.0,2.0,39.0,26568,0.0,26568.0
6560,2025-02-08,부산,의류,2,39189,0.3,3.0,31.0,78378,23513.4,54864.6
6561,2025-08-20,대구,식품,7,19736,0.25,5.0,34.0,138152,34538.0,103614.0
6562,2025-08-31,대구,식품,1,85384,0.15,1.0,58.0,85384,12807.6,72576.4
6563,2025-06-23,서울,전자제품,3,118250,0.15,4.0,43.0,354750,53212.5,301537.5
6564,2025-01-13,대구,전자제품,3,65314,0.0,2.0,18.0,195942,0.0,195942.0
6565,2025-01-13,대구,식품,3,82368,0.1,4.0,45.0,247104,24710.4,222393.6
6566,2025-04-11,부산,생활용품,7,97752,0.05,3.0,59.0,684264,34213.2,650050.8
6567,2025-02-07,서울,식품,4,70972,0.2,4.0,26.0,283888,56777.6,227110.4
6568,2025-02-04,대구,전자제품,3,114128,0.05,2.0,21.0,342384,17119.2,325264.8
6569,2025-02-28,대구,식품,6,46152,0.25,5.0,51.0,276912,69228.0,207684.0
6570,2025-03-11,서울,생활용품,6,30188,0.1,5.0,64.0,181128,18112.8,163015.2
6571,2025-11-03,광주,의류,2,32169,0.25,4.0,21.0,64338,16084.5,48253.5
6572,2025-08-22,서울,의류,4,30235,0.1,3.0,52.0,120940,12094.0,108846.0
6573,2025-01-12,서울,전자제품,3,10475,0.25,1.0,59.0,31425,7856.25,23568.75
6574,2025-08-18,대구,생활용품,4,11323,0.2,2.0,26.0,45292,9058.4,36233.6
6575,2025-02-19,부산,전자제품,3,12644,0.3,2.0,31.0,37932,11379.6,26552.4
6576,2025-06-03,제주,생활용품,6,27791,0.15,4.0,44.0,166746,25011.9,141734.1
6577,2025-01-14,서울,생활용품,7,96948,0.1,5.0,50.0,678636,67863.6,610772.4
6578,2025-02-02,부산,의류,1,39825,0.2,4.0,44.0,39825,7965.0,31860.0
6579,2025-02-18,광주,생활용품,6,89761,0.0,5.0,27.0,538566,0.0,538566.0
6580,2025-06-08,부산,생활용품,7,15515,0.3,1.0,64.0,108605,32581.5,76023.5
6581,2025-06-19,제주,의류,3,121073,0.2,4.0,40.0,363219,72643.8,290575.2
6582,2025-05-09,광주,생활용품,4,56575,0.0,3.0,46.0,226300,0.0,226300.0
6583,2025-08-15,제주,의류,1,68971,0.05,1.0,46.0,68971,3448.55,65522.45
6584,2025-09-20,제주,의류,3,102899,0.0,4.0,47.0,308697,0.0,308697.0
6585,2025-09-23,서울,식품,2,149646,0.2,5.0,33.0,299292,59858.4,239433.6
6586,2025-07-31,대구,의류,7,119996,0.2,3.0,34.0,839972,167994.4,671977.6
6587,2025-07-19,광주,식품,1,63194,0.05,2.0,25.0,63194,3159.7,60034.3
6588,2025-06-29,서울,전자제품,3,55143,0.15,2.0,56.0,165429,24814.35,140614.65
6589,2025-03-28,대구,식품,4,54096,0.15,4.0,34.0,216384,32457.6,183926.4
6590,2025-06-27,광주,전자제품,7,17154,0.15,4.0,20.0,120078,18011.7,102066.3
6591,2025-01-04,광주,생활용품,6,53982,0.2,2.0,20.0,323892,64778.4,259113.6
6592,2025-12-19,대구,식품,7,115109,0.25,4.0,69.0,805763,201440.75,604322.25
6593,2025-05-16,제주,생활용품,3,45052,0.3,4.0,40.0,135156,40546.8,94609.2
6594,2025-10-04,광주,식품,2,61722,0.05,1.0,50.0,123444,6172.2,117271.8
6595,2025-12-16,서울,식품,4,15030,0.3,2.0,46.0,60120,18036.0,42084.0
6596,2025-07-01,부산,전자제품,3,41457,0.2,2.0,62.0,124371,24874.2,99496.8
6597,2025-11-11,제주,생활용품,1,14961,0.05,4.0,65.0,14961,748.05,14212.95
6598,2025-06-24,서울,의류,6,73250,0.3,4.0,59.0,439500,131850.0,307650.0
6599,2025-02-18,서울,식품,1,48061,0.1,3.0,70.0,48061,4806.1,43254.9
6600,2025-01-10,부산,의류,2,145631,0.15,2.0,29.0,291262,43689.3,247572.7
6601,2025-02-19,제주,생활용품,7,90512,0.3,3.0,41.0,633584,190075.2,443508.8
6602,2025-12-11,광주,의류,6,59033,0.2,5.0,33.0,354198,70839.6,283358.4
6603,2025-06-23,서울,식품,5,82947,0.05,5.0,62.0,414735,20736.75,393998.25
6604,2025-04-27,부산,생활용품,1,144121,0.0,1.0,32.0,144121,0.0,144121.0
6605,2025-06-12,제주,생활용품,2,31174,0.25,3.0,60.0,62348,15587.0,46761.0
6606,2025-04-04,부산,생활용품,2,41709,0.1,4.0,29.0,83418,8341.8,75076.2
6607,2025-11-14,대구,전자제품,5,84075,0.0,2.0,54.0,420375,0.0,420375.0
6608,2025-12-31,대구,생활용품,4,20304,0.0,5.0,18.0,81216,0.0,81216.0
6609,2025-01-31,광주,전자제품,3,80357,0.3,3.0,59.0,241071,72321.3,168749.7
6610,2025-09-20,광주,의류,6,27791,0.2,2.0,61.0,166746,33349.2,133396.8
6611,2025-05-03,제주,의류,6,130297,0.15,5.0,47.0,781782,117267.3,664514.7
6612,2025-01-18,서울,전자제품,6,117199,0.2,4.0,46.0,703194,140638.8,562555.2
6613,2025-12-03,대구,전자제품,1,12052,0.1,1.0,42.0,12052,1205.2,10846.8
6614,2025-01-23,광주,생활용품,5,82954,0.3,1.0,49.0,414770,124431.0,290339.0
6615,2025-03-17,대구,생활용품,2,35445,0.2,5.0,47.0,70890,14178.0,56712.0
6616,2025-01-10,광주,전자제품,2,89379,0.2,4.0,44.0,178758,35751.6,143006.4
6617,2025-06-22,광주,의류,7,83987,0.3,5.0,45.0,587909,176372.7,411536.3
6618,2025-08-07,부산,전자제품,3,145318,0.0,5.0,24.0,435954,0.0,435954.0
6619,2025-04-28,서울,의류,6,30750,0.1,4.0,42.0,184500,18450.0,166050.0
6620,2025-01-27,제주,식품,2,78201,0.25,5.0,41.0,156402,39100.5,117301.5
6621,2025-02-12,제주,생활용품,7,144998,0.0,5.0,65.0,1014986,0.0,1014986.0
6622,2025-12-07,제주,의류,2,21968,0.1,3.0,33.0,43936,4393.6,39542.4
6623,2025-10-22,부산,식품,2,41821,0.05,4.0,69.0,83642,4182.1,79459.9
6624,2025-12-08,부산,의류,3,109185,0.2,5.0,65.0,327555,65511.0,262044.0
6625,2025-07-13,부산,식품,2,20675,0.25,5.0,59.0,41350,10337.5,31012.5
6626,2025-07-19,서울,전자제품,5,35138,0.05,5.0,55.0,175690,8784.5,166905.5
6627,2025-10-14,서울,의류,2,143787,0.2,5.0,34.0,287574,57514.8,230059.2
6628,2025-08-14,부산,생활용품,2,89323,0.25,2.0,26.0,178646,44661.5,133984.5
6629,2025-06-09,제주,식품,5,13137,0.3,3.0,59.0,65685,19705.5,45979.5
6630,2025-04-17,부산,전자제품,1,128885,0.3,5.0,55.0,128885,38665.5,90219.5
6631,2025-06-27,대구,전자제품,4,80910,0.15,1.0,62.0,323640,48546.0,275094.0
6632,2025-01-24,대구,식품,5,74177,0.0,1.0,47.0,370885,0.0,370885.0
6633,2025-03-12,부산,생활용품,4,148900,0.25,4.0,65.0,595600,148900.0,446700.0
6634,2025-09-27,제주,식품,1,50571,0.15,5.0,22.0,50571,7585.65,42985.35
6635,2025-11-13,서울,생활용품,2,59906,0.15,3.0,23.0,119812,17971.8,101840.2
6636,2025-02-07,제주,식품,7,88454,0.15,5.0,21.0,619178,92876.7,526301.3
6637,2025-02-05,광주,식품,6,40039,0.2,2.0,35.0,240234,48046.8,192187.2
6638,2025-02-01,부산,생활용품,3,23408,0.1,3.0,25.0,70224,7022.4,63201.6
6639,2025-10-16,광주,의류,7,25021,0.1,5.0,20.0,175147,17514.7,157632.3
6640,2025-04-24,대구,전자제품,1,49597,0.1,2.0,60.0,49597,4959.7,44637.3
6641,2025-04-30,제주,전자제품,1,16544,0.15,5.0,26.0,16544,2481.6,14062.4
6642,2025-01-05,서울,전자제품,7,78101,0.2,5.0,61.0,546707,109341.4,437365.6
6643,2025-12-21,서울,생활용품,5,149068,0.0,4.0,52.0,745340,0.0,745340.0
6644,2025-06-08,대구,전자제품,5,41852,0.1,1.0,50.0,209260,20926.0,188334.0
6645,2025-10-19,제주,전자제품,3,10915,0.25,5.0,24.0,32745,8186.25,24558.75
6646,2025-09-16,서울,생활용품,6,10692,0.0,3.0,18.0,64152,0.0,64152.0
6647,2025-02-21,광주,의류,5,29112,0.25,2.0,25.0,145560,36390.0,109170.0
6648,2025-10-20,제주,생활용품,4,89846,0.25,3.0,34.0,359384,89846.0,269538.0
6649,2025-07-20,대구,전자제품,3,73243,0.1,3.0,68.0,219729,21972.9,197756.1
6650,2025-08-09,제주,의류,3,63181,0.2,2.0,39.0,189543,37908.6,151634.4
6651,2025-03-15,광주,전자제품,5,114427,0.15,4.0,30.0,572135,85820.25,486314.75
6652,2025-11-06,부산,의류,5,61638,0.05,1.0,33.0,308190,15409.5,292780.5
6653,2025-12-07,제주,전자제품,6,94338,0.05,4.0,35.0,566028,28301.4,537726.6
6654,2025-05-29,광주,생활용품,3,149538,0.3,2.0,48.0,448614,134584.2,314029.8
6655,2025-02-03,서울,식품,2,29579,0.3,4.0,60.0,59158,17747.4,41410.6
6656,2025-11-06,대구,식품,4,21208,0.3,5.0,21.0,84832,25449.6,59382.4
6657,2025-11-20,광주,생활용품,5,36554,0.0,3.0,59.0,182770,0.0,182770.0
6658,2025-07-04,제주,전자제품,2,27355,0.3,5.0,19.0,54710,16413.0,38297.0
6659,2025-07-31,광주,생활용품,1,125243,0.2,2.0,35.0,125243,25048.6,100194.4
6660,2025-03-23,대구,의류,3,132058,0.15,5.0,49.0,396174,59426.1,336747.9
6661,2025-01-25,부산,의류,1,86177,0.1,3.0,23.0,86177,8617.7,77559.3
6662,2025-12-11,서울,식품,1,23888,0.05,3.0,32.0,23888,1194.4,22693.6
6663,2025-06-26,서울,생활용품,7,128439,0.1,1.0,51.0,899073,89907.3,809165.7
6664,2025-04-11,광주,식품,6,138056,0.05,4.0,54.0,828336,41416.8,786919.2
6665,2025-09-11,제주,식품,1,64112,0.25,4.0,22.0,64112,16028.0,48084.0
6666,2025-01-10,서울,식품,3,102434,0.3,3.0,59.0,307302,92190.6,215111.4
6667,2025-01-30,광주,식품,2,93211,0.3,1.0,39.0,186422,55926.6,130495.4
6668,2025-03-30,대구,식품,7,81584,0.3,4.0,50.0,571088,171326.4,399761.6
6669,2025-06-14,서울,전자제품,4,56212,0.0,4.0,29.0,224848,0.0,224848.0
6670,2025-05-14,부산,식품,2,45368,0.25,5.0,70.0,90736,22684.0,68052.0
6671,2025-03-10,부산,식품,5,44968,0.3,5.0,58.0,224840,67452.0,157388.0
6672,2025-05-09,광주,식품,4,57124,0.15,2.0,52.0,228496,34274.4,194221.6
6673,2025-05-02,부산,생활용품,2,115190,0.15,2.0,27.0,230380,34557.0,195823.0
6674,2025-07-11,제주,전자제품,3,124764,0.1,5.0,58.0,374292,37429.2,336862.8
6675,2025-07-25,부산,생활용품,1,21428,0.25,1.0,38.0,21428,5357.0,16071.0
6676,2025-11-19,서울,생활용품,5,13338,0.2,5.0,51.0,66690,13338.0,53352.0
6677,2025-10-22,서울,전자제품,7,74342,0.2,1.0,52.0,520394,104078.8,416315.2
6678,2025-04-17,대구,의류,6,116440,0.0,3.0,60.0,698640,0.0,698640.0
6679,2025-11-26,대구,전자제품,3,86337,0.3,1.0,62.0,259011,77703.3,181307.7
6680,2025-07-10,광주,전자제품,4,125034,0.15,5.0,38.0,500136,75020.4,425115.6
6681,2025-03-10,대구,생활용품,1,108458,0.3,3.0,22.0,108458,32537.4,75920.6
6682,2025-05-05,서울,전자제품,3,107365,0.2,5.0,41.0,322095,64419.0,257676.0
6683,2025-09-28,부산,식품,1,83083,0.15,1.0,39.0,83083,12462.45,70620.55
6684,2025-10-27,대구,전자제품,6,12903,0.25,1.0,35.0,77418,19354.5,58063.5
6685,2025-05-17,부산,전자제품,7,31065,0.05,3.0,43.0,217455,10872.75,206582.25
6686,2025-02-27,광주,전자제품,2,112685,0.15,1.0,48.0,225370,33805.5,191564.5
6687,2025-03-12,제주,생활용품,5,49777,0.0,3.0,51.0,248885,0.0,248885.0
6688,2025-02-07,부산,전자제품,5,109859,0.25,4.0,37.0,549295,137323.75,411971.25
6689,2025-09-13,대구,생활용품,3,54195,0.1,3.0,50.0,162585,16258.5,146326.5
6690,2025-07-03,제주,전자제품,6,6898,0.0,4.0,70.0,41388,0.0,41388.0
6691,2025-06-14,부산,생활용품,5,103066,0.25,1.0,52.0,515330,128832.5,386497.5
6692,2025-09-03,대구,생활용품,2,134381,0.05,2.0,49.0,268762,13438.1,255323.9
6693,2025-10-30,부산,의류,6,69668,0.05,1.0,33.0,418008,20900.4,397107.6
6694,2025-10-18,광주,생활용품,5,24168,0.05,3.0,35.0,120840,6042.0,114798.0
6695,2025-02-20,광주,식품,3,65109,0.2,2.0,20.0,195327,39065.4,156261.6
6696,2025-08-04,서울,생활용품,6,144314,0.1,3.0,44.0,865884,86588.4,779295.6
6697,2025-11-19,서울,전자제품,5,51177,0.15,1.0,21.0,255885,38382.75,217502.25
6698,2025-10-10,서울,의류,1,15261,0.1,3.0,59.0,15261,1526.1,13734.9
6699,2025-05-01,서울,생활용품,2,116330,0.25,4.0,68.0,232660,58165.0,174495.0
6700,2025-05-24,서울,의류,3,39517,0.1,1.0,60.0,118551,11855.1,106695.9
6701,2025-11-21,광주,식품,1,10406,0.25,4.0,26.0,10406,2601.5,7804.5
6702,2025-01-12,제주,의류,3,105085,0.15,2.0,51.0,315255,47288.25,267966.75
6703,2025-07-11,대구,생활용품,4,54052,0.0,5.0,40.0,216208,0.0,216208.0
6704,2025-02-12,제주,생활용품,6,24900,0.15,5.0,18.0,149400,22410.0,126990.0
6705,2025-11-23,광주,의류,2,12828,0.05,3.0,55.0,25656,1282.8,24373.2
6706,2025-01-15,제주,의류,4,31820,0.15,1.0,64.0,127280,19092.0,108188.0
6707,2025-01-09,광주,생활용품,5,26696,0.0,2.0,42.0,133480,0.0,133480.0
6708,2025-05-01,서울,의류,4,6619,0.25,4.0,66.0,26476,6619.0,19857.0
6709,2025-03-15,대구,전자제품,7,58752,0.2,2.0,20.0,411264,82252.8,329011.2
6710,2025-06-30,대구,생활용품,3,124840,0.0,4.0,64.0,374520,0.0,374520.0
6711,2025-04-20,광주,전자제품,3,62387,0.3,5.0,54.0,187161,56148.3,131012.7
6712,2025-05-11,광주,의류,1,10454,0.1,5.0,53.0,10454,1045.4,9408.6
6713,2025-07-26,서울,식품,3,132845,0.05,2.0,44.0,398535,19926.75,378608.25
6714,2025-07-24,광주,전자제품,1,96723,0.0,5.0,19.0,96723,0.0,96723.0
6715,2025-12-08,제주,식품,7,144828,0.05,2.0,41.0,1013796,50689.8,963106.2
6716,2025-06-25,서울,전자제품,2,89435,0.0,5.0,68.0,178870,0.0,178870.0
6717,2025-07-25,대구,식품,6,74174,0.15,1.0,42.0,445044,66756.6,378287.4
6718,2025-09-05,제주,식품,1,79130,0.2,3.0,21.0,79130,15826.0,63304.0
6719,2025-03-05,서울,식품,2,5939,0.1,4.0,44.0,11878,1187.8,10690.2
6720,2025-09-01,서울,전자제품,1,59398,0.3,1.0,25.0,59398,17819.4,41578.6
6721,2025-11-11,제주,의류,3,69072,0.3,3.0,40.0,207216,62164.8,145051.2
6722,2025-04-27,서울,전자제품,5,48436,0.1,2.0,51.0,242180,24218.0,217962.0
6723,2025-03-07,광주,생활용품,3,126382,0.2,5.0,21.0,379146,75829.2,303316.8
6724,2025-05-07,제주,전자제품,5,143758,0.1,3.0,42.0,718790,71879.0,646911.0
6725,2025-04-11,대구,전자제품,6,74337,0.05,1.0,44.0,446022,22301.1,423720.9
6726,2025-08-02,대구,식품,1,118877,0.05,1.0,58.0,118877,5943.85,112933.15
6727,2025-11-12,대구,식품,3,37353,0.15,1.0,21.0,112059,16808.85,95250.15
6728,2025-08-06,부산,생활용품,5,138797,0.0,1.0,51.0,693985,0.0,693985.0
6729,2025-02-15,부산,의류,4,106977,0.2,3.0,50.0,427908,85581.6,342326.4
6730,2025-04-25,대구,식품,2,111415,0.3,2.0,18.0,222830,66849.0,155981.0
6731,2025-09-09,제주,생활용품,2,91243,0.1,2.0,24.0,182486,18248.6,164237.4
6732,2025-05-01,제주,전자제품,3,125207,0.2,2.0,52.0,375621,75124.2,300496.8
6733,2025-08-03,제주,생활용품,5,82446,0.3,3.0,63.0,412230,123669.0,288561.0
6734,2025-09-11,서울,식품,7,144806,0.2,3.0,63.0,1013642,202728.4,810913.6
6735,2025-05-01,부산,식품,3,101052,0.1,3.0,58.0,303156,30315.6,272840.4
6736,2025-08-25,광주,식품,4,70778,0.3,5.0,63.0,283112,84933.6,198178.4
6737,2025-05-26,대구,전자제품,3,35216,0.0,2.0,50.0,105648,0.0,105648.0
6738,2025-02-19,부산,의류,1,136500,0.2,2.0,26.0,136500,27300.0,109200.0
6739,2025-05-16,부산,의류,3,13135,0.05,3.0,46.0,39405,1970.25,37434.75
6740,2025-06-10,서울,의류,3,11245,0.05,1.0,36.0,33735,1686.75,32048.25
6741,2025-01-01,부산,의류,2,9483,0.15,4.0,31.0,18966,2844.9,16121.1
6742,2025-11-22,대구,전자제품,5,20641,0.2,3.0,24.0,103205,20641.0,82564.0
6743,2025-07-12,대구,생활용품,2,40821,0.25,2.0,19.0,81642,20410.5,61231.5
6744,2025-01-14,대구,의류,2,76104,0.25,2.0,57.0,152208,38052.0,114156.0
6745,2025-11-13,부산,의류,3,45105,0.1,3.0,27.0,135315,13531.5,121783.5
6746,2025-11-09,부산,전자제품,7,70826,0.1,5.0,51.0,495782,49578.2,446203.8
6747,2025-01-05,제주,생활용품,5,69942,0.0,2.0,34.0,349710,0.0,349710.0
6748,2025-03-01,대구,의류,3,68541,0.2,3.0,43.0,205623,41124.6,164498.4
6749,2025-05-13,부산,식품,6,13629,0.25,1.0,39.0,81774,20443.5,61330.5
6750,2025-07-05,광주,생활용품,1,82893,0.15,2.0,33.0,82893,12433.95,70459.05
6751,2025-09-22,대구,의류,3,48445,0.1,4.0,43.0,145335,14533.5,130801.5
6752,2025-06-04,대구,생활용품,4,83064,0.1,4.0,59.0,332256,33225.6,299030.4
6753,2025-08-12,부산,생활용품,4,13784,0.2,5.0,44.0,55136,11027.2,44108.8
6754,2025-01-04,광주,전자제품,5,131232,0.2,3.0,59.0,656160,131232.0,524928.0
6755,2025-08-29,서울,생활용품,5,109730,0.15,5.0,66.0,548650,82297.5,466352.5
6756,2025-12-01,제주,의류,4,55157,0.05,3.0,44.0,220628,11031.4,209596.6
6757,2025-07-12,대구,전자제품,7,57144,0.1,1.0,60.0,400008,40000.8,360007.2
6758,2025-06-16,대구,생활용품,7,50855,0.1,1.0,24.0,355985,35598.5,320386.5
6759,2025-04-19,부산,식품,4,148723,0.0,3.0,47.0,594892,0.0,594892.0
6760,2025-12-15,대구,생활용품,7,106775,0.1,2.0,42.0,747425,74742.5,672682.5
6761,2025-01-13,광주,전자제품,5,71731,0.25,1.0,18.0,358655,89663.75,268991.25
6762,2025-04-15,대구,식품,1,99029,0.2,1.0,65.0,99029,19805.8,79223.2
6763,2025-02-20,서울,식품,1,14344,0.0,4.0,57.0,14344,0.0,14344.0
6764,2025-11-13,대구,식품,1,125328,0.25,4.0,48.0,125328,31332.0,93996.0
6765,2025-06-26,부산,의류,2,91391,0.05,2.0,54.0,182782,9139.1,173642.9
6766,2025-12-03,서울,전자제품,3,49845,0.2,2.0,57.0,149535,29907.0,119628.0
6767,2025-08-31,제주,의류,1,105505,0.15,3.0,59.0,105505,15825.75,89679.25
6768,2025-07-23,부산,전자제품,5,5927,0.25,1.0,33.0,29635,7408.75,22226.25
6769,2025-07-08,대구,식품,3,76092,0.25,5.0,40.0,228276,57069.0,171207.0
6770,2025-03-15,서울,의류,5,141890,0.1,3.0,36.0,709450,70945.0,638505.0
6771,2025-07-25,부산,식품,4,115144,0.25,2.0,66.0,460576,115144.0,345432.0
6772,2025-09-08,부산,식품,2,11412,0.2,3.0,24.0,22824,4564.8,18259.2
6773,2025-12-19,서울,의류,5,90536,0.1,1.0,66.0,452680,45268.0,407412.0
6774,2025-07-20,제주,전자제품,7,103602,0.0,2.0,36.0,725214,0.0,725214.0
6775,2025-12-09,부산,생활용품,3,81336,0.15,3.0,59.0,244008,36601.2,207406.8
6776,2025-12-11,대구,생활용품,3,51665,0.15,5.0,26.0,154995,23249.25,131745.75
6777,2025-07-10,대구,생활용품,4,103445,0.15,5.0,62.0,413780,62067.0,351713.0
6778,2025-06-10,대구,식품,6,66412,0.2,4.0,46.0,398472,79694.4,318777.6
6779,2025-02-22,대구,식품,4,142582,0.2,2.0,70.0,570328,114065.6,456262.4
6780,2025-04-09,대구,생활용품,6,126515,0.05,5.0,38.0,759090,37954.5,721135.5
6781,2025-11-17,서울,의류,1,136864,0.1,1.0,70.0,136864,13686.4,123177.6
6782,2025-02-20,광주,생활용품,1,65839,0.3,2.0,62.0,65839,19751.7,46087.3
6783,2025-05-25,서울,전자제품,3,103231,0.2,3.0,18.0,309693,61938.6,247754.4
6784,2025-09-13,대구,생활용품,2,25934,0.1,3.0,38.0,51868,5186.8,46681.2
6785,2025-03-29,부산,의류,1,114110,0.3,4.0,39.0,114110,34233.0,79877.0
6786,2025-12-22,대구,생활용품,2,114393,0.2,3.0,29.0,228786,45757.2,183028.8
6787,2025-08-26,서울,생활용품,2,117436,0.25,5.0,64.0,234872,58718.0,176154.0
6788,2025-01-11,광주,전자제품,7,7930,0.15,3.0,22.0,55510,8326.5,47183.5
6789,2025-04-01,대구,전자제품,6,71109,0.05,4.0,31.0,426654,21332.7,405321.3
6790,2025-09-28,서울,전자제품,3,44836,0.25,1.0,31.0,134508,33627.0,100881.0
6791,2025-11-12,서울,의류,7,137683,0.25,1.0,40.0,963781,240945.25,722835.75
6792,2025-12-05,대구,생활용품,6,83021,0.2,2.0,54.0,498126,99625.2,398500.8
6793,2025-11-07,광주,전자제품,2,93665,0.15,1.0,18.0,187330,28099.5,159230.5
6794,2025-01-28,대구,전자제품,4,68476,0.0,5.0,51.0,273904,0.0,273904.0
6795,2025-09-24,광주,식품,7,21514,0.05,4.0,39.0,150598,7529.9,143068.1
6796,2025-02-10,광주,식품,4,94933,0.3,5.0,50.0,379732,113919.6,265812.4
6797,2025-01-28,제주,전자제품,3,93576,0.05,2.0,21.0,280728,14036.4,266691.6
6798,2025-09-10,제주,의류,7,60295,0.2,1.0,,422065,84413.0,337652.0
6799,2025-06-24,제주,생활용품,5,96280,0.2,2.0,48.0,481400,96280.0,385120.0
6800,2025-08-25,광주,전자제품,4,61635,0.15,1.0,31.0,246540,36981.0,209559.0
6801,2025-11-07,대구,전자제품,7,100731,0.3,2.0,59.0,705117,211535.1,493581.9
6802,2025-01-26,대구,전자제품,6,55555,0.2,1.0,42.0,333330,66666.0,266664.0
6803,2025-07-12,광주,전자제품,3,117133,0.3,2.0,38.0,351399,105419.7,245979.3
6804,2025-11-01,서울,식품,3,133655,0.05,4.0,26.0,400965,20048.25,380916.75
6805,2025-06-10,광주,전자제품,1,75231,0.25,5.0,43.0,75231,18807.75,56423.25
6806,2025-07-11,대구,식품,1,7508,0.25,2.0,29.0,7508,1877.0,5631.0
6807,2025-07-01,대구,전자제품,7,103909,0.3,5.0,56.0,727363,218208.9,509154.1
6808,2025-11-28,제주,의류,1,141249,0.1,4.0,37.0,141249,14124.9,127124.1
6809,2025-01-19,광주,식품,6,107914,0.1,1.0,24.0,647484,64748.4,582735.6
6810,2025-11-17,제주,전자제품,2,56942,0.25,1.0,55.0,113884,28471.0,85413.0
6811,2025-10-25,제주,전자제품,4,86813,0.25,1.0,62.0,347252,86813.0,260439.0
6812,2025-10-24,제주,식품,6,57908,0.05,4.0,62.0,347448,17372.4,330075.6
6813,2025-05-31,부산,의류,7,117268,0.1,4.0,43.0,820876,82087.6,738788.4
6814,2025-07-08,서울,전자제품,3,110255,0.25,5.0,34.0,330765,82691.25,248073.75
6815,2025-05-15,부산,식품,7,95641,0.15,3.0,29.0,669487,100423.05,569063.95
6816,2025-04-02,광주,의류,4,61300,0.3,1.0,39.0,245200,73560.0,171640.0
6817,2025-11-16,제주,식품,7,30013,0.2,5.0,23.0,210091,42018.2,168072.8
6818,2025-07-04,제주,전자제품,1,94414,0.3,5.0,65.0,94414,28324.2,66089.8
6819,2025-09-22,광주,식품,2,53901,0.1,4.0,31.0,107802,10780.2,97021.8
6820,2025-02-06,광주,전자제품,5,136027,0.25,5.0,59.0,680135,170033.75,510101.25
6821,2025-10-15,제주,생활용품,5,14148,0.05,2.0,38.0,70740,3537.0,67203.0
6822,2025-08-29,광주,생활용품,6,127699,0.2,3.0,54.0,766194,153238.8,612955.2
6823,2025-12-31,서울,식품,3,118042,0.1,3.0,66.0,354126,35412.6,318713.4
6824,2025-02-18,대구,전자제품,5,79728,0.15,2.0,39.0,398640,59796.0,338844.0
6825,2025-07-17,부산,전자제품,5,149010,0.25,5.0,69.0,745050,186262.5,558787.5
6826,2025-07-06,광주,의류,7,108915,0.0,3.0,36.0,762405,0.0,762405.0
6827,2025-07-16,광주,생활용품,1,11054,0.05,5.0,31.0,11054,552.7,10501.3
6828,2025-01-20,부산,식품,1,61903,0.15,2.0,56.0,61903,9285.45,52617.55
6829,2025-06-22,부산,의류,5,126860,0.1,3.0,25.0,634300,63430.0,570870.0
6830,2025-04-20,서울,전자제품,1,117527,0.15,5.0,22.0,117527,17629.05,99897.95
6831,2025-08-14,부산,생활용품,2,28269,0.15,1.0,37.0,56538,8480.7,48057.3
6832,2025-03-26,제주,식품,4,29676,0.0,3.0,46.0,118704,0.0,118704.0
6833,2025-06-08,광주,전자제품,2,138983,0.3,4.0,42.0,277966,83389.8,194576.2
6834,2025-08-15,제주,생활용품,2,11616,0.2,4.0,21.0,23232,4646.4,18585.6
6835,2025-01-24,제주,생활용품,3,142697,0.2,4.0,47.0,428091,85618.2,342472.8
6836,2025-10-15,제주,식품,5,83406,0.05,4.0,51.0,417030,20851.5,396178.5
6837,2025-09-19,서울,생활용품,3,122078,0.05,1.0,33.0,366234,18311.7,347922.3
6838,2025-01-21,부산,전자제품,6,36224,0.2,2.0,48.0,217344,43468.8,173875.2
6839,2025-01-24,서울,식품,2,54887,0.0,4.0,36.0,109774,0.0,109774.0
6840,2025-11-07,서울,의류,1,110665,0.15,3.0,21.0,110665,16599.75,94065.25
6841,2025-04-14,부산,의류,2,28530,0.3,2.0,57.0,57060,17118.0,39942.0
6842,2025-11-11,부산,식품,7,19692,0.3,5.0,40.0,137844,41353.2,96490.8
6843,2025-07-02,서울,생활용품,2,93315,0.15,2.0,70.0,186630,27994.5,158635.5
6844,2025-05-05,제주,생활용품,1,6231,0.05,2.0,28.0,6231,311.55,5919.45
6845,2025-04-10,대구,전자제품,3,141146,0.0,3.0,18.0,423438,0.0,423438.0
6846,2025-08-29,광주,생활용품,5,102977,0.05,2.0,60.0,514885,25744.25,489140.75
6847,2025-02-10,광주,전자제품,3,108488,0.05,3.0,63.0,325464,16273.2,309190.8
6848,2025-05-27,제주,의류,3,77616,0.15,5.0,66.0,232848,34927.2,197920.8
6849,2025-05-07,서울,식품,1,95447,0.25,5.0,70.0,95447,23861.75,71585.25
6850,2025-02-26,부산,식품,5,143043,0.15,2.0,34.0,715215,107282.25,607932.75
6851,2025-05-09,부산,전자제품,2,5699,0.25,2.0,53.0,11398,2849.5,8548.5
6852,2025-07-12,대구,식품,1,40885,0.05,5.0,19.0,40885,2044.25,38840.75
6853,2025-09-05,대구,전자제품,6,106074,0.1,3.0,40.0,636444,63644.4,572799.6
6854,2025-02-01,광주,생활용품,7,22872,0.2,1.0,65.0,160104,32020.8,128083.2
6855,2025-11-15,대구,전자제품,5,40566,0.0,3.0,51.0,202830,0.0,202830.0
6856,2025-11-17,부산,식품,7,8350,0.3,4.0,62.0,58450,17535.0,40915.0
6857,2025-09-10,대구,전자제품,3,12995,0.3,3.0,68.0,38985,11695.5,27289.5
6858,2025-12-04,제주,전자제품,4,69416,0.25,4.0,60.0,277664,69416.0,208248.0
6859,2025-06-06,대구,식품,3,100703,0.2,4.0,54.0,302109,60421.8,241687.2
6860,2025-10-27,대구,생활용품,4,19618,0.05,1.0,36.0,78472,3923.6,74548.4
6861,2025-09-23,서울,식품,7,147484,0.05,5.0,46.0,1032388,51619.4,980768.6
6862,2025-07-25,서울,생활용품,5,117469,0.05,1.0,22.0,587345,29367.25,557977.75
6863,2025-03-07,부산,생활용품,1,101097,0.0,1.0,48.0,101097,0.0,101097.0
6864,2025-07-23,서울,식품,5,15438,0.15,2.0,69.0,77190,11578.5,65611.5
6865,2025-11-25,대구,생활용품,3,80234,0.3,1.0,25.0,240702,72210.6,168491.4
6866,2025-12-26,제주,식품,4,138510,0.2,4.0,44.0,554040,110808.0,443232.0
6867,2025-06-13,대구,의류,4,39502,0.3,3.0,65.0,158008,47402.4,110605.6
6868,2025-04-01,광주,의류,5,83424,0.3,2.0,36.0,417120,125136.0,291984.0
6869,2025-09-30,제주,의류,7,86802,0.2,5.0,49.0,607614,121522.8,486091.2
6870,2025-01-28,광주,생활용품,7,105974,0.0,2.0,59.0,741818,0.0,741818.0
6871,2025-02-25,광주,전자제품,7,138180,0.3,5.0,59.0,967260,290178.0,677082.0
6872,2025-07-25,광주,식품,5,23983,0.15,3.0,53.0,119915,17987.25,101927.75
6873,2025-12-28,부산,의류,2,14119,0.15,4.0,21.0,28238,4235.7,24002.3
6874,2025-05-01,대구,식품,2,17978,0.3,5.0,20.0,35956,10786.8,25169.2
6875,2025-06-11,부산,생활용품,6,43742,0.2,2.0,57.0,262452,52490.4,209961.6
6876,2025-04-28,광주,식품,7,56284,0.0,1.0,68.0,393988,0.0,393988.0
6877,2025-06-10,대구,식품,1,132365,0.25,4.0,32.0,132365,33091.25,99273.75
6878,2025-01-03,제주,식품,2,80463,0.3,4.0,47.0,160926,48277.8,112648.2
6879,2025-08-06,서울,의류,5,113016,0.05,1.0,21.0,565080,28254.0,536826.0
6880,2025-08-06,서울,전자제품,2,88448,0.15,5.0,27.0,176896,26534.4,150361.6
6881,2025-04-26,광주,전자제품,1,143113,0.0,4.0,43.0,143113,0.0,143113.0
6882,2025-04-07,광주,생활용품,7,52819,0.25,3.0,18.0,369733,92433.25,277299.75
6883,2025-10-05,광주,전자제품,1,102010,0.05,1.0,49.0,102010,5100.5,96909.5
6884,2025-03-10,부산,전자제품,2,44536,0.1,5.0,,89072,8907.2,80164.8
6885,2025-01-18,서울,식품,7,38835,0.2,3.0,22.0,271845,54369.0,217476.0
6886,2025-01-15,부산,식품,1,147305,0.25,3.0,49.0,147305,36826.25,110478.75
6887,2025-11-18,대구,전자제품,6,8480,0.1,1.0,42.0,50880,5088.0,45792.0
6888,2025-05-13,대구,생활용품,4,44536,0.3,4.0,23.0,178144,53443.2,124700.8
6889,2025-02-07,제주,전자제품,4,60981,0.0,5.0,29.0,243924,0.0,243924.0
6890,2025-11-17,제주,식품,6,24999,0.05,4.0,46.0,149994,7499.7,142494.3
6891,2025-02-24,광주,전자제품,1,116925,0.0,2.0,60.0,116925,0.0,116925.0
6892,2025-05-03,서울,식품,1,57122,0.25,1.0,40.0,57122,14280.5,42841.5
6893,2025-01-08,서울,전자제품,2,71543,0.1,3.0,51.0,143086,14308.6,128777.4
6894,2025-09-05,대구,생활용품,4,49061,0.0,3.0,41.0,196244,0.0,196244.0
6895,2025-09-13,광주,생활용품,7,134325,0.25,2.0,63.0,940275,235068.75,705206.25
6896,2025-10-04,광주,전자제품,1,66152,0.05,4.0,69.0,66152,3307.6,62844.4
6897,2025-04-07,부산,전자제품,3,119162,0.2,5.0,40.0,357486,71497.2,285988.8
6898,2025-04-30,서울,생활용품,4,95439,0.15,1.0,33.0,381756,57263.4,324492.6
6899,2025-12-09,부산,식품,2,143586,0.0,2.0,48.0,287172,0.0,287172.0
6900,2025-10-27,광주,전자제품,3,92457,0.2,3.0,64.0,277371,55474.2,221896.8
6901,2025-01-14,제주,전자제품,2,147943,0.3,1.0,49.0,295886,88765.8,207120.2
6902,2025-09-10,제주,식품,1,106252,0.1,4.0,36.0,106252,10625.2,95626.8
6903,2025-10-24,대구,의류,4,13545,0.25,1.0,59.0,54180,13545.0,40635.0
6904,2025-07-24,서울,의류,7,27719,0.05,1.0,27.0,194033,9701.65,184331.35
6905,2025-08-22,제주,전자제품,3,119500,0.05,2.0,32.0,358500,17925.0,340575.0
6906,2025-01-01,서울,식품,5,11661,0.05,3.0,26.0,58305,2915.25,55389.75
6907,2025-01-11,부산,식품,5,32552,0.05,4.0,66.0,162760,8138.0,154622.0
6908,2025-01-13,제주,의류,6,119668,0.05,1.0,67.0,718008,35900.4,682107.6
6909,2025-02-28,대구,식품,6,56446,0.2,4.0,68.0,338676,67735.2,270940.8
6910,2025-12-28,서울,전자제품,7,36487,0.0,1.0,19.0,255409,0.0,255409.0
6911,2025-08-20,대구,생활용품,6,33688,0.15,5.0,65.0,202128,30319.2,171808.8
6912,2025-10-13,서울,의류,7,50771,0.05,3.0,29.0,355397,17769.85,337627.15
6913,2025-04-18,부산,식품,7,126491,0.05,4.0,68.0,885437,44271.85,841165.15
6914,2025-12-09,제주,전자제품,6,71074,0.25,1.0,36.0,426444,106611.0,319833.0
6915,2025-03-14,부산,전자제품,4,143314,0.15,4.0,34.0,573256,85988.4,487267.6
6916,2025-11-26,제주,생활용품,3,108865,0.1,3.0,52.0,326595,32659.5,293935.5
6917,2025-01-12,대구,생활용품,4,43901,0.2,3.0,59.0,175604,35120.8,140483.2
6918,2025-01-08,광주,의류,6,28719,0.3,1.0,37.0,172314,51694.2,120619.8
6919,2025-01-29,광주,전자제품,6,141852,0.05,4.0,61.0,851112,42555.6,808556.4
6920,2025-10-17,대구,식품,4,135849,0.05,5.0,19.0,543396,27169.8,516226.2
6921,2025-04-04,서울,식품,1,22793,0.2,5.0,65.0,22793,4558.6,18234.4
6922,2025-06-14,제주,전자제품,2,51621,0.15,5.0,45.0,103242,15486.3,87755.7
6923,2025-06-22,대구,전자제품,5,112748,0.2,4.0,46.0,563740,112748.0,450992.0
6924,2025-10-16,광주,식품,3,147487,0.05,2.0,64.0,442461,22123.05,420337.95
6925,2025-05-08,대구,식품,4,136035,0.3,2.0,20.0,544140,163242.0,380898.0
6926,2025-01-03,광주,의류,3,46385,0.0,1.0,64.0,139155,0.0,139155.0
6927,2025-05-22,부산,의류,1,135038,0.05,2.0,28.0,135038,6751.9,128286.1
6928,2025-04-16,제주,식품,4,110220,0.2,2.0,70.0,440880,88176.0,352704.0
6929,2025-09-24,부산,식품,4,72088,0.15,4.0,56.0,288352,43252.8,245099.2
6930,2025-10-02,광주,의류,6,59617,0.1,1.0,36.0,357702,35770.2,321931.8
6931,2025-02-03,대구,전자제품,1,122910,0.3,5.0,21.0,122910,36873.0,86037.0
6932,2025-10-17,대구,전자제품,4,126306,0.1,4.0,24.0,505224,50522.4,454701.6
6933,2025-01-26,서울,생활용품,6,137553,0.2,4.0,24.0,825318,165063.6,660254.4
6934,2025-08-15,부산,전자제품,2,72049,0.1,3.0,21.0,144098,14409.8,129688.2
6935,2025-05-23,서울,전자제품,3,43667,0.15,2.0,50.0,131001,19650.15,111350.85
6936,2025-04-20,대구,의류,1,131227,0.25,3.0,63.0,131227,32806.75,98420.25
6937,2025-06-26,광주,의류,5,48911,0.1,4.0,60.0,244555,24455.5,220099.5
6938,2025-04-24,대구,전자제품,6,114321,0.1,5.0,57.0,685926,68592.6,617333.4
6939,2025-10-17,광주,생활용품,4,78848,0.25,4.0,69.0,315392,78848.0,236544.0
6940,2025-12-19,부산,전자제품,3,89974,0.0,5.0,51.0,269922,0.0,269922.0
6941,2025-10-25,부산,의류,6,35397,0.15,3.0,23.0,212382,31857.3,180524.7
6942,2025-06-10,대구,의류,4,41248,0.05,3.0,44.0,164992,8249.6,156742.4
6943,2025-07-03,부산,생활용품,3,99645,0.15,4.0,58.0,298935,44840.25,254094.75
6944,2025-06-13,제주,의류,6,42681,0.2,4.0,42.0,256086,51217.2,204868.8
6945,2025-10-17,제주,의류,2,102014,0.15,2.0,34.0,204028,30604.2,173423.8
6946,2025-07-21,대구,전자제품,6,148757,0.3,3.0,44.0,892542,267762.6,624779.4
6947,2025-06-20,광주,생활용품,2,16950,0.3,3.0,59.0,33900,10170.0,23730.0
6948,2025-05-30,서울,전자제품,4,139182,0.05,4.0,37.0,556728,27836.4,528891.6
6949,2025-05-17,서울,식품,2,29878,0.2,2.0,36.0,59756,11951.2,47804.8
6950,2025-07-21,부산,식품,5,25070,0.1,1.0,43.0,125350,12535.0,112815.0
6951,2025-09-09,부산,식품,4,125947,0.25,5.0,40.0,503788,125947.0,377841.0
6952,2025-06-07,부산,의류,2,34589,0.15,2.0,29.0,69178,10376.7,58801.3
6953,2025-10-22,대구,전자제품,6,98891,0.3,1.0,32.0,593346,178003.8,415342.2
6954,2025-10-29,광주,식품,7,20488,0.3,2.0,24.0,143416,43024.8,100391.2
6955,2025-06-06,대구,식품,1,17561,0.0,5.0,57.0,17561,0.0,17561.0
6956,2025-11-28,대구,의류,4,34194,0.0,1.0,29.0,136776,0.0,136776.0
6957,2025-03-05,서울,의류,6,80497,0.0,4.0,69.0,482982,0.0,482982.0
6958,2025-12-07,부산,생활용품,6,47084,0.25,3.0,69.0,282504,70626.0,211878.0
6959,2025-04-18,제주,전자제품,2,37386,0.05,4.0,53.0,74772,3738.6,71033.4
6960,2025-07-25,제주,생활용품,1,126456,0.25,4.0,70.0,126456,31614.0,94842.0
6961,2025-04-14,서울,식품,4,30232,0.1,2.0,63.0,120928,12092.8,108835.2
6962,2025-06-11,서울,식품,5,18801,0.1,2.0,57.0,94005,9400.5,84604.5
6963,2025-05-05,제주,의류,3,20990,0.2,4.0,36.0,62970,12594.0,50376.0
6964,2025-09-15,서울,전자제품,3,132908,0.25,5.0,62.0,398724,99681.0,299043.0
6965,2025-01-30,대구,생활용품,4,73981,0.15,5.0,36.0,295924,44388.6,251535.4
6966,2025-11-02,제주,식품,4,145930,0.2,2.0,23.0,583720,116744.0,466976.0
6967,2025-11-26,광주,생활용품,4,122050,0.25,2.0,47.0,488200,122050.0,366150.0
6968,2025-07-25,대구,전자제품,5,45852,0.05,5.0,24.0,229260,11463.0,217797.0
6969,2025-07-19,부산,생활용품,7,119642,0.2,4.0,22.0,837494,167498.8,669995.2
6970,2025-09-13,광주,식품,6,71154,0.1,1.0,22.0,426924,42692.4,384231.6
6971,2025-03-14,광주,의류,1,86214,0.05,4.0,66.0,86214,4310.7,81903.3
6972,2025-10-01,제주,생활용품,3,81753,0.1,2.0,21.0,245259,24525.9,220733.1
6973,2025-03-21,대구,전자제품,1,114958,0.05,1.0,38.0,114958,5747.9,109210.1
6974,2025-09-04,제주,식품,7,34825,0.1,1.0,57.0,243775,24377.5,219397.5
6975,2025-04-22,광주,생활용품,5,13618,0.0,2.0,60.0,68090,0.0,68090.0
6976,2025-09-30,서울,전자제품,2,111079,0.25,2.0,20.0,222158,55539.5,166618.5
6977,2025-10-16,부산,전자제품,6,143312,0.1,4.0,65.0,859872,85987.2,773884.8
6978,2025-03-18,광주,의류,4,89100,0.2,1.0,68.0,356400,71280.0,285120.0
6979,2025-08-14,서울,전자제품,1,22036,0.25,1.0,69.0,22036,5509.0,16527.0
6980,2025-07-01,광주,생활용품,2,21265,0.25,4.0,52.0,42530,10632.5,31897.5
6981,2025-04-18,부산,생활용품,6,83977,0.0,3.0,45.0,503862,0.0,503862.0
6982,2025-08-03,부산,전자제품,3,134918,0.15,2.0,27.0,404754,60713.1,344040.9
6983,2025-12-29,대구,전자제품,4,94001,0.1,1.0,24.0,376004,37600.4,338403.6
6984,2025-01-01,제주,생활용품,7,48818,0.1,1.0,61.0,341726,34172.6,307553.4
6985,2025-12-16,제주,의류,3,95019,0.25,2.0,63.0,285057,71264.25,213792.75
6986,2025-11-09,대구,생활용품,1,27656,0.0,2.0,61.0,27656,0.0,27656.0
6987,2025-07-13,서울,생활용품,1,74481,0.1,3.0,50.0,74481,7448.1,67032.9
6988,2025-08-11,제주,식품,7,147369,0.25,4.0,47.0,1031583,257895.75,773687.25
6989,2025-05-15,제주,식품,5,96263,0.1,1.0,28.0,481315,48131.5,433183.5
6990,2025-02-17,광주,의류,3,19921,0.0,3.0,22.0,59763,0.0,59763.0
6991,2025-07-28,광주,의류,1,34207,0.05,3.0,28.0,34207,1710.35,32496.65
6992,2025-10-25,대구,식품,5,13656,0.1,1.0,39.0,68280,6828.0,61452.0
6993,2025-03-26,서울,식품,1,63287,0.05,3.0,33.0,63287,3164.35,60122.65
6994,2025-09-19,서울,식품,1,39445,0.2,1.0,47.0,39445,7889.0,31556.0
6995,2025-10-01,서울,의류,5,147044,0.05,2.0,59.0,735220,36761.0,698459.0
6996,2025-10-04,제주,식품,5,51293,0.25,4.0,57.0,256465,64116.25,192348.75
6997,2025-05-05,서울,식품,4,10056,0.1,2.0,61.0,40224,4022.4,36201.6
6998,2025-05-24,대구,전자제품,7,67901,0.0,4.0,33.0,475307,0.0,475307.0
6999,2025-06-01,부산,생활용품,2,111911,0.0,1.0,67.0,223822,0.0,223822.0
7000,2025-11-08,서울,의류,4,104350,0.2,3.0,64.0,417400,83480.0,333920.0
7001,2025-11-25,제주,생활용품,3,146654,0.25,5.0,36.0,439962,109990.5,329971.5
7002,2025-06-01,서울,생활용품,3,58028,0.0,3.0,31.0,174084,0.0,174084.0
7003,2025-12-21,제주,의류,2,80820,0.1,5.0,65.0,161640,16164.0,145476.0
7004,2025-07-28,광주,식품,6,86103,0.25,2.0,70.0,516618,129154.5,387463.5
7005,2025-05-21,광주,의류,5,8496,0.3,1.0,42.0,42480,12744.0,29736.0
7006,2025-01-01,서울,의류,5,5842,0.25,3.0,24.0,29210,7302.5,21907.5
7007,2025-08-12,제주,생활용품,1,120416,0.2,2.0,50.0,120416,24083.2,96332.8
7008,2025-08-24,대구,전자제품,1,60810,0.25,4.0,62.0,60810,15202.5,45607.5
7009,2025-12-20,대구,전자제품,6,104802,0.1,2.0,42.0,628812,62881.2,565930.8
7010,2025-09-20,광주,전자제품,5,142021,0.0,4.0,25.0,710105,0.0,710105.0
7011,2025-01-11,부산,전자제품,1,40465,0.15,1.0,56.0,40465,6069.75,34395.25
7012,2025-07-26,부산,의류,5,117353,0.15,2.0,58.0,586765,88014.75,498750.25
7013,2025-09-29,부산,전자제품,7,35987,0.25,2.0,64.0,251909,62977.25,188931.75
7014,2025-07-01,대구,전자제품,6,112416,0.05,4.0,63.0,674496,33724.8,640771.2
7015,2025-06-06,광주,식품,2,28187,0.3,2.0,43.0,56374,16912.2,39461.8
7016,2025-10-23,부산,생활용품,3,49155,0.15,3.0,34.0,147465,22119.75,125345.25
7017,2025-08-12,부산,식품,6,73194,0.15,2.0,26.0,439164,65874.6,373289.4
7018,2025-09-06,제주,식품,3,75786,0.3,4.0,23.0,227358,68207.4,159150.6
7019,2025-06-19,대구,식품,6,9405,0.15,2.0,61.0,56430,8464.5,47965.5
7020,2025-04-12,제주,생활용품,7,127456,0.0,4.0,70.0,892192,0.0,892192.0
7021,2025-07-09,부산,식품,3,5877,0.05,1.0,52.0,17631,881.55,16749.45
7022,2025-12-17,부산,식품,5,132623,0.2,4.0,69.0,663115,132623.0,530492.0
7023,2025-08-08,부산,생활용품,4,34895,0.05,4.0,34.0,139580,6979.0,132601.0
7024,2025-09-16,대구,식품,4,108029,0.05,1.0,58.0,432116,21605.8,410510.2
7025,2025-02-15,광주,식품,1,108168,0.1,1.0,39.0,108168,10816.8,97351.2
7026,2025-12-27,대구,생활용품,7,71198,0.15,2.0,38.0,498386,74757.9,423628.1
7027,2025-03-31,부산,식품,4,82914,0.0,5.0,51.0,331656,0.0,331656.0
7028,2025-12-21,제주,의류,2,15609,0.15,2.0,25.0,31218,4682.7,26535.3
7029,2025-06-12,대구,의류,5,135629,0.25,3.0,39.0,678145,169536.25,508608.75
7030,2025-12-02,부산,전자제품,3,22306,0.15,3.0,40.0,66918,10037.7,56880.3
7031,2025-11-22,서울,전자제품,6,100452,0.2,2.0,40.0,602712,120542.4,482169.6
7032,2025-10-03,대구,생활용품,6,5042,0.2,3.0,56.0,30252,6050.4,24201.6
7033,2025-12-01,광주,식품,3,113147,0.15,1.0,32.0,339441,50916.15,288524.85
7034,2025-08-11,제주,식품,5,57084,0.3,4.0,26.0,285420,85626.0,199794.0
7035,2025-11-06,부산,의류,1,74836,0.2,1.0,50.0,74836,14967.2,59868.8
7036,2025-03-04,서울,전자제품,7,8390,0.25,3.0,18.0,58730,14682.5,44047.5
7037,2025-01-26,제주,전자제품,4,36742,0.2,2.0,70.0,146968,29393.6,117574.4
7038,2025-07-18,대구,식품,5,68078,0.3,3.0,65.0,340390,102117.0,238273.0
7039,2025-10-23,서울,생활용품,5,109062,0.15,3.0,38.0,545310,81796.5,463513.5
7040,2025-10-07,서울,의류,3,91644,0.05,4.0,55.0,274932,13746.6,261185.4
7041,2025-07-12,대구,의류,5,42782,0.05,4.0,45.0,213910,10695.5,203214.5
7042,2025-07-10,광주,의류,3,91403,0.3,2.0,54.0,274209,82262.7,191946.3
7043,2025-08-11,부산,생활용품,5,37340,0.25,3.0,29.0,186700,46675.0,140025.0
7044,2025-11-13,부산,생활용품,1,85518,0.1,2.0,68.0,85518,8551.8,76966.2
7045,2025-11-04,광주,전자제품,2,83359,0.15,2.0,64.0,166718,25007.7,141710.3
7046,2025-02-10,제주,의류,7,37795,0.0,2.0,45.0,264565,0.0,264565.0
7047,2025-08-06,대구,의류,6,0,0.3,3.0,64.0,0,0.0,0.0
7048,2025-05-20,대구,전자제품,1,80282,0.15,4.0,34.0,80282,12042.3,68239.7
7049,2025-10-19,부산,생활용품,2,90107,0.1,4.0,59.0,180214,18021.4,162192.6
7050,2025-07-04,서울,식품,4,147077,0.05,1.0,66.0,588308,29415.4,558892.6
7051,2025-12-28,서울,생활용품,1,76843,0.0,1.0,54.0,76843,0.0,76843.0
7052,2025-06-07,제주,전자제품,3,69470,0.25,2.0,70.0,208410,52102.5,156307.5
7053,2025-09-05,서울,의류,3,73988,0.05,3.0,29.0,221964,11098.2,210865.8
7054,2025-02-09,제주,의류,1,131802,0.0,2.0,19.0,131802,0.0,131802.0
7055,2025-12-07,부산,의류,3,49515,0.3,5.0,45.0,148545,44563.5,103981.5
7056,2025-02-26,광주,전자제품,3,60304,0.15,3.0,35.0,180912,27136.8,153775.2
7057,2025-05-19,제주,전자제품,1,58486,0.0,5.0,51.0,58486,0.0,58486.0
7058,2025-11-02,광주,의류,5,95342,0.1,5.0,37.0,476710,47671.0,429039.0
7059,2025-12-20,광주,생활용품,2,106412,0.15,1.0,64.0,212824,31923.6,180900.4
7060,2025-06-26,부산,의류,1,74867,0.05,5.0,23.0,74867,3743.35,71123.65
7061,2025-06-26,대구,전자제품,1,43265,0.3,1.0,69.0,43265,12979.5,30285.5
7062,2025-01-18,광주,생활용품,7,104850,0.3,1.0,29.0,733950,220185.0,513765.0
7063,2025-12-24,대구,식품,1,44936,0.3,3.0,35.0,44936,13480.8,31455.2
7064,2025-01-07,서울,전자제품,7,135120,0.15,3.0,19.0,945840,141876.0,803964.0
7065,2025-01-10,제주,식품,2,95502,0.3,4.0,53.0,191004,57301.2,133702.8
7066,2025-06-22,서울,전자제품,1,68931,0.1,1.0,54.0,68931,6893.1,62037.9
7067,2025-01-02,제주,생활용품,4,38823,0.15,1.0,67.0,155292,23293.8,131998.2
7068,2025-03-01,제주,생활용품,7,114823,0.25,4.0,23.0,803761,200940.25,602820.75
7069,2025-08-18,서울,전자제품,1,93409,0.15,3.0,43.0,93409,14011.35,79397.65
7070,2025-09-15,광주,의류,3,132969,0.25,2.0,65.0,398907,99726.75,299180.25
7071,2025-04-19,광주,전자제품,6,107469,0.0,1.0,19.0,644814,0.0,644814.0
7072,2025-10-18,부산,식품,1,119484,0.15,2.0,48.0,119484,17922.6,101561.4
7073,2025-08-10,제주,전자제품,2,18360,0.25,2.0,30.0,36720,9180.0,27540.0
7074,2025-03-25,서울,의류,3,8560,0.05,3.0,36.0,25680,1284.0,24396.0
7075,2025-09-18,부산,전자제품,6,100473,0.1,5.0,58.0,602838,60283.8,542554.2
7076,2025-08-05,제주,생활용품,6,5027,0.3,3.0,60.0,30162,9048.6,21113.4
7077,2025-10-24,광주,전자제품,5,134185,0.2,3.0,18.0,670925,134185.0,536740.0
7078,2025-02-26,서울,식품,5,133030,0.1,5.0,52.0,665150,66515.0,598635.0
7079,2025-03-26,서울,생활용품,1,89833,0.1,1.0,38.0,89833,8983.3,80849.7
7080,2025-04-21,부산,생활용품,2,110751,0.05,1.0,57.0,221502,11075.1,210426.9
7081,2025-05-05,서울,전자제품,7,66180,0.25,5.0,62.0,463260,115815.0,347445.0
7082,2025-11-21,서울,전자제품,6,143930,0.0,5.0,64.0,863580,0.0,863580.0
7083,2025-09-25,대구,생활용품,2,10217,0.05,3.0,23.0,20434,1021.7,19412.3
7084,2025-07-18,서울,생활용품,5,47410,0.0,2.0,60.0,237050,0.0,237050.0
7085,2025-07-17,부산,식품,6,106170,0.25,1.0,69.0,637020,159255.0,477765.0
7086,2025-11-20,부산,전자제품,6,119256,0.3,1.0,59.0,715536,214660.8,500875.2
7087,2025-06-13,제주,전자제품,7,40125,0.0,5.0,37.0,280875,0.0,280875.0
7088,2025-03-24,제주,식품,4,121221,0.3,4.0,56.0,484884,145465.2,339418.8
7089,2025-02-19,제주,의류,1,71816,0.3,5.0,21.0,71816,21544.8,50271.2
7090,2025-05-01,부산,전자제품,6,129313,0.15,3.0,38.0,775878,116381.7,659496.3
7091,2025-08-27,대구,의류,1,43719,0.0,4.0,61.0,43719,0.0,43719.0
7092,2025-06-21,대구,생활용품,5,105344,0.2,5.0,52.0,526720,105344.0,421376.0
7093,2025-06-03,제주,전자제품,6,35101,0.15,2.0,32.0,210606,31590.9,179015.1
7094,2025-06-25,광주,생활용품,1,25054,0.25,3.0,47.0,25054,6263.5,18790.5
7095,2025-12-22,제주,생활용품,6,107275,0.1,2.0,18.0,643650,64365.0,579285.0
7096,2025-12-31,대구,식품,6,103737,0.15,3.0,69.0,622422,93363.3,529058.7
7097,2025-02-28,제주,전자제품,5,47535,0.3,2.0,47.0,237675,71302.5,166372.5
7098,2025-02-11,광주,식품,3,92650,0.2,2.0,44.0,277950,55590.0,222360.0
7099,2025-03-31,광주,식품,2,141525,0.2,2.0,35.0,283050,56610.0,226440.0
7100,2025-11-07,광주,식품,5,53382,0.3,5.0,29.0,266910,80073.0,186837.0
7101,2025-06-17,부산,생활용품,2,77753,0.15,2.0,35.0,155506,23325.9,132180.1
7102,2025-11-12,광주,전자제품,5,35249,0.05,4.0,42.0,176245,8812.25,167432.75
7103,2025-08-25,부산,식품,2,80116,0.3,3.0,40.0,160232,48069.6,112162.4
7104,2025-07-21,광주,생활용품,3,133340,0.0,4.0,39.0,400020,0.0,400020.0
7105,2025-04-13,부산,전자제품,4,97198,0.15,1.0,44.0,388792,58318.8,330473.2
7106,2025-05-06,광주,전자제품,2,25582,0.25,4.0,42.0,51164,12791.0,38373.0
7107,2025-02-23,대구,식품,6,112378,0.25,4.0,34.0,674268,168567.0,505701.0
7108,2025-07-09,광주,생활용품,5,66219,0.2,1.0,48.0,331095,66219.0,264876.0
7109,2025-04-13,부산,생활용품,1,7636,0.1,2.0,31.0,7636,763.6,6872.4
7110,2025-04-17,광주,생활용품,6,95306,0.05,5.0,68.0,571836,28591.8,543244.2
7111,2025-01-15,제주,생활용품,6,48375,0.0,2.0,53.0,290250,0.0,290250.0
7112,2025-10-19,서울,전자제품,6,145911,0.1,3.0,32.0,875466,87546.6,787919.4
7113,2025-12-09,부산,식품,5,149317,0.3,5.0,54.0,746585,223975.5,522609.5
7114,2025-07-01,광주,의류,5,102292,0.2,5.0,69.0,511460,102292.0,409168.0
7115,2025-07-15,제주,전자제품,3,96543,0.1,2.0,58.0,289629,28962.9,260666.1
7116,2025-12-04,광주,생활용품,2,49207,0.15,4.0,59.0,98414,14762.1,83651.9
7117,2025-07-06,대구,의류,2,15275,0.1,5.0,29.0,30550,3055.0,27495.0
7118,2025-08-16,부산,생활용품,3,13796,0.3,3.0,27.0,41388,12416.4,28971.6
7119,2025-06-06,제주,식품,3,72245,0.15,5.0,47.0,216735,32510.25,184224.75
7120,2025-07-07,제주,의류,6,51067,0.25,4.0,32.0,306402,76600.5,229801.5
7121,2025-07-10,제주,전자제품,4,144268,0.0,4.0,24.0,577072,0.0,577072.0
7122,2025-09-17,부산,전자제품,3,47454,0.15,4.0,66.0,142362,21354.3,121007.7
7123,2025-08-09,대구,의류,6,36124,0.2,1.0,36.0,216744,43348.8,173395.2
7124,2025-07-03,부산,전자제품,6,123767,0.2,1.0,,742602,148520.4,594081.6
7125,2025-01-28,제주,식품,7,126176,0.0,5.0,56.0,883232,0.0,883232.0
7126,2025-11-27,제주,생활용품,3,59605,0.2,4.0,25.0,178815,35763.0,143052.0
7127,2025-11-21,서울,식품,2,16856,0.25,5.0,27.0,33712,8428.0,25284.0
7128,2025-03-09,부산,식품,1,19275,0.0,3.0,48.0,19275,0.0,19275.0
7129,2025-04-18,대구,식품,2,80536,0.1,2.0,51.0,161072,16107.2,144964.8
7130,2025-12-22,대구,의류,5,131147,0.1,5.0,32.0,655735,65573.5,590161.5
7131,2025-04-28,대구,생활용품,6,61072,0.05,5.0,26.0,366432,18321.6,348110.4
7132,2025-10-24,부산,의류,5,7617,0.15,5.0,51.0,38085,5712.75,32372.25
7133,2025-10-14,광주,식품,7,59370,0.3,5.0,30.0,415590,124677.0,290913.0
7134,2025-11-11,제주,식품,5,5436,0.3,1.0,27.0,27180,8154.0,19026.0
7135,2025-01-06,제주,전자제품,7,66403,0.2,5.0,38.0,464821,92964.2,371856.8
7136,2025-06-26,대구,전자제품,2,73839,0.3,1.0,36.0,147678,44303.4,103374.6
7137,2025-07-26,제주,식품,3,10000000,0.25,4.0,39.0,30000000,7500000.0,22500000.0
7138,2025-11-02,광주,식품,6,15037,0.0,1.0,38.0,90222,0.0,90222.0
7139,2025-03-23,서울,생활용품,5,74703,0.1,1.0,47.0,373515,37351.5,336163.5
7140,2025-04-22,광주,생활용품,4,30679,0.25,4.0,46.0,122716,30679.0,92037.0
7141,2025-03-07,부산,전자제품,7,72631,0.15,2.0,19.0,508417,76262.55,432154.45
7142,2025-10-06,광주,식품,6,147867,0.2,5.0,30.0,887202,177440.4,709761.6
7143,2025-12-31,광주,전자제품,3,112462,0.1,2.0,44.0,337386,33738.6,303647.4
7144,2025-02-21,제주,전자제품,5,127433,0.0,4.0,56.0,637165,0.0,637165.0
7145,2025-03-27,제주,식품,3,10598,0.15,4.0,19.0,31794,4769.1,27024.9
7146,2025-04-23,제주,생활용품,3,115786,0.1,5.0,60.0,347358,34735.8,312622.2
7147,2025-11-21,대구,전자제품,6,130566,0.25,5.0,22.0,783396,195849.0,587547.0
7148,2025-06-12,대구,의류,5,102265,0.3,3.0,51.0,511325,153397.5,357927.5
7149,2025-04-13,대구,식품,1,118398,0.0,2.0,29.0,118398,0.0,118398.0
7150,2025-04-28,제주,의류,5,11933,0.1,3.0,65.0,59665,5966.5,53698.5
7151,2025-08-07,부산,생활용품,5,112118,0.1,4.0,54.0,560590,56059.0,504531.0
7152,2025-05-22,대구,생활용품,4,126207,0.2,5.0,59.0,504828,100965.6,403862.4
7153,2025-02-21,광주,생활용품,3,38461,0.1,1.0,61.0,115383,11538.3,103844.7
7154,2025-10-27,서울,식품,5,73322,0.15,1.0,20.0,366610,54991.5,311618.5
7155,2025-06-04,광주,전자제품,7,66287,0.3,3.0,62.0,464009,139202.7,324806.3
7156,2025-04-04,부산,생활용품,1,19256,0.2,3.0,22.0,19256,3851.2,15404.8
7157,2025-09-23,부산,생활용품,5,23597,0.0,5.0,46.0,117985,0.0,117985.0
7158,2025-09-30,광주,생활용품,7,48609,0.15,2.0,52.0,340263,51039.45,289223.55
7159,2025-02-26,서울,식품,3,20838,0.3,1.0,65.0,62514,18754.2,43759.8
7160,2025-01-27,서울,식품,3,77785,0.15,1.0,56.0,233355,35003.25,198351.75
7161,2025-01-17,대구,전자제품,2,13098,0.3,5.0,55.0,26196,7858.8,18337.2
7162,2025-10-07,대구,식품,2,6985,0.3,4.0,69.0,13970,4191.0,9779.0
7163,2025-08-17,서울,식품,3,96241,0.05,5.0,18.0,288723,14436.15,274286.85
7164,2025-10-17,부산,식품,6,41601,0.1,2.0,18.0,249606,24960.6,224645.4
7165,2025-08-17,부산,생활용품,2,59818,0.05,1.0,28.0,119636,5981.8,113654.2
7166,2025-05-27,대구,의류,2,53709,0.05,3.0,30.0,107418,5370.9,102047.1
7167,2025-08-04,부산,전자제품,7,73023,0.1,1.0,44.0,511161,51116.1,460044.9
7168,2025-09-21,서울,의류,7,72250,0.1,1.0,62.0,505750,50575.0,455175.0
7169,2025-05-26,대구,의류,2,24314,0.1,5.0,38.0,48628,4862.8,43765.2
7170,2025-12-01,제주,의류,3,5287,0.25,2.0,65.0,15861,3965.25,11895.75
7171,2025-11-25,대구,생활용품,3,69260,0.05,1.0,51.0,207780,10389.0,197391.0
7172,2025-10-20,부산,생활용품,3,86989,0.15,2.0,42.0,260967,39145.05,221821.95
7173,2025-12-29,대구,식품,2,116432,0.3,2.0,60.0,232864,69859.2,163004.8
7174,2025-05-23,서울,식품,1,33657,0.25,5.0,43.0,33657,8414.25,25242.75
7175,2025-02-11,부산,전자제품,5,17147,0.05,4.0,20.0,85735,4286.75,81448.25
7176,2025-06-26,대구,생활용품,1,91601,0.05,3.0,63.0,91601,4580.05,87020.95
7177,2025-09-30,대구,생활용품,5,135840,0.3,3.0,25.0,679200,203760.0,475440.0
7178,2025-10-12,대구,의류,1,39677,0.2,4.0,42.0,39677,7935.4,31741.6
7179,2025-05-22,제주,전자제품,2,17433,0.3,1.0,26.0,34866,10459.8,24406.2
7180,2025-04-17,광주,의류,1,63394,0.3,3.0,59.0,63394,19018.2,44375.8
7181,2025-06-12,서울,생활용품,3,86307,0.15,2.0,51.0,258921,38838.15,220082.85
7182,2025-10-21,대구,전자제품,3,95427,0.15,1.0,68.0,286281,42942.15,243338.85
7183,2025-01-23,대구,의류,3,21356,0.1,3.0,63.0,64068,6406.8,57661.2
7184,2025-04-30,서울,의류,3,100203,0.2,4.0,31.0,300609,60121.8,240487.2
7185,2025-03-25,부산,의류,7,54767,0.2,4.0,31.0,383369,76673.8,306695.2
7186,2025-10-22,제주,의류,4,9436,0.2,1.0,32.0,37744,7548.8,30195.2
7187,2025-06-21,부산,생활용품,6,138725,0.3,2.0,26.0,832350,249705.0,582645.0
7188,2025-02-01,대구,전자제품,2,82586,0.25,2.0,67.0,165172,41293.0,123879.0
7189,2025-04-06,부산,의류,4,49256,0.0,,22.0,197024,0.0,197024.0
7190,2025-01-17,서울,생활용품,1,123413,0.1,3.0,40.0,123413,12341.3,111071.7
7191,2025-06-23,부산,생활용품,2,120570,0.15,3.0,32.0,241140,36171.0,204969.0
7192,2025-12-31,광주,식품,1,34931,0.2,4.0,18.0,34931,6986.2,27944.8
7193,2025-07-27,제주,생활용품,1,144292,0.3,4.0,62.0,144292,43287.6,101004.4
7194,2025-11-14,광주,식품,2,82138,0.1,5.0,44.0,164276,16427.6,147848.4
7195,2025-09-29,제주,식품,2,43037,0.25,3.0,64.0,86074,21518.5,64555.5
7196,2025-11-19,광주,생활용품,3,69904,0.1,2.0,50.0,209712,20971.2,188740.8
7197,2025-04-24,광주,식품,6,32217,0.05,3.0,44.0,193302,9665.1,183636.9
7198,2025-12-14,대구,식품,2,128241,0.15,4.0,30.0,256482,38472.3,218009.7
7199,2025-03-29,서울,의류,5,43964,0.05,2.0,49.0,219820,10991.0,208829.0
7200,2025-06-09,대구,의류,3,68621,0.1,3.0,56.0,205863,20586.3,185276.7
7201,2025-09-06,제주,생활용품,3,14921,0.05,5.0,19.0,44763,2238.15,42524.85
7202,2025-04-15,대구,의류,7,141857,0.0,4.0,30.0,992999,0.0,992999.0
7203,2025-04-07,광주,전자제품,4,48921,0.2,4.0,37.0,195684,39136.8,156547.2
7204,2025-02-17,서울,전자제품,2,99602,0.25,5.0,24.0,199204,49801.0,149403.0
7205,2025-01-02,부산,생활용품,2,56191,0.0,1.0,22.0,112382,0.0,112382.0
7206,2025-07-02,부산,식품,2,86401,0.2,3.0,31.0,172802,34560.4,138241.6
7207,2025-12-27,부산,전자제품,6,86245,0.15,2.0,36.0,517470,77620.5,439849.5
7208,2025-03-22,제주,전자제품,5,47328,0.0,2.0,46.0,236640,0.0,236640.0
7209,2025-06-10,대구,전자제품,2,67661,0.2,4.0,61.0,135322,27064.4,108257.6
7210,2025-12-08,광주,전자제품,4,91496,0.05,4.0,63.0,365984,18299.2,347684.8
7211,2025-10-09,광주,생활용품,4,36509,0.25,3.0,38.0,146036,36509.0,109527.0
7212,2025-01-02,대구,의류,1,24030,0.2,3.0,46.0,24030,4806.0,19224.0
7213,2025-07-02,제주,의류,7,30840,0.0,3.0,18.0,215880,0.0,215880.0
7214,2025-02-22,부산,전자제품,6,65355,0.15,5.0,62.0,392130,58819.5,333310.5
7215,2025-04-01,서울,의류,4,36027,0.0,1.0,30.0,144108,0.0,144108.0
7216,2025-03-31,광주,생활용품,6,46242,0.25,3.0,21.0,277452,69363.0,208089.0
7217,2025-08-12,광주,생활용품,1,104445,0.1,1.0,49.0,104445,10444.5,94000.5
7218,2025-03-14,부산,식품,7,102190,0.15,5.0,37.0,715330,107299.5,608030.5
7219,2025-04-02,제주,의류,5,141817,0.2,2.0,39.0,709085,141817.0,567268.0
7220,2025-03-24,서울,식품,7,115780,0.25,1.0,41.0,810460,202615.0,607845.0
7221,2025-05-11,부산,생활용품,7,66542,0.15,5.0,51.0,465794,69869.1,395924.9
7222,2025-08-28,서울,생활용품,5,139652,0.0,4.0,60.0,698260,0.0,698260.0
7223,2025-05-26,서울,전자제품,3,138530,0.05,5.0,48.0,415590,20779.5,394810.5
7224,2025-04-30,광주,식품,5,37204,0.2,2.0,50.0,186020,37204.0,148816.0
7225,2025-07-08,광주,전자제품,4,29867,0.0,2.0,60.0,119468,0.0,119468.0
7226,2025-08-13,광주,의류,3,133289,0.1,4.0,59.0,399867,39986.7,359880.3
7227,2025-01-06,제주,식품,5,134094,0.1,5.0,27.0,670470,67047.0,603423.0
7228,2025-11-21,서울,의류,7,127663,0.1,5.0,35.0,893641,89364.1,804276.9
7229,2025-12-01,광주,생활용품,2,71746,0.3,2.0,44.0,143492,43047.6,100444.4
7230,2025-08-08,서울,생활용품,4,130053,0.3,4.0,67.0,520212,156063.6,364148.4
7231,2025-07-29,제주,전자제품,6,116503,0.3,5.0,50.0,699018,209705.4,489312.6
7232,2025-09-11,광주,전자제품,3,112369,0.3,4.0,61.0,337107,101132.1,235974.9
7233,2025-06-10,광주,생활용품,3,92318,0.3,4.0,60.0,276954,83086.2,193867.8
7234,2025-05-14,대구,전자제품,1,43819,0.05,1.0,66.0,43819,2190.95,41628.05
7235,2025-05-09,부산,식품,3,113346,0.1,4.0,45.0,340038,34003.8,306034.2
7236,2025-02-28,광주,생활용품,5,132292,0.0,1.0,31.0,661460,0.0,661460.0
7237,2025-11-04,제주,식품,7,133237,0.25,3.0,39.0,932659,233164.75,699494.25
7238,2025-04-28,서울,전자제품,4,91935,0.3,3.0,18.0,367740,110322.0,257418.0
7239,2025-04-14,제주,생활용품,3,10709,0.0,1.0,54.0,32127,0.0,32127.0
7240,2025-12-18,광주,의류,6,112389,0.05,3.0,50.0,674334,33716.7,640617.3
7241,2025-07-04,서울,식품,2,41756,0.05,2.0,26.0,83512,4175.6,79336.4
7242,2025-08-15,제주,의류,2,34762,0.3,1.0,44.0,69524,20857.2,48666.8
7243,2025-03-31,서울,의류,4,16394,0.25,4.0,55.0,65576,16394.0,49182.0
7244,2025-04-12,광주,의류,6,27824,0.05,4.0,59.0,166944,8347.2,158596.8
7245,2025-09-23,서울,생활용품,2,76060,0.0,5.0,59.0,152120,0.0,152120.0
7246,2025-06-14,서울,생활용품,1,45143,0.1,4.0,23.0,45143,4514.3,40628.7
7247,2025-02-23,광주,식품,6,60356,0.2,1.0,37.0,362136,72427.2,289708.8
7248,2025-11-01,광주,생활용품,5,79149,0.0,1.0,49.0,395745,0.0,395745.0
7249,2025-05-28,광주,생활용품,5,81427,0.15,5.0,23.0,407135,61070.25,346064.75
7250,2025-09-01,부산,전자제품,3,65411,0.15,1.0,28.0,196233,29434.95,166798.05
7251,2025-05-05,제주,식품,1,70674,0.3,2.0,67.0,70674,21202.2,49471.8
7252,2025-07-24,서울,의류,3,133704,0.05,2.0,45.0,401112,20055.6,381056.4
7253,2025-10-11,제주,생활용품,4,46047,0.05,1.0,48.0,184188,9209.4,174978.6
7254,2025-11-20,부산,의류,4,6887,0.15,4.0,26.0,27548,4132.2,23415.8
7255,2025-03-17,광주,의류,7,121030,0.1,4.0,51.0,847210,84721.0,762489.0
7256,2025-09-03,제주,식품,2,16607,0.3,5.0,66.0,33214,9964.2,23249.8
7257,2025-11-30,부산,전자제품,3,117299,0.25,3.0,68.0,351897,87974.25,263922.75
7258,2025-08-23,대구,생활용품,2,52184,0.05,3.0,27.0,104368,5218.4,99149.6
7259,2025-02-22,제주,의류,4,127005,0.1,2.0,29.0,508020,50802.0,457218.0
7260,2025-03-11,제주,식품,6,29321,0.2,1.0,48.0,175926,35185.2,140740.8
7261,2025-03-16,부산,생활용품,7,28852,0.3,5.0,64.0,201964,60589.2,141374.8
7262,2025-02-08,대구,전자제품,2,63979,0.05,5.0,18.0,127958,6397.9,121560.1
7263,2025-10-03,부산,식품,4,65748,0.1,5.0,29.0,262992,26299.2,236692.8
7264,2025-12-19,대구,생활용품,6,109051,0.2,1.0,26.0,654306,130861.2,523444.8
7265,2025-07-08,부산,식품,1,98880,0.3,3.0,59.0,98880,29664.0,69216.0
7266,2025-08-07,서울,생활용품,5,149046,0.1,4.0,44.0,745230,74523.0,670707.0
7267,2025-10-10,제주,생활용품,1,103199,0.15,5.0,55.0,103199,15479.85,87719.15
7268,2025-06-01,광주,전자제품,1,34301,0.2,3.0,20.0,34301,6860.2,27440.8
7269,2025-06-22,대구,식품,1,17842,0.1,1.0,25.0,17842,1784.2,16057.8
7270,2025-08-03,서울,생활용품,7,43566,0.25,5.0,46.0,304962,76240.5,228721.5
7271,2025-04-22,서울,식품,5,147610,0.15,1.0,40.0,738050,110707.5,627342.5
7272,2025-01-23,대구,전자제품,6,116467,0.3,4.0,27.0,698802,209640.6,489161.4
7273,2025-07-27,광주,전자제품,5,112449,0.2,2.0,31.0,562245,112449.0,449796.0
7274,2025-10-28,부산,전자제품,6,44447,0.3,1.0,56.0,266682,80004.6,186677.4
7275,2025-01-27,광주,전자제품,4,72972,0.3,3.0,18.0,291888,87566.4,204321.6
7276,2025-03-21,부산,식품,6,107044,0.05,2.0,64.0,642264,32113.2,610150.8
7277,2025-04-06,서울,식품,1,142314,0.3,3.0,26.0,142314,42694.2,99619.8
7278,2025-10-21,대구,생활용품,5,89606,0.0,1.0,58.0,448030,0.0,448030.0
7279,2025-07-04,서울,의류,6,8089,0.05,4.0,51.0,48534,2426.7,46107.3
7280,2025-07-15,서울,전자제품,7,128960,0.0,2.0,21.0,902720,0.0,902720.0
7281,2025-08-24,서울,전자제품,3,140399,0.0,1.0,58.0,421197,0.0,421197.0
7282,2025-04-11,부산,전자제품,2,9833,0.25,2.0,44.0,19666,4916.5,14749.5
7283,2025-09-18,대구,식품,6,61875,0.0,1.0,33.0,371250,0.0,371250.0
7284,2025-01-12,제주,의류,1,147064,0.05,3.0,23.0,147064,7353.2,139710.8
7285,2025-02-11,부산,전자제품,6,143272,0.1,3.0,24.0,859632,85963.2,773668.8
7286,2025-10-25,서울,식품,5,144817,0.25,4.0,39.0,724085,181021.25,543063.75
7287,2025-08-29,서울,식품,5,146455,0.25,5.0,33.0,732275,183068.75,549206.25
7288,2025-03-06,부산,전자제품,3,8246,0.3,1.0,62.0,24738,7421.4,17316.6
7289,2025-06-10,부산,전자제품,1,26900,0.0,1.0,46.0,26900,0.0,26900.0
7290,2025-01-19,부산,전자제품,5,77429,0.05,3.0,20.0,387145,19357.25,367787.75
7291,2025-09-03,제주,전자제품,3,92476,0.1,1.0,64.0,277428,27742.8,249685.2
7292,2025-10-03,부산,생활용품,3,63207,0.05,5.0,31.0,189621,9481.05,180139.95
7293,2025-04-12,광주,생활용품,2,43874,0.0,5.0,50.0,87748,0.0,87748.0
7294,2025-05-08,광주,의류,3,41853,0.15,3.0,61.0,125559,18833.85,106725.15
7295,2025-03-28,서울,생활용품,6,92483,0.15,5.0,53.0,554898,83234.7,471663.3
7296,2025-05-23,부산,생활용품,7,146785,0.15,3.0,39.0,1027495,154124.25,873370.75
7297,2025-04-10,대구,생활용품,3,124808,0.0,3.0,18.0,374424,0.0,374424.0
7298,2025-04-01,대구,전자제품,1,30317,0.1,4.0,30.0,30317,3031.7,27285.3
7299,2025-06-07,서울,생활용품,1,26470,0.15,3.0,48.0,26470,3970.5,22499.5
7300,2025-11-10,광주,식품,2,43215,0.05,4.0,68.0,86430,4321.5,82108.5
7301,2025-10-06,부산,의류,1,111312,0.25,2.0,19.0,111312,27828.0,83484.0
7302,2025-04-19,부산,생활용품,5,6192,0.3,3.0,26.0,30960,9288.0,21672.0
7303,2025-12-11,광주,식품,5,107137,0.3,5.0,36.0,535685,160705.5,374979.5
7304,2025-03-18,제주,식품,6,89132,0.2,5.0,59.0,534792,106958.4,427833.6
7305,2025-11-29,제주,전자제품,3,100688,0.2,1.0,68.0,302064,60412.8,241651.2
7306,2025-04-23,제주,전자제품,6,129816,0.05,1.0,27.0,778896,38944.8,739951.2
7307,2025-07-17,대구,전자제품,2,90703,0.1,3.0,48.0,181406,18140.6,163265.4
7308,2025-03-16,서울,식품,2,95177,0.0,1.0,69.0,190354,0.0,190354.0
7309,2025-10-06,부산,생활용품,7,74627,0.15,4.0,70.0,522389,78358.35,444030.65
7310,2025-04-26,부산,식품,7,99483,0.25,3.0,59.0,696381,174095.25,522285.75
7311,2025-11-15,부산,의류,5,60144,0.2,5.0,59.0,300720,60144.0,240576.0
7312,2025-01-31,부산,전자제품,5,14616,0.0,1.0,32.0,73080,0.0,73080.0
7313,2025-07-03,서울,의류,5,8662,0.15,1.0,34.0,43310,6496.5,36813.5
7314,2025-02-27,서울,생활용품,6,108647,0.3,2.0,70.0,651882,195564.6,456317.4
7315,2025-11-21,광주,식품,2,97425,0.0,1.0,51.0,194850,0.0,194850.0
7316,2025-06-02,대구,식품,1,64306,0.15,1.0,24.0,64306,9645.9,54660.1
7317,2025-09-04,서울,생활용품,2,113211,0.05,4.0,21.0,226422,11321.1,215100.9
7318,2025-11-18,대구,의류,3,73688,0.3,4.0,63.0,221064,66319.2,154744.8
7319,2025-07-15,제주,식품,2,41955,0.15,4.0,24.0,83910,12586.5,71323.5
7320,2025-01-21,대구,전자제품,4,89827,0.25,3.0,55.0,359308,89827.0,269481.0
7321,2025-03-22,부산,생활용품,1,59805,0.15,2.0,35.0,59805,8970.75,50834.25
7322,2025-03-19,부산,의류,5,146428,0.3,5.0,27.0,732140,219642.0,512498.0
7323,2025-11-30,부산,전자제품,5,109577,0.1,5.0,24.0,547885,54788.5,493096.5
7324,2025-11-28,부산,의류,1,113487,0.25,2.0,46.0,113487,28371.75,85115.25
7325,2025-06-24,제주,생활용품,3,104746,0.15,5.0,60.0,314238,47135.7,267102.3
7326,2025-11-21,제주,생활용품,4,104170,0.2,4.0,18.0,416680,83336.0,333344.0
7327,2025-03-31,부산,전자제품,1,117103,0.2,2.0,55.0,117103,23420.6,93682.4
7328,2025-09-05,제주,식품,5,67624,0.05,2.0,48.0,338120,16906.0,321214.0
7329,2025-05-24,제주,생활용품,6,124155,0.3,3.0,60.0,744930,223479.0,521451.0
7330,2025-03-29,서울,생활용품,3,9995,0.25,1.0,48.0,29985,7496.25,22488.75
7331,2025-04-02,대구,의류,1,101619,0.1,2.0,24.0,101619,10161.9,91457.1
7332,2025-06-03,광주,식품,4,83109,0.2,4.0,39.0,332436,66487.2,265948.8
7333,2025-05-04,대구,생활용품,7,6204,0.2,3.0,70.0,43428,8685.6,34742.4
7334,2025-03-19,대구,의류,3,100828,0.15,1.0,61.0,302484,45372.6,257111.4
7335,2025-05-02,대구,의류,6,5338,0.2,1.0,36.0,32028,6405.6,25622.4
7336,2025-02-16,광주,생활용품,7,107108,0.15,4.0,67.0,749756,112463.4,637292.6
7337,2025-12-20,부산,식품,2,81016,0.25,5.0,18.0,162032,40508.0,121524.0
7338,2025-05-19,대구,의류,5,93143,0.05,4.0,46.0,465715,23285.75,442429.25
7339,2025-02-09,부산,전자제품,1,93437,0.0,1.0,59.0,93437,0.0,93437.0
7340,2025-07-30,제주,의류,4,48553,0.1,4.0,53.0,194212,19421.2,174790.8
7341,2025-11-19,서울,의류,7,95253,0.25,2.0,27.0,666771,166692.75,500078.25
7342,2025-05-12,서울,생활용품,7,37049,0.0,3.0,25.0,259343,0.0,259343.0
7343,2025-11-05,서울,식품,2,115019,0.3,3.0,57.0,230038,69011.4,161026.6
7344,2025-08-11,부산,생활용품,5,18063,0.1,5.0,70.0,90315,9031.5,81283.5
7345,2025-09-27,광주,의류,1,25554,0.05,5.0,58.0,25554,1277.7,24276.3
7346,2025-04-19,제주,전자제품,2,106911,0.15,1.0,63.0,213822,32073.3,181748.7
7347,2025-01-14,대구,전자제품,6,13358,0.25,1.0,66.0,80148,20037.0,60111.0
7348,2025-05-07,서울,전자제품,5,145764,0.3,5.0,68.0,728820,218646.0,510174.0
7349,2025-12-04,부산,식품,3,9483,0.2,2.0,59.0,28449,5689.8,22759.2
7350,2025-10-16,서울,의류,7,81128,0.15,1.0,59.0,567896,85184.4,482711.6
7351,2025-10-14,대구,생활용품,6,147702,0.25,1.0,59.0,886212,221553.0,664659.0
7352,2025-11-17,광주,생활용품,1,102612,0.3,3.0,35.0,102612,30783.6,71828.4
7353,2025-05-17,서울,의류,1,96702,0.25,5.0,46.0,96702,24175.5,72526.5
7354,2025-04-28,광주,식품,5,105428,0.3,5.0,29.0,527140,158142.0,368998.0
7355,2025-12-04,부산,의류,7,107405,0.25,4.0,46.0,751835,187958.75,563876.25
7356,2025-07-28,광주,식품,2,28409,0.0,2.0,45.0,56818,0.0,56818.0
7357,2025-04-19,제주,전자제품,4,49768,0.0,4.0,21.0,199072,0.0,199072.0
7358,2025-04-12,광주,의류,6,32811,0.2,5.0,22.0,196866,39373.2,157492.8
7359,2025-11-17,광주,생활용품,7,35717,0.3,3.0,68.0,250019,75005.7,175013.3
7360,2025-01-20,광주,전자제품,5,35185,0.1,3.0,47.0,175925,17592.5,158332.5
7361,2025-01-23,서울,전자제품,7,97489,0.3,3.0,19.0,682423,204726.9,477696.1
7362,2025-09-27,서울,전자제품,7,140262,0.25,5.0,37.0,981834,245458.5,736375.5
7363,2025-01-01,부산,전자제품,6,86056,0.0,4.0,65.0,516336,0.0,516336.0
7364,2025-03-04,광주,전자제품,5,7259,0.15,1.0,56.0,36295,5444.25,30850.75
7365,2025-12-28,광주,전자제품,7,105384,0.05,5.0,61.0,737688,36884.4,700803.6
7366,2025-06-05,광주,전자제품,1,83470,0.0,3.0,51.0,83470,0.0,83470.0
7367,2025-09-23,부산,식품,1,117695,0.2,3.0,55.0,117695,23539.0,94156.0
7368,2025-06-27,제주,의류,4,59691,0.05,1.0,31.0,238764,11938.2,226825.8
7369,2025-02-03,대구,전자제품,5,67152,0.15,4.0,62.0,335760,50364.0,285396.0
7370,2025-03-09,부산,식품,7,100606,0.2,1.0,56.0,704242,140848.4,563393.6
7371,2025-10-05,광주,생활용품,5,107607,0.15,1.0,30.0,538035,80705.25,457329.75
7372,2025-02-04,서울,전자제품,2,36971,0.0,4.0,34.0,73942,0.0,73942.0
7373,2025-08-06,대구,생활용품,7,90055,0.0,2.0,58.0,630385,0.0,630385.0
7374,2025-05-08,광주,의류,1,144370,0.1,4.0,31.0,144370,14437.0,129933.0
7375,2025-05-16,광주,의류,1,14363,0.0,2.0,53.0,14363,0.0,14363.0
7376,2025-12-14,부산,식품,6,53026,0.3,4.0,40.0,318156,95446.8,222709.2
7377,2025-08-10,서울,식품,7,82389,0.05,4.0,33.0,576723,28836.15,547886.85
7378,2025-08-13,서울,식품,4,139260,0.0,4.0,26.0,557040,0.0,557040.0
7379,2025-05-08,서울,전자제품,1,145386,0.0,4.0,56.0,145386,0.0,145386.0
7380,2025-05-20,제주,식품,1,90434,0.2,4.0,35.0,90434,18086.8,72347.2
7381,2025-09-08,광주,생활용품,7,84291,0.2,2.0,47.0,590037,118007.4,472029.6
7382,2025-01-15,대구,전자제품,2,65097,0.2,3.0,31.0,130194,26038.8,104155.2
7383,2025-03-28,대구,의류,5,69584,0.1,1.0,25.0,347920,34792.0,313128.0
7384,2025-08-08,부산,의류,3,111414,0.1,2.0,19.0,334242,33424.2,300817.8
7385,2025-08-16,서울,전자제품,2,83933,0.2,3.0,67.0,167866,33573.2,134292.8
7386,2025-02-03,서울,전자제품,5,85194,0.0,4.0,33.0,425970,0.0,425970.0
7387,2025-10-15,광주,의류,6,127365,0.1,5.0,48.0,764190,76419.0,687771.0
7388,2025-07-18,서울,전자제품,4,25094,0.0,4.0,42.0,100376,0.0,100376.0
7389,2025-03-28,서울,생활용품,4,143854,0.1,1.0,37.0,575416,57541.6,517874.4
7390,2025-10-02,광주,전자제품,4,107151,0.3,2.0,61.0,428604,128581.2,300022.8
7391,2025-12-28,대구,전자제품,5,90068,0.25,3.0,66.0,450340,112585.0,337755.0
7392,2025-06-04,대구,식품,6,89027,0.2,3.0,27.0,534162,106832.4,427329.6
7393,2025-04-14,부산,식품,5,88621,0.2,5.0,19.0,443105,88621.0,354484.0
7394,2025-04-20,서울,전자제품,2,87019,0.1,1.0,35.0,174038,17403.8,156634.2
7395,2025-08-05,대구,의류,2,55840,0.2,3.0,23.0,111680,22336.0,89344.0
7396,2025-01-18,부산,식품,5,112031,0.25,4.0,19.0,560155,140038.75,420116.25
7397,2025-06-26,대구,의류,5,41636,0.15,3.0,60.0,208180,31227.0,176953.0
7398,2025-01-10,서울,전자제품,3,99755,0.0,2.0,21.0,299265,0.0,299265.0
7399,2025-01-15,부산,전자제품,6,81337,0.2,1.0,21.0,488022,97604.4,390417.6
7400,2025-06-06,서울,전자제품,3,58105,0.0,4.0,36.0,174315,0.0,174315.0
7401,2025-09-30,대구,전자제품,3,121566,0.1,4.0,48.0,364698,36469.8,328228.2
7402,2025-11-19,부산,생활용품,4,51181,0.05,4.0,44.0,204724,10236.2,194487.8
7403,2025-02-01,부산,식품,2,100635,0.0,5.0,57.0,201270,0.0,201270.0
7404,2025-03-31,대구,식품,5,41368,0.25,5.0,57.0,206840,51710.0,155130.0
7405,2025-06-03,대구,의류,7,34076,0.2,1.0,18.0,238532,47706.4,190825.6
7406,2025-07-29,부산,전자제품,7,88396,0.1,3.0,58.0,618772,61877.2,556894.8
7407,2025-12-27,광주,의류,4,146482,0.1,2.0,20.0,585928,58592.8,527335.2
7408,2025-09-07,부산,의류,2,48484,0.2,5.0,66.0,96968,19393.6,77574.4
7409,2025-07-16,부산,생활용품,4,21597,0.15,1.0,34.0,86388,12958.2,73429.8
7410,2025-01-23,대구,전자제품,1,22460,0.05,4.0,66.0,22460,1123.0,21337.0
7411,2025-01-30,서울,전자제품,5,76312,0.15,2.0,70.0,381560,57234.0,324326.0
7412,2025-02-25,대구,생활용품,4,118491,0.25,1.0,23.0,473964,118491.0,355473.0
7413,2025-08-30,대구,식품,1,108276,0.15,3.0,38.0,108276,16241.4,92034.6
7414,2025-05-01,서울,전자제품,4,35324,0.25,2.0,23.0,141296,35324.0,105972.0
7415,2025-03-29,대구,의류,6,126065,0.15,4.0,69.0,756390,113458.5,642931.5
7416,2025-09-02,서울,식품,2,28907,0.1,2.0,44.0,57814,5781.4,52032.6
7417,2025-10-25,광주,생활용품,3,86089,0.25,1.0,62.0,258267,64566.75,193700.25
7418,2025-06-10,서울,생활용품,7,128105,0.05,1.0,49.0,896735,44836.75,851898.25
7419,2025-11-18,서울,의류,5,122141,0.2,1.0,62.0,610705,122141.0,488564.0
7420,2025-09-25,부산,전자제품,6,106809,0.2,3.0,49.0,640854,128170.8,512683.2
7421,2025-09-19,광주,의류,4,52999,0.05,2.0,20.0,211996,10599.8,201396.2
7422,2025-11-13,광주,전자제품,4,116093,0.05,1.0,43.0,464372,23218.6,441153.4
7423,2025-03-09,대구,생활용품,4,61063,0.0,2.0,52.0,244252,0.0,244252.0
7424,2025-10-04,서울,의류,4,55802,0.05,5.0,70.0,223208,11160.4,212047.6
7425,2025-12-16,부산,식품,2,82243,0.0,5.0,62.0,164486,0.0,164486.0
7426,2025-12-29,광주,생활용품,1,94528,0.2,,44.0,94528,18905.6,75622.4
7427,2025-07-30,서울,의류,6,35325,0.0,3.0,60.0,211950,0.0,211950.0
7428,2025-10-03,광주,식품,4,140169,0.15,1.0,67.0,560676,84101.4,476574.6
7429,2025-11-21,부산,전자제품,4,130710,0.0,3.0,64.0,522840,0.0,522840.0
7430,2025-11-08,서울,의류,5,45991,0.25,4.0,70.0,229955,57488.75,172466.25
7431,2025-11-24,광주,식품,3,40050,0.2,1.0,37.0,120150,24030.0,96120.0
7432,2025-10-31,서울,전자제품,7,14999,0.1,5.0,41.0,104993,10499.3,94493.7
7433,2025-05-20,부산,전자제품,4,63887,0.25,5.0,18.0,255548,63887.0,191661.0
7434,2025-09-24,서울,의류,4,29777,0.05,5.0,25.0,119108,5955.4,113152.6
7435,2025-05-30,대구,생활용품,4,139912,0.2,2.0,61.0,559648,111929.6,447718.4
7436,2025-10-20,서울,식품,2,135133,0.2,5.0,35.0,270266,54053.2,216212.8
7437,2025-10-23,서울,전자제품,2,125149,0.15,1.0,41.0,250298,37544.7,212753.3
7438,2025-12-08,대구,의류,2,45822,0.2,5.0,37.0,91644,18328.8,73315.2
7439,2025-08-03,제주,전자제품,2,105055,0.3,1.0,67.0,210110,63033.0,147077.0
7440,2025-06-23,서울,전자제품,2,76232,0.1,2.0,65.0,152464,15246.4,137217.6
7441,2025-03-02,대구,의류,2,44631,0.05,5.0,57.0,89262,4463.1,84798.9
7442,2025-08-21,제주,의류,7,82513,0.15,3.0,68.0,577591,86638.65,490952.35
7443,2025-07-26,부산,전자제품,3,28971,0.15,2.0,46.0,86913,13036.95,73876.05
7444,2025-07-07,대구,전자제품,6,144202,0.0,2.0,26.0,865212,0.0,865212.0
7445,2025-09-04,제주,전자제품,3,28755,0.3,2.0,51.0,86265,25879.5,60385.5
7446,2025-11-07,광주,의류,6,48714,0.15,5.0,19.0,292284,43842.6,248441.4
7447,2025-02-24,부산,의류,6,37105,0.3,3.0,40.0,222630,66789.0,155841.0
7448,2025-06-07,광주,의류,6,80602,0.3,1.0,62.0,483612,145083.6,338528.4
7449,2025-09-21,광주,전자제품,3,102448,0.0,1.0,27.0,307344,0.0,307344.0
7450,2025-10-27,대구,생활용품,1,143928,0.0,3.0,47.0,143928,0.0,143928.0
7451,2025-10-12,대구,전자제품,3,61354,0.05,1.0,59.0,184062,9203.1,174858.9
7452,2025-10-19,제주,생활용품,5,34195,0.15,2.0,57.0,170975,25646.25,145328.75
7453,2025-11-09,제주,생활용품,5,8139,0.1,4.0,49.0,40695,4069.5,36625.5
7454,2025-12-18,제주,식품,5,91693,0.0,5.0,35.0,458465,0.0,458465.0
7455,2025-08-10,광주,생활용품,7,146964,0.15,1.0,30.0,1028748,154312.2,874435.8
7456,2025-04-01,부산,의류,2,14223,0.1,2.0,26.0,28446,2844.6,25601.4
7457,2025-07-25,서울,생활용품,4,149443,0.25,2.0,57.0,597772,149443.0,448329.0
7458,2025-09-17,서울,전자제품,4,43131,0.25,5.0,32.0,172524,43131.0,129393.0
7459,2025-02-06,제주,전자제품,2,136719,0.25,4.0,52.0,273438,68359.5,205078.5
7460,2025-10-04,부산,생활용품,5,0,0.15,5.0,20.0,0,0.0,0.0
7461,2025-07-18,서울,생활용품,1,134302,0.2,4.0,33.0,134302,26860.4,107441.6
7462,2025-12-08,부산,의류,7,52872,0.0,1.0,38.0,370104,0.0,370104.0
7463,2025-03-19,서울,식품,1,44850,0.25,5.0,58.0,44850,11212.5,33637.5
7464,2025-11-28,대구,식품,1,34933,0.15,4.0,23.0,34933,5239.95,29693.05
7465,2025-06-13,대구,식품,2,24378,0.0,4.0,42.0,48756,0.0,48756.0
7466,2025-07-29,부산,식품,7,120771,0.0,2.0,42.0,845397,0.0,845397.0
7467,2025-08-29,광주,의류,7,15056,0.1,4.0,35.0,105392,10539.2,94852.8
7468,2025-07-31,대구,생활용품,7,72192,0.1,3.0,60.0,505344,50534.4,454809.6
7469,2025-11-26,제주,식품,6,142547,0.05,2.0,69.0,855282,42764.1,812517.9
7470,2025-03-03,광주,생활용품,7,63725,0.25,2.0,20.0,446075,111518.75,334556.25
7471,2025-09-24,서울,전자제품,4,124927,0.15,4.0,67.0,499708,74956.2,424751.8
7472,2025-12-22,부산,생활용품,1,105387,0.05,4.0,65.0,105387,5269.35,100117.65
7473,2025-03-22,광주,의류,4,120325,0.2,2.0,62.0,481300,96260.0,385040.0
7474,2025-04-04,대구,의류,2,142344,0.15,2.0,24.0,284688,42703.2,241984.8
7475,2025-06-23,광주,식품,2,19191,0.25,2.0,38.0,38382,9595.5,28786.5
7476,2025-09-22,부산,식품,5,48724,0.15,4.0,52.0,243620,36543.0,207077.0
7477,2025-12-17,서울,식품,2,51611,0.25,2.0,28.0,103222,25805.5,77416.5
7478,2025-10-18,광주,생활용품,3,14678,0.25,4.0,30.0,44034,11008.5,33025.5
7479,2025-10-17,광주,전자제품,3,20401,0.0,2.0,47.0,61203,0.0,61203.0
7480,2025-06-11,광주,의류,1,20918,0.0,2.0,62.0,20918,0.0,20918.0
7481,2025-08-24,대구,생활용품,5,142702,0.25,1.0,26.0,713510,178377.5,535132.5
7482,2025-03-19,서울,의류,6,129297,0.15,1.0,18.0,775782,116367.3,659414.7
7483,2025-06-19,광주,의류,4,90323,0.05,1.0,70.0,361292,18064.6,343227.4
7484,2025-03-10,광주,의류,1,127649,0.0,1.0,40.0,127649,0.0,127649.0
7485,2025-01-10,광주,의류,6,54860,0.3,5.0,22.0,329160,98748.0,230412.0
7486,2025-11-09,서울,의류,4,73928,0.0,2.0,68.0,295712,0.0,295712.0
7487,2025-10-21,광주,생활용품,2,133111,0.15,3.0,32.0,266222,39933.3,226288.7
7488,2025-07-06,광주,의류,7,26408,0.05,5.0,23.0,184856,9242.8,175613.2
7489,2025-01-06,제주,생활용품,7,26207,0.1,3.0,53.0,183449,18344.9,165104.1
7490,2025-02-02,대구,의류,4,81341,0.25,2.0,58.0,325364,81341.0,244023.0
7491,2025-02-10,광주,생활용품,4,41643,0.15,4.0,24.0,166572,24985.8,141586.2
7492,2025-09-19,대구,생활용품,7,101921,0.0,4.0,56.0,713447,0.0,713447.0
7493,2025-03-16,광주,전자제품,2,97207,0.0,1.0,38.0,194414,0.0,194414.0
7494,2025-04-02,광주,생활용품,3,53174,0.3,5.0,34.0,159522,47856.6,111665.4
7495,2025-11-11,광주,의류,4,21797,0.05,1.0,53.0,87188,4359.4,82828.6
7496,2025-11-16,제주,식품,3,16965,0.1,2.0,21.0,50895,5089.5,45805.5
7497,2025-10-06,서울,생활용품,3,69224,0.25,5.0,26.0,207672,51918.0,155754.0
7498,2025-04-23,광주,전자제품,1,51681,0.25,3.0,62.0,51681,12920.25,38760.75
7499,2025-07-31,광주,의류,2,9916,0.05,3.0,70.0,19832,991.6,18840.4
7500,2025-03-15,대구,의류,3,105133,0.05,,65.0,315399,15769.95,299629.05
7501,2025-11-10,대구,생활용품,6,143799,0.15,3.0,59.0,862794,129419.1,733374.9
7502,2025-01-31,광주,의류,3,146864,0.1,4.0,24.0,440592,44059.2,396532.8
7503,2025-09-29,대구,의류,2,22079,0.2,3.0,34.0,44158,8831.6,35326.4
7504,2025-07-06,대구,의류,6,32563,0.25,1.0,62.0,195378,48844.5,146533.5
7505,2025-10-04,제주,의류,3,67639,0.05,2.0,55.0,202917,10145.85,192771.15
7506,2025-06-14,광주,생활용품,7,137611,0.1,4.0,62.0,963277,96327.7,866949.3
7507,2025-02-27,부산,생활용품,1,88312,0.25,2.0,39.0,88312,22078.0,66234.0
7508,2025-10-02,제주,전자제품,1,71210,0.15,5.0,48.0,71210,10681.5,60528.5
7509,2025-08-19,부산,의류,7,139231,0.15,5.0,57.0,974617,146192.55,828424.45
7510,2025-06-19,서울,식품,1,101167,0.25,4.0,59.0,101167,25291.75,75875.25
7511,2025-05-17,제주,전자제품,1,147806,0.2,1.0,56.0,147806,29561.2,118244.8
7512,2025-05-06,부산,생활용품,5,130237,0.2,4.0,20.0,651185,130237.0,520948.0
7513,2025-06-25,부산,생활용품,3,0,0.15,5.0,28.0,0,0.0,0.0
7514,2025-04-06,부산,생활용품,4,85832,0.25,4.0,44.0,343328,85832.0,257496.0
7515,2025-04-14,대구,식품,3,59307,0.0,4.0,55.0,177921,0.0,177921.0
7516,2025-04-12,서울,식품,3,13911,0.0,4.0,69.0,41733,0.0,41733.0
7517,2025-01-05,서울,생활용품,4,110834,0.2,3.0,33.0,443336,88667.2,354668.8
7518,2025-12-05,부산,전자제품,2,43538,0.2,2.0,59.0,87076,17415.2,69660.8
7519,2025-03-28,부산,전자제품,2,6591,0.05,3.0,53.0,13182,659.1,12522.9
7520,2025-03-02,서울,식품,2,121422,0.2,5.0,32.0,242844,48568.8,194275.2
7521,2025-02-25,제주,의류,1,66497,0.0,1.0,27.0,66497,0.0,66497.0
7522,2025-12-27,대구,식품,4,85169,0.2,1.0,51.0,340676,68135.2,272540.8
7523,2025-06-24,서울,전자제품,4,118680,0.1,5.0,35.0,474720,47472.0,427248.0
7524,2025-04-30,서울,의류,1,52716,0.2,5.0,29.0,52716,10543.2,42172.8
7525,2025-05-28,제주,생활용품,4,123429,0.1,3.0,29.0,493716,49371.6,444344.4
7526,2025-02-02,부산,식품,6,89579,0.25,2.0,29.0,537474,134368.5,403105.5
7527,2025-04-25,서울,식품,1,87304,0.0,1.0,22.0,87304,0.0,87304.0
7528,2025-04-01,광주,식품,3,43942,0.25,4.0,28.0,131826,32956.5,98869.5
7529,2025-10-21,제주,식품,7,119377,0.15,3.0,69.0,835639,125345.85,710293.15
7530,2025-01-22,부산,의류,3,39946,0.05,5.0,28.0,119838,5991.9,113846.1
7531,2025-06-05,광주,식품,1,94772,0.3,2.0,39.0,94772,28431.6,66340.4
7532,2025-10-16,대구,의류,4,125117,0.0,4.0,44.0,500468,0.0,500468.0
7533,2025-11-01,서울,전자제품,3,21887,0.15,5.0,55.0,65661,9849.15,55811.85
7534,2025-07-07,광주,의류,2,63010,0.0,1.0,34.0,126020,0.0,126020.0
7535,2025-03-23,제주,전자제품,1,103249,0.3,4.0,61.0,103249,30974.7,72274.3
7536,2025-05-04,제주,식품,7,44728,0.05,4.0,59.0,313096,15654.8,297441.2
7537,2025-03-23,서울,생활용품,6,9048,0.05,3.0,44.0,54288,2714.4,51573.6
7538,2025-08-30,대구,식품,5,64330,0.2,2.0,65.0,321650,64330.0,257320.0
7539,2025-04-17,광주,의류,1,77029,0.3,1.0,36.0,77029,23108.7,53920.3
7540,2025-08-19,서울,식품,7,138492,0.1,1.0,43.0,969444,96944.4,872499.6
7541,2025-08-28,제주,생활용품,4,122051,0.05,2.0,49.0,488204,24410.2,463793.8
7542,2025-12-10,서울,생활용품,4,31214,0.1,3.0,28.0,124856,12485.6,112370.4
7543,2025-05-16,부산,생활용품,7,10000000,0.3,3.0,22.0,70000000,21000000.0,49000000.0
7544,2025-12-17,제주,식품,4,31858,0.3,5.0,70.0,127432,38229.6,89202.4
7545,2025-05-27,대구,식품,2,137064,0.0,4.0,20.0,274128,0.0,274128.0
7546,2025-09-06,광주,의류,2,56296,0.3,5.0,,112592,33777.6,78814.4
7547,2025-08-30,대구,생활용품,7,134220,0.25,4.0,23.0,939540,234885.0,704655.0
7548,2025-10-26,광주,의류,4,13763,0.15,3.0,47.0,55052,8257.8,46794.2
7549,2025-06-21,서울,의류,5,86033,0.05,5.0,32.0,430165,21508.25,408656.75
7550,2025-10-17,광주,생활용품,5,15863,0.15,4.0,29.0,79315,11897.25,67417.75
7551,2025-05-10,서울,생활용품,2,85414,0.25,5.0,63.0,170828,42707.0,128121.0
7552,2025-06-29,서울,식품,3,6591,0.05,2.0,67.0,19773,988.65,18784.35
7553,2025-07-02,대구,전자제품,7,27663,0.1,4.0,64.0,193641,19364.1,174276.9
7554,2025-09-15,대구,식품,2,26197,0.15,2.0,35.0,52394,7859.1,44534.9
7555,2025-08-14,서울,의류,7,107816,0.0,2.0,22.0,754712,0.0,754712.0
7556,2025-01-29,광주,생활용품,2,97856,0.1,4.0,68.0,195712,19571.2,176140.8
7557,2025-10-23,부산,식품,3,85964,0.0,3.0,46.0,257892,0.0,257892.0
7558,2025-10-04,제주,전자제품,1,33481,0.0,4.0,69.0,33481,0.0,33481.0
7559,2025-02-08,서울,식품,5,43541,0.1,4.0,26.0,217705,21770.5,195934.5
7560,2025-12-18,부산,의류,3,59779,0.25,4.0,67.0,179337,44834.25,134502.75
7561,2025-08-30,부산,전자제품,4,146930,0.3,1.0,34.0,587720,176316.0,411404.0
7562,2025-02-01,대구,식품,5,107310,0.15,1.0,60.0,536550,80482.5,456067.5
7563,2025-06-29,대구,식품,5,9580,0.25,2.0,23.0,47900,11975.0,35925.0
7564,2025-11-02,서울,생활용품,7,9614,0.05,2.0,57.0,67298,3364.9,63933.1
7565,2025-04-13,대구,의류,4,55414,0.2,5.0,43.0,221656,44331.2,177324.8
7566,2025-12-07,제주,의류,2,35313,0.2,1.0,68.0,70626,14125.2,56500.8
7567,2025-06-02,서울,의류,5,64020,0.1,3.0,25.0,320100,32010.0,288090.0
7568,2025-03-24,부산,전자제품,1,149404,0.15,4.0,29.0,149404,22410.6,126993.4
7569,2025-05-11,대구,식품,6,33378,0.2,2.0,51.0,200268,40053.6,160214.4
7570,2025-07-11,광주,생활용품,3,91560,0.1,2.0,60.0,274680,27468.0,247212.0
7571,2025-09-09,서울,의류,6,74981,0.2,2.0,65.0,449886,89977.2,359908.8
7572,2025-12-05,부산,의류,2,100697,0.05,3.0,24.0,201394,10069.7,191324.3
7573,2025-03-13,부산,생활용품,3,0,0.15,4.0,18.0,0,0.0,0.0
7574,2025-12-17,광주,의류,5,79827,0.0,3.0,37.0,399135,0.0,399135.0
7575,2025-07-12,서울,의류,5,45025,0.15,5.0,23.0,225125,33768.75,191356.25
7576,2025-02-16,광주,전자제품,1,145055,0.15,1.0,39.0,145055,21758.25,123296.75
7577,2025-12-05,대구,전자제품,1,43778,0.25,2.0,43.0,43778,10944.5,32833.5
7578,2025-05-08,부산,전자제품,7,25923,0.1,2.0,70.0,181461,18146.1,163314.9
7579,2025-08-15,제주,식품,4,18919,0.0,2.0,19.0,75676,0.0,75676.0
7580,2025-09-12,제주,의류,6,14769,0.0,4.0,35.0,88614,0.0,88614.0
7581,2025-01-05,제주,생활용품,1,56195,0.15,1.0,35.0,56195,8429.25,47765.75
7582,2025-03-22,제주,식품,4,123344,0.25,2.0,47.0,493376,123344.0,370032.0
7583,2025-09-08,부산,의류,5,27417,0.3,1.0,34.0,137085,41125.5,95959.5
7584,2025-04-29,제주,생활용품,7,5593,0.25,3.0,51.0,39151,9787.75,29363.25
7585,2025-01-04,서울,의류,5,81843,0.1,5.0,63.0,409215,40921.5,368293.5
7586,2025-01-09,부산,식품,5,86427,0.15,5.0,53.0,432135,64820.25,367314.75
7587,2025-10-29,대구,식품,3,86687,0.3,1.0,53.0,260061,78018.3,182042.7
7588,2025-02-26,광주,의류,7,5204,0.25,1.0,24.0,36428,9107.0,27321.0
7589,2025-02-06,대구,식품,3,34451,0.15,3.0,65.0,103353,15502.95,87850.05
7590,2025-07-25,대구,전자제품,2,55495,0.15,2.0,47.0,110990,16648.5,94341.5
7591,2025-02-13,부산,의류,6,112256,0.0,2.0,26.0,673536,0.0,673536.0
7592,2025-08-27,대구,의류,7,99379,0.05,4.0,51.0,695653,34782.65,660870.35
7593,2025-07-18,대구,식품,6,123112,0.15,2.0,43.0,738672,110800.8,627871.2
7594,2025-08-25,대구,전자제품,2,84362,0.15,3.0,65.0,168724,25308.6,143415.4
7595,2025-06-29,대구,생활용품,6,63506,0.2,1.0,52.0,381036,76207.2,304828.8
7596,2025-10-12,광주,식품,3,86180,0.1,5.0,68.0,258540,25854.0,232686.0
7597,2025-08-24,부산,의류,2,60806,0.05,1.0,69.0,121612,6080.6,115531.4
7598,2025-06-01,서울,전자제품,7,27815,0.15,1.0,30.0,194705,29205.75,165499.25
7599,2025-01-06,부산,식품,7,88495,0.3,3.0,33.0,619465,185839.5,433625.5
7600,2025-04-10,대구,의류,3,47736,0.3,5.0,29.0,143208,42962.4,100245.6
7601,2025-02-17,서울,전자제품,1,43339,0.0,4.0,30.0,43339,0.0,43339.0
7602,2025-01-06,서울,식품,2,107954,0.1,3.0,54.0,215908,21590.8,194317.2
7603,2025-04-10,제주,의류,4,14582,0.15,2.0,68.0,58328,8749.2,49578.8
7604,2025-03-17,부산,생활용품,1,8378,0.05,2.0,43.0,8378,418.9,7959.1
7605,2025-01-29,광주,식품,2,56637,0.1,4.0,60.0,113274,11327.4,101946.6
7606,2025-04-25,서울,전자제품,2,91316,0.0,3.0,57.0,182632,0.0,182632.0
7607,2025-07-04,제주,전자제품,7,126774,0.15,4.0,31.0,887418,133112.7,754305.3
7608,2025-03-07,부산,의류,3,79975,0.3,3.0,62.0,239925,71977.5,167947.5
7609,2025-04-10,부산,의류,3,42506,0.3,2.0,43.0,127518,38255.4,89262.6
7610,2025-01-08,광주,의류,3,54874,0.0,1.0,18.0,164622,0.0,164622.0
7611,2025-01-19,부산,식품,1,59883,0.2,2.0,55.0,59883,11976.6,47906.4
7612,2025-02-27,대구,전자제품,4,53542,0.3,2.0,64.0,214168,64250.4,149917.6
7613,2025-06-15,광주,전자제품,7,101966,0.25,3.0,31.0,713762,178440.5,535321.5
7614,2025-09-01,서울,전자제품,6,120848,0.0,2.0,32.0,725088,0.0,725088.0
7615,2025-10-15,서울,식품,2,107778,0.1,4.0,56.0,215556,21555.6,194000.4
7616,2025-08-18,광주,식품,1,60389,0.25,3.0,69.0,60389,15097.25,45291.75
7617,2025-08-14,부산,전자제품,6,46690,0.3,2.0,31.0,280140,84042.0,196098.0
7618,2025-12-08,제주,의류,6,10000000,0.1,1.0,40.0,60000000,6000000.0,54000000.0
7619,2025-04-04,제주,식품,7,120699,0.05,1.0,53.0,844893,42244.65,802648.35
7620,2025-10-19,제주,생활용품,5,144496,0.05,1.0,63.0,722480,36124.0,686356.0
7621,2025-12-08,제주,식품,4,12947,0.3,2.0,19.0,51788,15536.4,36251.6
7622,2025-07-27,제주,전자제품,6,23903,0.05,2.0,28.0,143418,7170.9,136247.1
7623,2025-11-03,부산,의류,5,36108,0.1,1.0,65.0,180540,18054.0,162486.0
7624,2025-02-20,제주,의류,6,120631,0.0,4.0,45.0,723786,0.0,723786.0
7625,2025-11-17,부산,생활용품,2,36369,0.3,3.0,58.0,72738,21821.4,50916.6
7626,2025-07-25,대구,의류,7,7021,0.0,5.0,21.0,49147,0.0,49147.0
7627,2025-03-22,서울,식품,1,53702,0.15,5.0,22.0,53702,8055.3,45646.7
7628,2025-01-23,제주,의류,1,57838,0.05,1.0,56.0,57838,2891.9,54946.1
7629,2025-09-20,대구,생활용품,5,62310,0.1,4.0,37.0,311550,31155.0,280395.0
7630,2025-06-07,제주,의류,5,79701,0.2,5.0,67.0,398505,79701.0,318804.0
7631,2025-04-24,부산,생활용품,4,40075,0.2,5.0,40.0,160300,32060.0,128240.0
7632,2025-05-23,부산,생활용품,7,9318,0.15,4.0,62.0,65226,9783.9,55442.1
7633,2025-12-28,대구,생활용품,7,20559,0.1,1.0,46.0,143913,14391.3,129521.7
7634,2025-06-06,제주,의류,6,111443,0.05,5.0,54.0,668658,33432.9,635225.1
7635,2025-01-29,대구,식품,2,100662,0.25,5.0,52.0,201324,50331.0,150993.0
7636,2025-04-13,광주,생활용품,1,42784,0.2,3.0,24.0,42784,8556.8,34227.2
7637,2025-02-23,부산,생활용품,1,141414,0.2,5.0,60.0,141414,28282.8,113131.2
7638,2025-09-08,광주,식품,5,83469,0.25,3.0,70.0,417345,104336.25,313008.75
7639,2025-10-20,광주,전자제품,5,120559,0.05,3.0,38.0,602795,30139.75,572655.25
7640,2025-11-03,제주,생활용품,6,119888,0.3,4.0,36.0,719328,215798.4,503529.6
7641,2025-08-20,서울,전자제품,1,48520,0.3,4.0,49.0,48520,14556.0,33964.0
7642,2025-10-08,부산,생활용품,2,90712,0.15,3.0,51.0,181424,27213.6,154210.4
7643,2025-06-02,서울,전자제품,3,90997,0.05,4.0,38.0,272991,13649.55,259341.45
7644,2025-08-18,대구,생활용품,5,71064,0.1,5.0,32.0,355320,35532.0,319788.0
7645,2025-02-09,광주,의류,1,97123,0.1,4.0,69.0,97123,9712.3,87410.7
7646,2025-07-16,광주,식품,6,53736,0.3,5.0,61.0,322416,96724.8,225691.2
7647,2025-07-23,광주,전자제품,1,19223,0.1,3.0,48.0,19223,1922.3,17300.7
7648,2025-01-12,광주,생활용품,4,11540,0.3,3.0,38.0,46160,13848.0,32312.0
7649,2025-07-20,제주,전자제품,7,69798,0.05,4.0,36.0,488586,24429.3,464156.7
7650,2025-09-21,제주,전자제품,2,137388,0.3,3.0,38.0,274776,82432.8,192343.2
7651,2025-05-15,대구,생활용품,5,36081,0.3,1.0,49.0,180405,54121.5,126283.5
7652,2025-07-18,제주,의류,4,90830,0.2,3.0,18.0,363320,72664.0,290656.0
7653,2025-04-15,서울,전자제품,6,28794,0.0,1.0,52.0,172764,0.0,172764.0
7654,2025-04-09,광주,식품,5,96573,0.2,4.0,48.0,482865,96573.0,386292.0
7655,2025-02-17,대구,의류,6,31690,0.3,4.0,25.0,190140,57042.0,133098.0
7656,2025-04-30,제주,의류,3,68874,0.3,4.0,31.0,206622,61986.6,144635.4
7657,2025-10-21,대구,식품,2,122200,0.15,5.0,32.0,244400,36660.0,207740.0
7658,2025-12-08,서울,식품,5,59043,0.15,4.0,66.0,295215,44282.25,250932.75
7659,2025-08-21,광주,전자제품,7,140455,0.1,2.0,67.0,983185,98318.5,884866.5
7660,2025-08-16,제주,전자제품,4,11764,0.05,1.0,59.0,47056,2352.8,44703.2
7661,2025-08-13,서울,생활용품,6,17166,0.2,1.0,54.0,102996,20599.2,82396.8
7662,2025-06-23,서울,전자제품,7,29503,0.3,5.0,68.0,206521,61956.3,144564.7
7663,2025-06-04,광주,생활용품,5,40353,0.05,4.0,56.0,201765,10088.25,191676.75
7664,2025-08-15,대구,전자제품,6,66704,0.25,2.0,38.0,400224,100056.0,300168.0
7665,2025-10-14,대구,생활용품,4,137513,0.0,5.0,36.0,550052,0.0,550052.0
7666,2025-06-01,서울,식품,6,40047,0.0,2.0,53.0,240282,0.0,240282.0
7667,2025-07-26,대구,생활용품,3,56757,0.3,4.0,39.0,170271,51081.3,119189.7
7668,2025-06-21,대구,생활용품,4,11444,0.0,2.0,41.0,45776,0.0,45776.0
7669,2025-04-15,제주,식품,1,108610,0.1,4.0,69.0,108610,10861.0,97749.0
7670,2025-04-16,부산,의류,2,84172,0.3,1.0,66.0,168344,50503.2,117840.8
7671,2025-01-29,부산,식품,5,11534,0.1,4.0,50.0,57670,5767.0,51903.0
7672,2025-06-10,서울,생활용품,6,72296,0.1,3.0,35.0,433776,43377.6,390398.4
7673,2025-09-18,대구,생활용품,1,36679,0.0,3.0,41.0,36679,0.0,36679.0
7674,2025-09-08,광주,생활용품,1,66099,0.2,1.0,35.0,66099,13219.8,52879.2
7675,2025-12-26,부산,의류,1,46210,0.1,2.0,40.0,46210,4621.0,41589.0
7676,2025-01-15,광주,식품,4,118714,0.0,1.0,37.0,474856,0.0,474856.0
7677,2025-10-05,제주,전자제품,3,13331,0.15,4.0,41.0,39993,5998.95,33994.05
7678,2025-10-18,서울,의류,1,91932,0.05,1.0,44.0,91932,4596.6,87335.4
7679,2025-06-09,대구,전자제품,6,120007,0.25,5.0,52.0,720042,180010.5,540031.5
7680,2025-04-14,광주,의류,4,5205,0.25,1.0,65.0,20820,5205.0,15615.0
7681,2025-05-11,서울,생활용품,1,136144,0.3,3.0,46.0,136144,40843.2,95300.8
7682,2025-09-07,서울,전자제품,5,115477,0.3,5.0,28.0,577385,173215.5,404169.5
7683,2025-11-11,부산,생활용품,7,45499,0.25,3.0,27.0,318493,79623.25,238869.75
7684,2025-08-23,서울,의류,3,74975,0.15,3.0,52.0,224925,33738.75,191186.25
7685,2025-07-07,부산,전자제품,7,103735,0.05,5.0,70.0,726145,36307.25,689837.75
7686,2025-08-27,서울,의류,3,79938,0.0,1.0,34.0,239814,0.0,239814.0
7687,2025-01-26,제주,전자제품,1,114693,0.0,3.0,22.0,114693,0.0,114693.0
7688,2025-08-10,대구,의류,1,133988,0.05,3.0,22.0,133988,6699.4,127288.6
7689,2025-01-16,부산,의류,1,56914,0.3,4.0,32.0,56914,17074.2,39839.8
7690,2025-12-17,광주,의류,3,20836,0.05,4.0,68.0,62508,3125.4,59382.6
7691,2025-11-21,서울,식품,3,67558,0.0,3.0,59.0,202674,0.0,202674.0
7692,2025-07-05,대구,전자제품,4,91914,0.3,3.0,59.0,367656,110296.8,257359.2
7693,2025-05-17,광주,식품,4,117381,0.15,2.0,35.0,469524,70428.6,399095.4
7694,2025-09-25,제주,생활용품,7,45913,0.1,2.0,68.0,321391,32139.1,289251.9
7695,2025-08-21,부산,생활용품,1,139587,0.1,5.0,39.0,139587,13958.7,125628.3
7696,2025-09-15,대구,전자제품,7,10323,0.3,4.0,39.0,72261,21678.3,50582.7
7697,2025-07-08,광주,식품,2,89185,0.1,4.0,67.0,178370,17837.0,160533.0
7698,2025-03-28,광주,생활용품,7,68420,0.3,1.0,58.0,478940,143682.0,335258.0
7699,2025-01-27,서울,식품,1,105753,0.3,2.0,33.0,105753,31725.9,74027.1
7700,2025-04-14,제주,전자제품,1,46124,0.15,2.0,52.0,46124,6918.6,39205.4
7701,2025-07-13,부산,생활용품,1,140133,0.2,5.0,36.0,140133,28026.6,112106.4
7702,2025-06-04,부산,식품,3,5216,0.0,5.0,50.0,15648,0.0,15648.0
7703,2025-07-04,서울,의류,7,123273,0.25,2.0,25.0,862911,215727.75,647183.25
7704,2025-04-12,서울,식품,4,76477,0.3,3.0,20.0,305908,91772.4,214135.6
7705,2025-12-09,부산,의류,2,79809,0.05,4.0,69.0,159618,7980.9,151637.1
7706,2025-05-14,서울,식품,5,50113,0.0,1.0,21.0,250565,0.0,250565.0
7707,2025-11-05,광주,의류,4,61804,0.0,3.0,39.0,247216,0.0,247216.0
7708,2025-05-23,대구,식품,5,67948,0.25,2.0,28.0,339740,84935.0,254805.0
7709,2025-06-11,부산,의류,6,50106,0.05,3.0,18.0,300636,15031.8,285604.2
7710,2025-08-09,대구,전자제품,6,6701,0.1,4.0,57.0,40206,4020.6,36185.4
7711,2025-04-07,광주,전자제품,2,63071,0.1,4.0,33.0,126142,12614.2,113527.8
7712,2025-03-22,서울,의류,4,63258,0.1,1.0,60.0,253032,25303.2,227728.8
7713,2025-05-19,부산,전자제품,5,109680,0.05,2.0,47.0,548400,27420.0,520980.0
7714,2025-10-21,제주,생활용품,4,73209,0.1,2.0,52.0,292836,29283.6,263552.4
7715,2025-02-22,서울,생활용품,7,84680,0.3,4.0,53.0,592760,177828.0,414932.0
7716,2025-06-09,제주,식품,7,72573,0.1,2.0,28.0,508011,50801.1,457209.9
7717,2025-09-03,제주,식품,6,66483,0.25,,42.0,398898,99724.5,299173.5
7718,2025-09-15,부산,의류,2,108955,0.2,2.0,59.0,217910,43582.0,174328.0
7719,2025-06-08,부산,전자제품,4,102965,0.25,2.0,30.0,411860,102965.0,308895.0
7720,2025-01-30,부산,생활용품,6,148737,0.2,3.0,24.0,892422,178484.4,713937.6
7721,2025-01-06,대구,전자제품,2,77038,0.1,2.0,39.0,154076,15407.6,138668.4
7722,2025-06-21,부산,식품,5,9040,0.05,1.0,65.0,45200,2260.0,42940.0
7723,2025-10-23,광주,전자제품,2,89867,0.05,1.0,35.0,179734,8986.7,170747.3
7724,2025-01-11,부산,생활용품,1,62424,0.15,3.0,38.0,62424,9363.6,53060.4
7725,2025-11-20,제주,전자제품,2,18891,0.1,1.0,24.0,37782,3778.2,34003.8
7726,2025-09-04,제주,식품,7,129224,0.1,1.0,56.0,904568,90456.8,814111.2
7727,2025-01-03,대구,생활용품,7,96777,0.1,5.0,35.0,677439,67743.9,609695.1
7728,2025-05-06,대구,식품,6,95726,0.3,5.0,26.0,574356,172306.8,402049.2
7729,2025-03-22,서울,전자제품,2,97277,0.2,3.0,23.0,194554,38910.8,155643.2
7730,2025-12-13,서울,전자제품,6,147623,0.3,4.0,34.0,885738,265721.4,620016.6
7731,2025-07-22,대구,의류,2,104772,0.3,1.0,28.0,209544,62863.2,146680.8
7732,2025-04-29,대구,전자제품,1,108446,0.2,1.0,44.0,108446,21689.2,86756.8
7733,2025-04-12,부산,식품,2,113898,0.0,1.0,40.0,227796,0.0,227796.0
7734,2025-07-25,서울,의류,1,110016,0.3,1.0,44.0,110016,33004.8,77011.2
7735,2025-01-02,제주,식품,5,107090,0.15,1.0,37.0,535450,80317.5,455132.5
7736,2025-04-04,대구,생활용품,5,16032,0.1,4.0,23.0,80160,8016.0,72144.0
7737,2025-03-02,대구,의류,1,63350,0.1,4.0,59.0,63350,6335.0,57015.0
7738,2025-08-15,대구,전자제품,1,44912,0.0,4.0,47.0,44912,0.0,44912.0
7739,2025-09-02,대구,생활용품,4,134150,0.2,2.0,27.0,536600,107320.0,429280.0
7740,2025-06-20,광주,생활용품,1,89652,0.0,2.0,21.0,89652,0.0,89652.0
7741,2025-02-21,광주,전자제품,6,0,0.25,2.0,67.0,0,0.0,0.0
7742,2025-05-16,대구,식품,3,80747,0.25,1.0,66.0,242241,60560.25,181680.75
7743,2025-11-04,서울,식품,3,103929,0.1,3.0,28.0,311787,31178.7,280608.3
7744,2025-03-16,제주,식품,1,115576,0.1,3.0,40.0,115576,11557.6,104018.4
7745,2025-03-01,부산,식품,5,34231,0.2,2.0,48.0,171155,34231.0,136924.0
7746,2025-02-10,서울,생활용품,6,149081,0.3,2.0,41.0,894486,268345.8,626140.2
7747,2025-10-26,서울,의류,6,115477,0.0,3.0,62.0,692862,0.0,692862.0
7748,2025-02-13,광주,생활용품,4,34986,0.15,1.0,48.0,139944,20991.6,118952.4
7749,2025-08-01,부산,식품,2,92852,0.1,3.0,32.0,185704,18570.4,167133.6
7750,2025-12-31,서울,의류,1,67118,0.0,2.0,59.0,67118,0.0,67118.0
7751,2025-08-23,제주,전자제품,3,59618,0.0,4.0,64.0,178854,0.0,178854.0
7752,2025-05-31,부산,식품,4,130692,0.15,4.0,21.0,522768,78415.2,444352.8
7753,2025-03-17,제주,의류,1,46417,0.25,2.0,63.0,46417,11604.25,34812.75
7754,2025-01-01,제주,전자제품,1,126532,0.2,2.0,55.0,126532,25306.4,101225.6
7755,2025-02-26,서울,생활용품,2,97340,0.05,3.0,66.0,194680,9734.0,184946.0
7756,2025-12-14,광주,식품,1,123493,0.15,1.0,66.0,123493,18523.95,104969.05
7757,2025-02-22,광주,전자제품,1,113066,0.3,1.0,20.0,113066,33919.8,79146.2
7758,2025-01-08,서울,생활용품,4,94957,0.25,1.0,41.0,379828,94957.0,284871.0
7759,2025-10-25,부산,전자제품,6,32616,0.0,2.0,21.0,195696,0.0,195696.0
7760,2025-06-02,대구,식품,4,149014,0.2,3.0,18.0,596056,119211.2,476844.8
7761,2025-05-11,서울,전자제품,1,98153,0.2,2.0,66.0,98153,19630.6,78522.4
7762,2025-09-19,광주,의류,3,56896,0.1,3.0,31.0,170688,17068.8,153619.2
7763,2025-07-10,부산,생활용품,1,42162,0.1,4.0,21.0,42162,4216.2,37945.8
7764,2025-11-30,제주,전자제품,5,21862,0.25,4.0,,109310,27327.5,81982.5
7765,2025-06-20,제주,식품,2,50780,0.3,3.0,39.0,101560,30468.0,71092.0
7766,2025-09-18,광주,식품,3,24221,0.1,3.0,24.0,72663,7266.3,65396.7
7767,2025-11-17,서울,의류,7,133750,0.3,3.0,31.0,936250,280875.0,655375.0
7768,2025-06-19,서울,식품,5,68175,0.25,3.0,18.0,340875,85218.75,255656.25
7769,2025-04-14,서울,의류,6,95776,0.0,4.0,53.0,574656,0.0,574656.0
7770,2025-12-22,대구,의류,3,121718,0.05,3.0,67.0,365154,18257.7,346896.3
7771,2025-03-24,광주,전자제품,7,144410,0.15,2.0,38.0,1010870,151630.5,859239.5
7772,2025-01-15,서울,의류,6,70663,0.2,5.0,63.0,423978,84795.6,339182.4
7773,2025-07-31,광주,의류,4,12578,0.05,5.0,36.0,50312,2515.6,47796.4
7774,2025-12-27,서울,생활용품,5,93651,0.1,5.0,42.0,468255,46825.5,421429.5
7775,2025-02-01,부산,의류,5,142299,0.0,5.0,29.0,711495,0.0,711495.0
7776,2025-11-07,대구,생활용품,2,56913,0.0,2.0,18.0,113826,0.0,113826.0
7777,2025-10-31,제주,식품,2,19835,0.15,5.0,26.0,39670,5950.5,33719.5
7778,2025-12-06,광주,의류,5,108651,0.2,4.0,48.0,543255,108651.0,434604.0
7779,2025-06-03,대구,생활용품,4,94998,0.15,5.0,23.0,379992,56998.8,322993.2
7780,2025-04-03,서울,전자제품,6,27205,0.1,1.0,61.0,163230,16323.0,146907.0
7781,2025-07-06,부산,의류,4,5522,0.15,1.0,66.0,22088,3313.2,18774.8
7782,2025-02-21,광주,생활용품,1,80417,0.2,1.0,33.0,80417,16083.4,64333.6
7783,2025-11-04,서울,의류,5,26540,0.2,5.0,32.0,132700,26540.0,106160.0
7784,2025-08-31,광주,생활용품,5,31843,0.15,2.0,27.0,159215,23882.25,135332.75
7785,2025-06-26,광주,식품,3,49802,0.0,1.0,39.0,149406,0.0,149406.0
7786,2025-07-08,광주,생활용품,6,72946,0.0,4.0,65.0,437676,0.0,437676.0
7787,2025-09-17,부산,의류,3,123614,0.1,4.0,38.0,370842,37084.2,333757.8
7788,2025-07-10,부산,식품,1,67422,0.05,5.0,58.0,67422,3371.1,64050.9
7789,2025-11-03,서울,전자제품,1,126259,0.15,3.0,35.0,126259,18938.85,107320.15
7790,2025-12-04,부산,전자제품,7,92662,0.2,4.0,41.0,648634,129726.8,518907.2
7791,2025-12-13,대구,식품,3,10000000,0.05,4.0,44.0,30000000,1500000.0,28500000.0
7792,2025-08-15,서울,생활용품,3,78884,0.15,4.0,65.0,236652,35497.8,201154.2
7793,2025-09-29,대구,식품,3,25479,0.05,3.0,44.0,76437,3821.85,72615.15
7794,2025-04-24,부산,식품,6,146483,0.15,1.0,50.0,878898,131834.7,747063.3
7795,2025-01-14,대구,식품,5,48776,0.1,1.0,63.0,243880,24388.0,219492.0
7796,2025-05-27,부산,식품,7,135546,0.0,5.0,68.0,948822,0.0,948822.0
7797,2025-11-15,제주,생활용품,7,98540,0.2,1.0,65.0,689780,137956.0,551824.0
7798,2025-02-18,부산,식품,7,47641,0.1,1.0,23.0,333487,33348.7,300138.3
7799,2025-07-19,제주,식품,3,75570,0.25,5.0,23.0,226710,56677.5,170032.5
7800,2025-03-12,서울,의류,5,22570,0.2,5.0,41.0,112850,22570.0,90280.0
7801,2025-06-06,서울,의류,3,94265,0.05,3.0,36.0,282795,14139.75,268655.25
7802,2025-02-22,서울,식품,5,14389,0.3,1.0,53.0,71945,21583.5,50361.5
7803,2025-09-26,대구,전자제품,6,97667,0.0,3.0,40.0,586002,0.0,586002.0
7804,2025-10-23,제주,의류,2,33709,0.2,1.0,39.0,67418,13483.6,53934.4
7805,2025-10-04,서울,의류,7,23643,0.25,2.0,22.0,165501,41375.25,124125.75
7806,2025-09-15,광주,의류,3,37205,0.15,3.0,36.0,111615,16742.25,94872.75
7807,2025-03-27,광주,의류,7,17952,0.15,5.0,48.0,125664,18849.6,106814.4
7808,2025-07-13,부산,의류,6,133859,0.15,1.0,54.0,803154,120473.1,682680.9
7809,2025-02-08,부산,생활용품,1,140716,0.0,4.0,26.0,140716,0.0,140716.0
7810,2025-05-17,제주,전자제품,3,139102,0.2,1.0,50.0,417306,83461.2,333844.8
7811,2025-07-04,광주,전자제품,3,109146,0.3,3.0,48.0,327438,98231.4,229206.6
7812,2025-09-02,부산,생활용품,6,38418,0.25,4.0,32.0,230508,57627.0,172881.0
7813,2025-02-05,제주,생활용품,6,115038,0.0,1.0,65.0,690228,0.0,690228.0
7814,2025-10-24,대구,식품,1,115016,0.05,4.0,41.0,115016,5750.8,109265.2
7815,2025-06-17,서울,의류,6,39299,0.25,5.0,31.0,235794,58948.5,176845.5
7816,2025-11-18,제주,식품,2,126186,0.2,2.0,55.0,252372,50474.4,201897.6
7817,2025-07-12,제주,생활용품,3,149554,0.1,4.0,27.0,448662,44866.2,403795.8
7818,2025-07-19,대구,식품,2,59739,0.05,3.0,51.0,119478,5973.9,113504.1
7819,2025-09-10,광주,생활용품,2,90305,0.15,5.0,54.0,180610,27091.5,153518.5
7820,2025-10-27,부산,식품,4,131382,0.0,3.0,42.0,525528,0.0,525528.0
7821,2025-02-27,제주,식품,1,43051,0.0,5.0,28.0,43051,0.0,43051.0
7822,2025-07-06,부산,의류,1,148355,0.0,1.0,31.0,148355,0.0,148355.0
7823,2025-01-11,부산,식품,6,48967,0.25,2.0,29.0,293802,73450.5,220351.5
7824,2025-06-23,대구,전자제품,3,145331,0.0,3.0,24.0,435993,0.0,435993.0
7825,2025-10-24,부산,전자제품,5,38922,0.15,5.0,70.0,194610,29191.5,165418.5
7826,2025-11-12,광주,생활용품,7,112577,0.05,4.0,62.0,788039,39401.95,748637.05
7827,2025-04-14,광주,식품,1,81171,0.25,2.0,45.0,81171,20292.75,60878.25
7828,2025-05-22,대구,전자제품,6,58891,0.0,5.0,61.0,353346,0.0,353346.0
7829,2025-07-21,광주,생활용품,1,68670,0.3,4.0,52.0,68670,20601.0,48069.0
7830,2025-05-25,대구,생활용품,6,37916,0.0,3.0,50.0,227496,0.0,227496.0
7831,2025-03-06,제주,식품,3,102447,0.25,2.0,56.0,307341,76835.25,230505.75
7832,2025-04-22,부산,의류,1,148967,0.05,4.0,48.0,148967,7448.35,141518.65
7833,2025-05-28,광주,생활용품,2,89936,0.0,5.0,47.0,179872,0.0,179872.0
7834,2025-07-09,대구,전자제품,3,45045,0.0,3.0,25.0,135135,0.0,135135.0
7835,2025-12-03,제주,식품,6,102133,0.25,5.0,50.0,612798,153199.5,459598.5
7836,2025-07-18,부산,의류,5,68565,0.1,4.0,41.0,342825,34282.5,308542.5
7837,2025-05-22,서울,의류,6,138567,0.1,1.0,31.0,831402,83140.2,748261.8
7838,2025-08-30,제주,식품,1,43298,0.25,4.0,43.0,43298,10824.5,32473.5
7839,2025-10-10,제주,전자제품,7,80145,0.05,3.0,62.0,561015,28050.75,532964.25
7840,2025-06-07,광주,생활용품,4,76937,0.15,3.0,42.0,307748,46162.2,261585.8
7841,2025-06-28,대구,의류,1,133434,0.1,4.0,43.0,133434,13343.4,120090.6
7842,2025-03-21,대구,생활용품,7,21005,0.0,1.0,30.0,147035,0.0,147035.0
7843,2025-11-12,광주,식품,6,94574,0.3,5.0,60.0,567444,170233.2,397210.8
7844,2025-11-13,광주,의류,1,122314,0.1,5.0,24.0,122314,12231.4,110082.6
7845,2025-03-05,부산,식품,4,57415,0.25,5.0,62.0,229660,57415.0,172245.0
7846,2025-05-07,서울,식품,7,78241,0.15,4.0,67.0,547687,82153.05,465533.95
7847,2025-04-10,서울,의류,5,47713,0.3,2.0,27.0,238565,71569.5,166995.5
7848,2025-12-03,부산,생활용품,2,65828,0.05,4.0,47.0,131656,6582.8,125073.2
7849,2025-01-24,광주,생활용품,5,142761,0.15,2.0,49.0,713805,107070.75,606734.25
7850,2025-03-17,대구,의류,2,57656,0.1,3.0,63.0,115312,11531.2,103780.8
7851,2025-04-25,광주,전자제품,3,34267,0.3,5.0,35.0,102801,30840.3,71960.7
7852,2025-07-24,대구,의류,2,89069,0.1,1.0,53.0,178138,17813.8,160324.2
7853,2025-04-01,부산,생활용품,5,73140,0.25,3.0,23.0,365700,91425.0,274275.0
7854,2025-07-15,광주,식품,7,118084,0.15,3.0,61.0,826588,123988.2,702599.8
7855,2025-09-30,광주,의류,1,10282,0.1,5.0,58.0,10282,1028.2,9253.8
7856,2025-10-30,제주,식품,5,135872,0.2,3.0,29.0,679360,135872.0,543488.0
7857,2025-02-06,제주,전자제품,2,106771,0.2,2.0,24.0,213542,42708.4,170833.6
7858,2025-02-20,부산,의류,6,127021,0.15,2.0,23.0,762126,114318.9,647807.1
7859,2025-02-04,광주,식품,1,64083,0.0,2.0,61.0,64083,0.0,64083.0
7860,2025-11-29,부산,의류,3,69599,0.0,1.0,50.0,208797,0.0,208797.0
7861,2025-08-27,제주,의류,2,53500,0.2,4.0,37.0,107000,21400.0,85600.0
7862,2025-07-13,광주,생활용품,7,125929,0.0,4.0,47.0,881503,0.0,881503.0
7863,2025-10-16,제주,생활용품,1,0,0.2,1.0,47.0,0,0.0,0.0
7864,2025-08-02,부산,의류,5,81649,0.3,3.0,23.0,408245,122473.5,285771.5
7865,2025-03-27,서울,전자제품,1,42677,0.25,4.0,41.0,42677,10669.25,32007.75
7866,2025-07-06,서울,의류,5,97536,0.2,4.0,50.0,487680,97536.0,390144.0
7867,2025-09-14,대구,생활용품,6,144767,0.05,1.0,50.0,868602,43430.1,825171.9
7868,2025-01-14,제주,식품,6,102811,0.2,1.0,27.0,616866,123373.2,493492.8
7869,2025-08-10,광주,의류,1,11421,0.05,1.0,67.0,11421,571.05,10849.95
7870,2025-07-01,제주,생활용품,6,62954,0.3,3.0,23.0,377724,113317.2,264406.8
7871,2025-01-26,대구,식품,3,9542,0.0,5.0,63.0,28626,0.0,28626.0
7872,2025-04-07,제주,식품,5,75478,0.15,1.0,70.0,377390,56608.5,320781.5
7873,2025-06-13,제주,식품,7,30226,0.15,4.0,57.0,211582,31737.3,179844.7
7874,2025-05-06,부산,생활용품,1,105426,0.0,4.0,47.0,105426,0.0,105426.0
7875,2025-04-16,제주,식품,3,82370,0.05,5.0,28.0,247110,12355.5,234754.5
7876,2025-08-25,서울,식품,7,49649,0.25,3.0,35.0,347543,86885.75,260657.25
7877,2025-05-28,대구,의류,1,129319,0.2,5.0,47.0,129319,25863.8,103455.2
7878,2025-07-01,대구,의류,2,113303,0.05,3.0,23.0,226606,11330.3,215275.7
7879,2025-10-19,부산,생활용품,4,95929,0.0,2.0,55.0,383716,0.0,383716.0
7880,2025-02-04,제주,생활용품,7,56345,0.2,5.0,66.0,394415,78883.0,315532.0
7881,2025-05-12,광주,생활용품,3,44478,0.2,3.0,57.0,133434,26686.8,106747.2
7882,2025-01-27,서울,생활용품,3,89896,0.1,2.0,67.0,269688,26968.8,242719.2
7883,2025-12-05,서울,식품,6,119555,0.0,4.0,43.0,717330,0.0,717330.0
7884,2025-03-09,서울,식품,1,126456,0.0,3.0,31.0,126456,0.0,126456.0
7885,2025-10-27,부산,의류,3,117719,0.05,4.0,18.0,353157,17657.85,335499.15
7886,2025-03-11,서울,의류,3,8364,0.0,4.0,41.0,25092,0.0,25092.0
7887,2025-04-29,부산,의류,3,147790,0.15,1.0,24.0,443370,66505.5,376864.5
7888,2025-08-11,광주,전자제품,5,39849,0.1,3.0,52.0,199245,19924.5,179320.5
7889,2025-10-31,제주,전자제품,2,6460,0.05,5.0,60.0,12920,646.0,12274.0
7890,2025-03-06,광주,전자제품,3,86369,0.2,4.0,23.0,259107,51821.4,207285.6
7891,2025-03-19,대구,식품,7,71019,0.2,4.0,45.0,497133,99426.6,397706.4
7892,2025-11-18,광주,생활용품,6,20384,0.05,5.0,46.0,122304,6115.2,116188.8
7893,2025-04-28,제주,생활용품,7,36084,0.2,2.0,34.0,252588,50517.6,202070.4
7894,2025-03-18,서울,생활용품,5,34812,0.0,4.0,29.0,174060,0.0,174060.0
7895,2025-09-29,제주,의류,5,68771,0.2,1.0,55.0,343855,68771.0,275084.0
7896,2025-02-03,광주,전자제품,2,113618,0.1,1.0,29.0,227236,22723.6,204512.4
7897,2025-11-13,부산,생활용품,2,103892,0.0,4.0,19.0,207784,0.0,207784.0
7898,2025-11-16,대구,생활용품,4,8744,0.25,2.0,49.0,34976,8744.0,26232.0
7899,2025-11-09,대구,생활용품,3,30191,0.05,4.0,21.0,90573,4528.65,86044.35
7900,2025-04-18,서울,식품,6,93455,0.25,5.0,34.0,560730,140182.5,420547.5
7901,2025-02-11,부산,전자제품,1,121413,0.1,5.0,22.0,121413,12141.3,109271.7
7902,2025-06-05,부산,생활용품,7,9952,0.2,1.0,47.0,69664,13932.8,55731.2
7903,2025-05-03,서울,전자제품,2,53685,0.2,2.0,29.0,107370,21474.0,85896.0
7904,2025-12-17,대구,생활용품,3,21809,0.1,3.0,31.0,65427,6542.7,58884.3
7905,2025-08-19,대구,생활용품,3,75412,0.2,1.0,39.0,226236,45247.2,180988.8
7906,2025-12-11,부산,생활용품,7,61599,0.15,5.0,43.0,431193,64678.95,366514.05
7907,2025-10-02,서울,의류,6,30228,0.2,5.0,56.0,181368,36273.6,145094.4
7908,2025-09-18,제주,생활용품,1,144892,0.05,4.0,67.0,144892,7244.6,137647.4
7909,2025-02-10,광주,생활용품,6,115584,0.1,2.0,49.0,693504,69350.4,624153.6
7910,2025-01-26,대구,생활용품,5,84148,0.0,,43.0,420740,0.0,420740.0
7911,2025-01-17,광주,식품,1,115995,0.1,5.0,48.0,115995,11599.5,104395.5
7912,2025-08-05,부산,의류,6,50272,0.0,4.0,44.0,301632,0.0,301632.0
7913,2025-03-15,부산,생활용품,1,140579,0.1,5.0,18.0,140579,14057.9,126521.1
7914,2025-12-28,광주,전자제품,3,64642,0.3,2.0,44.0,193926,58177.8,135748.2
7915,2025-02-18,광주,전자제품,2,60974,0.1,1.0,57.0,121948,12194.8,109753.2
7916,2025-12-12,광주,식품,1,87472,0.15,5.0,63.0,87472,13120.8,74351.2
7917,2025-09-01,대구,식품,4,88848,0.25,1.0,22.0,355392,88848.0,266544.0
7918,2025-02-08,서울,생활용품,5,94816,0.0,3.0,54.0,474080,0.0,474080.0
7919,2025-01-22,광주,생활용품,4,125710,0.2,3.0,23.0,502840,100568.0,402272.0
7920,2025-05-25,광주,전자제품,3,43846,0.15,3.0,19.0,131538,19730.7,111807.3
7921,2025-05-04,대구,식품,4,107523,0.1,3.0,20.0,430092,43009.2,387082.8
7922,2025-04-26,부산,생활용품,2,33607,0.05,1.0,24.0,67214,3360.7,63853.3
7923,2025-07-12,제주,의류,1,39844,0.2,4.0,22.0,39844,7968.8,31875.2
7924,2025-02-17,부산,전자제품,2,76820,0.1,2.0,48.0,153640,15364.0,138276.0
7925,2025-02-17,부산,의류,1,81044,0.1,1.0,,81044,8104.4,72939.6
7926,2025-09-11,광주,생활용품,6,98504,0.2,3.0,58.0,591024,118204.8,472819.2
7927,2025-12-28,대구,식품,5,25194,0.1,2.0,56.0,125970,12597.0,113373.0
7928,2025-04-10,대구,식품,2,123404,0.25,4.0,24.0,246808,61702.0,185106.0
7929,2025-12-07,광주,의류,4,85780,0.05,2.0,67.0,343120,17156.0,325964.0
7930,2025-05-06,부산,생활용품,4,90955,0.2,3.0,44.0,363820,72764.0,291056.0
7931,2025-05-03,서울,의류,1,113339,0.15,3.0,19.0,113339,17000.85,96338.15
7932,2025-02-02,서울,생활용품,7,105403,0.3,5.0,52.0,737821,221346.3,516474.7
7933,2025-06-04,제주,생활용품,7,67188,0.1,1.0,55.0,470316,47031.6,423284.4
7934,2025-07-01,대구,식품,6,75177,0.05,1.0,39.0,451062,22553.1,428508.9
7935,2025-08-31,대구,식품,6,38764,0.1,5.0,55.0,232584,23258.4,209325.6
7936,2025-02-27,부산,의류,4,87174,0.2,2.0,54.0,348696,69739.2,278956.8
7937,2025-03-10,광주,전자제품,6,34426,0.15,4.0,48.0,206556,30983.4,175572.6
7938,2025-06-07,제주,전자제품,4,97140,0.3,3.0,36.0,388560,116568.0,271992.0
7939,2025-01-26,광주,전자제품,2,65582,0.05,4.0,70.0,131164,6558.2,124605.8
7940,2025-02-22,대구,생활용품,2,39268,0.1,4.0,51.0,78536,7853.6,70682.4
7941,2025-08-18,대구,생활용품,6,74010,0.3,2.0,42.0,444060,133218.0,310842.0
7942,2025-12-15,제주,생활용품,4,140441,0.25,3.0,58.0,561764,140441.0,421323.0
7943,2025-07-29,제주,전자제품,6,86516,0.0,2.0,30.0,519096,0.0,519096.0
7944,2025-02-22,부산,식품,2,55074,0.3,2.0,68.0,110148,33044.4,77103.6
7945,2025-12-28,제주,식품,4,70265,0.1,3.0,57.0,281060,28106.0,252954.0
7946,2025-07-10,제주,전자제품,1,92680,0.2,1.0,51.0,92680,18536.0,74144.0
7947,2025-09-19,제주,식품,2,27267,0.0,1.0,32.0,54534,0.0,54534.0
7948,2025-03-13,서울,식품,1,86338,0.05,4.0,36.0,86338,4316.9,82021.1
7949,2025-07-31,서울,생활용품,2,9881,0.2,1.0,68.0,19762,3952.4,15809.6
7950,2025-01-28,부산,전자제품,5,128735,0.05,5.0,56.0,643675,32183.75,611491.25
7951,2025-08-17,광주,생활용품,1,93389,0.0,4.0,23.0,93389,0.0,93389.0
7952,2025-03-15,서울,생활용품,2,21472,0.2,5.0,60.0,42944,8588.8,34355.2
7953,2025-11-28,서울,전자제품,5,72569,0.05,3.0,24.0,362845,18142.25,344702.75
7954,2025-01-20,서울,식품,2,133214,0.3,4.0,39.0,266428,79928.4,186499.6
7955,2025-08-27,서울,식품,4,144905,0.05,1.0,40.0,579620,28981.0,550639.0
7956,2025-02-20,제주,생활용품,7,24867,0.0,4.0,37.0,174069,0.0,174069.0
7957,2025-09-08,광주,생활용품,6,44216,0.1,2.0,44.0,265296,26529.6,238766.4
7958,2025-06-30,광주,생활용품,1,25957,0.1,4.0,26.0,25957,2595.7,23361.3
7959,2025-12-20,부산,식품,2,58479,0.2,2.0,53.0,116958,23391.6,93566.4
7960,2025-08-26,광주,생활용품,5,130027,0.05,4.0,53.0,650135,32506.75,617628.25
7961,2025-05-16,광주,생활용품,3,107444,0.3,5.0,63.0,322332,96699.6,225632.4
7962,2025-02-01,대구,의류,3,42280,0.1,1.0,41.0,126840,12684.0,114156.0
7963,2025-08-06,제주,전자제품,4,52171,0.2,1.0,46.0,208684,41736.8,166947.2
7964,2025-06-10,대구,식품,5,93709,0.25,2.0,25.0,468545,117136.25,351408.75
7965,2025-01-20,부산,전자제품,4,91556,0.3,3.0,36.0,366224,109867.2,256356.8
7966,2025-08-01,광주,생활용품,1,72224,0.15,5.0,47.0,72224,10833.6,61390.4
7967,2025-03-18,제주,식품,1,66079,0.05,3.0,40.0,66079,3303.95,62775.05
7968,2025-03-27,제주,의류,1,140469,0.15,5.0,70.0,140469,21070.35,119398.65
7969,2025-01-04,대구,식품,2,77995,0.1,4.0,32.0,155990,15599.0,140391.0
7970,2025-05-16,대구,생활용품,6,118402,0.2,4.0,20.0,710412,142082.4,568329.6
7971,2025-03-21,제주,생활용품,7,144182,0.05,5.0,63.0,1009274,50463.7,958810.3
7972,2025-01-27,광주,식품,4,53574,0.15,2.0,45.0,214296,32144.4,182151.6
7973,2025-06-08,대구,식품,1,117932,0.3,4.0,21.0,117932,35379.6,82552.4
7974,2025-03-22,부산,전자제품,1,122949,0.2,4.0,67.0,122949,24589.8,98359.2
7975,2025-02-18,제주,전자제품,6,36800,0.3,5.0,28.0,220800,66240.0,154560.0
7976,2025-06-20,제주,생활용품,3,37739,0.0,2.0,68.0,113217,0.0,113217.0
7977,2025-01-24,서울,생활용품,7,28435,0.2,4.0,36.0,199045,39809.0,159236.0
7978,2025-12-28,서울,생활용품,4,0,0.0,2.0,36.0,0,0.0,0.0
7979,2025-06-21,서울,의류,7,115421,0.05,5.0,29.0,807947,40397.35,767549.65
7980,2025-12-30,부산,전자제품,1,113980,0.25,3.0,27.0,113980,28495.0,85485.0
7981,2025-11-18,서울,전자제품,7,61211,0.0,5.0,60.0,428477,0.0,428477.0
7982,2025-12-24,제주,의류,4,106958,0.15,3.0,40.0,427832,64174.8,363657.2
7983,2025-07-18,제주,식품,4,9323,0.0,1.0,47.0,37292,0.0,37292.0
7984,2025-06-04,서울,전자제품,4,100219,0.1,2.0,34.0,400876,40087.6,360788.4
7985,2025-09-20,제주,전자제품,3,73740,0.0,4.0,40.0,221220,0.0,221220.0
7986,2025-01-30,서울,의류,5,125346,0.15,4.0,43.0,626730,94009.5,532720.5
7987,2025-11-03,광주,생활용품,6,145312,0.2,3.0,34.0,871872,174374.4,697497.6
7988,2025-04-29,부산,식품,6,85650,0.2,4.0,49.0,513900,102780.0,411120.0
7989,2025-01-03,서울,생활용품,7,95167,0.3,3.0,42.0,666169,199850.7,466318.3
7990,2025-03-28,대구,식품,3,139611,0.0,1.0,58.0,418833,0.0,418833.0
7991,2025-03-30,제주,의류,6,54785,0.1,1.0,59.0,328710,32871.0,295839.0
7992,2025-01-06,제주,전자제품,7,25997,0.15,2.0,51.0,181979,27296.85,154682.15
7993,2025-09-02,서울,의류,1,78432,0.0,1.0,23.0,78432,0.0,78432.0
7994,2025-02-04,제주,식품,4,56578,0.0,4.0,65.0,226312,0.0,226312.0
7995,2025-11-06,부산,생활용품,5,97040,0.1,5.0,54.0,485200,48520.0,436680.0
7996,2025-06-15,대구,식품,4,118534,0.3,5.0,56.0,474136,142240.8,331895.2
7997,2025-09-20,서울,전자제품,1,78083,0.2,3.0,52.0,78083,15616.6,62466.4
7998,2025-05-04,제주,전자제품,5,49668,0.15,5.0,45.0,248340,37251.0,211089.0
7999,2025-02-18,광주,식품,3,86906,0.15,4.0,47.0,260718,39107.7,221610.3
8000,2025-03-07,광주,식품,5,69228,0.25,1.0,24.0,346140,86535.0,259605.0
8001,2025-08-24,광주,식품,1,31921,0.15,3.0,66.0,31921,4788.15,27132.85
8002,2025-09-19,제주,의류,1,117068,0.25,3.0,60.0,117068,29267.0,87801.0
8003,2025-04-08,서울,생활용품,5,53179,0.1,3.0,66.0,265895,26589.5,239305.5
8004,2025-05-11,부산,의류,7,83093,0.25,5.0,55.0,581651,145412.75,436238.25
8005,2025-12-11,서울,식품,5,136751,0.0,5.0,32.0,683755,0.0,683755.0
8006,2025-11-07,대구,의류,7,32204,0.1,2.0,35.0,225428,22542.8,202885.2
8007,2025-05-31,대구,생활용품,6,66949,0.05,1.0,63.0,401694,20084.7,381609.3
8008,2025-03-29,서울,전자제품,2,30351,0.0,4.0,30.0,60702,0.0,60702.0
8009,2025-04-20,광주,전자제품,1,68343,0.15,1.0,50.0,68343,10251.45,58091.55
8010,2025-07-16,서울,전자제품,4,48678,0.3,3.0,52.0,194712,58413.6,136298.4
8011,2025-07-26,광주,생활용품,5,137745,0.05,5.0,27.0,688725,34436.25,654288.75
8012,2025-03-09,광주,생활용품,6,48937,0.3,4.0,22.0,293622,88086.6,205535.4
8013,2025-01-25,제주,식품,4,94047,0.25,5.0,19.0,376188,94047.0,282141.0
8014,2025-06-30,서울,생활용품,7,24817,0.3,1.0,59.0,173719,52115.7,121603.3
8015,2025-10-19,제주,의류,6,71126,0.0,4.0,33.0,426756,0.0,426756.0
8016,2025-02-25,대구,생활용품,5,126026,0.3,2.0,30.0,630130,189039.0,441091.0
8017,2025-05-30,제주,생활용품,4,102446,0.1,1.0,66.0,409784,40978.4,368805.6
8018,2025-02-28,광주,생활용품,1,45981,0.2,2.0,49.0,45981,9196.2,36784.8
8019,2025-03-30,광주,식품,6,145920,0.1,5.0,19.0,875520,87552.0,787968.0
8020,2025-08-12,서울,의류,5,121326,0.15,3.0,34.0,606630,90994.5,515635.5
8021,2025-04-15,광주,전자제품,7,63346,0.15,5.0,43.0,443422,66513.3,376908.7
8022,2025-04-07,대구,생활용품,1,146151,0.25,1.0,43.0,146151,36537.75,109613.25
8023,2025-12-30,제주,식품,2,32163,0.1,4.0,59.0,64326,6432.6,57893.4
8024,2025-03-04,광주,식품,5,53134,0.0,3.0,60.0,265670,0.0,265670.0
8025,2025-03-11,서울,의류,4,139931,0.2,2.0,19.0,559724,111944.8,447779.2
8026,2025-12-06,제주,생활용품,5,145684,0.25,3.0,33.0,728420,182105.0,546315.0
8027,2025-07-20,서울,의류,4,124354,0.0,4.0,49.0,497416,0.0,497416.0
8028,2025-01-16,부산,생활용품,5,32724,0.25,1.0,19.0,163620,40905.0,122715.0
8029,2025-06-05,부산,의류,5,36685,0.25,4.0,48.0,183425,45856.25,137568.75
8030,2025-07-26,제주,생활용품,2,98881,0.2,2.0,22.0,197762,39552.4,158209.6
8031,2025-04-03,서울,의류,6,13112,0.3,5.0,48.0,78672,23601.6,55070.4
8032,2025-07-20,제주,식품,4,148722,0.1,1.0,21.0,594888,59488.8,535399.2
8033,2025-08-25,부산,생활용품,5,141507,0.0,2.0,57.0,707535,0.0,707535.0
8034,2025-04-02,광주,식품,5,122214,0.2,5.0,42.0,611070,122214.0,488856.0
8035,2025-10-24,서울,의류,6,145384,0.2,2.0,68.0,872304,174460.8,697843.2
8036,2025-06-15,부산,식품,3,38306,0.3,1.0,22.0,114918,34475.4,80442.6
8037,2025-12-18,광주,식품,1,132785,0.05,3.0,64.0,132785,6639.25,126145.75
8038,2025-02-02,광주,식품,2,42313,0.05,4.0,39.0,84626,4231.3,80394.7
8039,2025-04-29,제주,식품,7,22573,0.2,3.0,43.0,158011,31602.2,126408.8
8040,2025-09-21,제주,생활용품,2,43052,0.1,3.0,54.0,86104,8610.4,77493.6
8041,2025-11-23,대구,생활용품,2,117342,0.05,1.0,50.0,234684,11734.2,222949.8
8042,2025-03-22,부산,의류,7,141734,0.2,2.0,64.0,992138,198427.6,793710.4
8043,2025-12-24,부산,전자제품,2,93731,0.05,1.0,62.0,187462,9373.1,178088.9
8044,2025-03-12,제주,전자제품,4,40584,0.25,5.0,29.0,162336,40584.0,121752.0
8045,2025-06-01,광주,전자제품,3,92125,0.1,2.0,32.0,276375,27637.5,248737.5
8046,2025-04-25,제주,의류,5,78894,0.2,4.0,64.0,394470,78894.0,315576.0
8047,2025-06-04,대구,생활용품,5,80102,0.2,2.0,60.0,400510,80102.0,320408.0
8048,2025-11-26,대구,식품,4,55734,0.2,4.0,69.0,222936,44587.2,178348.8
8049,2025-09-25,제주,식품,4,25109,0.1,1.0,66.0,100436,10043.6,90392.4
8050,2025-10-18,광주,의류,6,57384,0.0,1.0,51.0,344304,0.0,344304.0
8051,2025-04-03,부산,생활용품,5,134106,0.2,2.0,69.0,670530,134106.0,536424.0
8052,2025-12-12,대구,식품,4,64192,0.15,2.0,57.0,256768,38515.2,218252.8
8053,2025-06-08,부산,식품,7,8007,0.3,2.0,65.0,56049,16814.7,39234.3
8054,2025-08-26,광주,의류,1,55031,0.3,2.0,43.0,55031,16509.3,38521.7
8055,2025-09-12,서울,생활용품,6,71843,0.0,4.0,69.0,431058,0.0,431058.0
8056,2025-08-30,제주,의류,2,91990,0.1,3.0,21.0,183980,18398.0,165582.0
8057,2025-08-08,제주,의류,3,98036,0.1,1.0,66.0,294108,29410.8,264697.2
8058,2025-06-25,서울,의류,1,66693,0.1,5.0,68.0,66693,6669.3,60023.7
8059,2025-08-25,광주,전자제품,4,25762,0.25,4.0,59.0,103048,25762.0,77286.0
8060,2025-11-27,서울,생활용품,6,68947,0.1,3.0,68.0,413682,41368.2,372313.8
8061,2025-05-23,부산,전자제품,3,5479,0.05,3.0,40.0,16437,821.85,15615.15
8062,2025-07-06,부산,식품,5,78369,0.1,2.0,35.0,391845,39184.5,352660.5
8063,2025-03-07,대구,식품,3,69554,0.25,2.0,25.0,208662,52165.5,156496.5
8064,2025-05-10,제주,의류,6,56646,0.1,1.0,28.0,339876,33987.6,305888.4
8065,2025-10-09,대구,전자제품,7,100968,0.05,5.0,63.0,706776,35338.8,671437.2
8066,2025-08-22,부산,전자제품,6,114411,0.25,2.0,21.0,686466,171616.5,514849.5
8067,2025-03-19,서울,생활용품,3,43257,0.0,4.0,28.0,129771,0.0,129771.0
8068,2025-07-19,제주,식품,6,78005,0.15,1.0,44.0,468030,70204.5,397825.5
8069,2025-10-24,부산,의류,1,78910,0.0,1.0,37.0,78910,0.0,78910.0
8070,2025-02-15,대구,의류,7,78836,0.2,2.0,67.0,551852,110370.4,441481.6
8071,2025-01-23,서울,의류,6,63477,0.3,1.0,19.0,380862,114258.6,266603.4
8072,2025-05-24,부산,의류,5,35427,0.15,5.0,20.0,177135,26570.25,150564.75
8073,2025-08-28,대구,의류,5,29864,0.3,1.0,32.0,149320,44796.0,104524.0
8074,2025-04-25,제주,생활용품,2,9471,0.3,3.0,50.0,18942,5682.6,13259.4
8075,2025-10-27,부산,생활용품,4,12561,0.25,2.0,36.0,50244,12561.0,37683.0
8076,2025-11-06,대구,식품,1,122345,0.05,2.0,62.0,122345,6117.25,116227.75
8077,2025-07-14,제주,전자제품,3,15149,0.0,1.0,23.0,45447,0.0,45447.0
8078,2025-05-19,부산,생활용품,5,129045,0.0,2.0,38.0,645225,0.0,645225.0
8079,2025-01-16,부산,식품,3,134995,0.1,1.0,52.0,404985,40498.5,364486.5
8080,2025-10-27,서울,식품,6,39981,0.1,3.0,50.0,239886,23988.6,215897.4
8081,2025-11-23,제주,전자제품,6,69229,0.05,2.0,45.0,415374,20768.7,394605.3
8082,2025-06-11,서울,의류,4,57205,0.3,1.0,41.0,228820,68646.0,160174.0
8083,2025-07-08,부산,의류,3,62109,0.25,1.0,22.0,186327,46581.75,139745.25
8084,2025-10-03,서울,생활용품,3,56912,0.2,5.0,21.0,170736,34147.2,136588.8
8085,2025-09-11,광주,의류,4,54653,0.2,2.0,20.0,218612,43722.4,174889.6
8086,2025-02-19,부산,의류,6,104211,0.2,3.0,44.0,625266,125053.2,500212.8
8087,2025-09-03,광주,의류,1,64838,0.3,3.0,64.0,64838,19451.4,45386.6
8088,2025-12-04,광주,생활용품,4,32149,0.1,3.0,22.0,128596,12859.6,115736.4
8089,2025-10-02,서울,생활용품,4,59930,0.0,5.0,21.0,239720,0.0,239720.0
8090,2025-06-25,부산,생활용품,3,146914,0.1,4.0,54.0,440742,44074.2,396667.8
8091,2025-07-10,서울,식품,2,148234,0.05,3.0,44.0,296468,14823.4,281644.6
8092,2025-04-05,서울,식품,6,13969,0.3,2.0,34.0,83814,25144.2,58669.8
8093,2025-08-30,대구,전자제품,4,88489,0.15,5.0,18.0,353956,53093.4,300862.6
8094,2025-03-30,부산,생활용품,5,146197,0.1,1.0,60.0,730985,73098.5,657886.5
8095,2025-05-05,서울,의류,1,33113,0.0,3.0,52.0,33113,0.0,33113.0
8096,2025-04-07,대구,생활용품,2,14973,0.2,4.0,49.0,29946,5989.2,23956.8
8097,2025-05-03,대구,생활용품,2,35738,0.2,5.0,30.0,71476,14295.2,57180.8
8098,2025-05-14,제주,식품,3,51039,0.25,1.0,67.0,153117,38279.25,114837.75
8099,2025-01-31,광주,전자제품,6,140527,0.0,2.0,21.0,843162,0.0,843162.0
8100,2025-09-19,부산,전자제품,5,41350,0.2,1.0,57.0,206750,41350.0,165400.0
8101,2025-06-10,대구,생활용품,7,53138,0.1,2.0,56.0,371966,37196.6,334769.4
8102,2025-12-13,서울,식품,3,42647,0.05,5.0,56.0,127941,6397.05,121543.95
8103,2025-03-08,부산,식품,6,61774,0.05,1.0,49.0,370644,18532.2,352111.8
8104,2025-09-02,대구,생활용품,2,149228,0.1,4.0,34.0,298456,29845.6,268610.4
8105,2025-03-07,서울,식품,6,17151,0.25,5.0,42.0,102906,25726.5,77179.5
8106,2025-07-19,제주,생활용품,5,71461,0.0,1.0,41.0,357305,0.0,357305.0
8107,2025-06-29,대구,의류,1,94017,0.3,2.0,63.0,94017,28205.1,65811.9
8108,2025-06-13,광주,생활용품,5,22329,0.3,5.0,57.0,111645,33493.5,78151.5
8109,2025-08-27,부산,전자제품,4,11442,0.3,4.0,43.0,45768,13730.4,32037.6
8110,2025-10-30,제주,식품,1,147431,0.25,1.0,56.0,147431,36857.75,110573.25
8111,2025-04-26,부산,전자제품,6,44033,0.1,5.0,69.0,264198,26419.8,237778.2
8112,2025-11-07,제주,전자제품,4,40186,0.1,5.0,54.0,160744,16074.4,144669.6
8113,2025-03-09,대구,생활용품,5,55555,0.0,2.0,36.0,277775,0.0,277775.0
8114,2025-04-17,광주,의류,5,15519,0.3,3.0,18.0,77595,23278.5,54316.5
8115,2025-04-24,부산,식품,1,26307,0.25,2.0,64.0,26307,6576.75,19730.25
8116,2025-12-14,제주,식품,3,8506,0.05,3.0,18.0,25518,1275.9,24242.1
8117,2025-02-13,서울,전자제품,5,82554,0.3,4.0,44.0,412770,123831.0,288939.0
8118,2025-05-25,서울,전자제품,3,72168,0.0,4.0,21.0,216504,0.0,216504.0
8119,2025-06-04,대구,생활용품,7,44741,0.25,5.0,64.0,313187,78296.75,234890.25
8120,2025-10-20,제주,전자제품,3,138159,0.0,1.0,19.0,414477,0.0,414477.0
8121,2025-06-27,제주,식품,4,49265,0.25,5.0,54.0,197060,49265.0,147795.0
8122,2025-12-19,제주,전자제품,4,7459,0.3,5.0,58.0,29836,8950.8,20885.2
8123,2025-09-28,대구,생활용품,1,19450,0.3,2.0,56.0,19450,5835.0,13615.0
8124,2025-09-14,제주,전자제품,6,110151,0.05,1.0,46.0,660906,33045.3,627860.7
8125,2025-10-02,대구,식품,1,82320,0.05,2.0,49.0,82320,4116.0,78204.0
8126,2025-02-28,대구,생활용품,4,42761,0.0,5.0,44.0,171044,0.0,171044.0
8127,2025-06-13,서울,의류,7,40876,0.25,1.0,58.0,286132,71533.0,214599.0
8128,2025-08-02,광주,식품,7,36763,0.05,1.0,22.0,257341,12867.05,244473.95
8129,2025-03-18,부산,의류,2,66172,0.1,1.0,65.0,132344,13234.4,119109.6
8130,2025-02-13,서울,식품,3,107050,0.1,1.0,59.0,321150,32115.0,289035.0
8131,2025-02-19,부산,식품,4,97526,0.1,4.0,69.0,390104,39010.4,351093.6
8132,2025-10-16,광주,의류,5,113442,0.15,1.0,22.0,567210,85081.5,482128.5
8133,2025-08-28,부산,식품,2,10981,0.1,5.0,29.0,21962,2196.2,19765.8
8134,2025-04-13,부산,생활용품,4,86057,0.05,2.0,29.0,344228,17211.4,327016.6
8135,2025-09-27,부산,식품,6,115845,0.1,3.0,39.0,695070,69507.0,625563.0
8136,2025-09-11,대구,생활용품,6,34327,0.25,3.0,61.0,205962,51490.5,154471.5
8137,2025-10-26,광주,전자제품,6,0,0.0,5.0,59.0,0,0.0,0.0
8138,2025-11-29,광주,의류,7,5914,0.3,4.0,54.0,41398,12419.4,28978.6
8139,2025-11-19,서울,의류,7,136928,0.1,1.0,38.0,958496,95849.6,862646.4
8140,2025-03-08,부산,의류,4,111906,0.1,5.0,22.0,447624,44762.4,402861.6
8141,2025-10-08,광주,식품,7,95336,0.15,1.0,54.0,667352,100102.8,567249.2
8142,2025-05-24,부산,의류,4,91944,0.3,3.0,21.0,367776,110332.8,257443.2
8143,2025-05-28,서울,전자제품,5,102146,0.25,5.0,28.0,510730,127682.5,383047.5
8144,2025-08-25,부산,의류,7,66269,0.25,3.0,39.0,463883,115970.75,347912.25
8145,2025-08-08,광주,생활용품,1,145201,0.05,3.0,59.0,145201,7260.05,137940.95
8146,2025-06-03,광주,식품,7,35969,0.3,2.0,49.0,251783,75534.9,176248.1
8147,2025-12-31,서울,전자제품,6,122537,0.2,4.0,23.0,735222,147044.4,588177.6
8148,2025-03-05,광주,의류,7,115481,0.0,4.0,31.0,808367,0.0,808367.0
8149,2025-02-05,서울,생활용품,6,126448,0.1,5.0,63.0,758688,75868.8,682819.2
8150,2025-01-11,광주,식품,2,15279,0.25,5.0,49.0,30558,7639.5,22918.5
8151,2025-10-25,대구,전자제품,3,69542,0.15,3.0,52.0,208626,31293.9,177332.1
8152,2025-05-29,서울,식품,1,98192,0.2,2.0,37.0,98192,19638.4,78553.6
8153,2025-06-09,부산,생활용품,5,94742,0.1,3.0,61.0,473710,47371.0,426339.0
8154,2025-08-25,제주,식품,4,104818,0.0,2.0,49.0,419272,0.0,419272.0
8155,2025-06-08,대구,의류,4,96969,0.3,2.0,22.0,387876,116362.8,271513.2
8156,2025-07-29,광주,식품,6,37372,0.25,2.0,56.0,224232,56058.0,168174.0
8157,2025-01-22,광주,의류,6,125047,0.05,3.0,33.0,750282,37514.1,712767.9
8158,2025-02-27,서울,식품,1,75082,0.05,2.0,62.0,75082,3754.1,71327.9
8159,2025-12-07,제주,식품,7,145751,0.15,2.0,51.0,1020257,153038.55,867218.45
8160,2025-06-14,부산,의류,3,80429,0.25,3.0,28.0,241287,60321.75,180965.25
8161,2025-03-03,광주,의류,6,82939,0.0,1.0,19.0,497634,0.0,497634.0
8162,2025-05-15,대구,식품,5,90736,0.2,1.0,22.0,453680,90736.0,362944.0
8163,2025-05-03,대구,식품,4,131309,0.25,4.0,31.0,525236,131309.0,393927.0
8164,2025-04-11,부산,전자제품,2,135673,0.15,5.0,24.0,271346,40701.9,230644.1
8165,2025-04-18,제주,의류,2,89784,0.0,2.0,52.0,179568,0.0,179568.0
8166,2025-09-24,서울,식품,6,84230,0.0,1.0,26.0,505380,0.0,505380.0
8167,2025-02-08,제주,의류,3,12902,0.05,3.0,41.0,38706,1935.3,36770.7
8168,2025-04-24,부산,식품,2,14761,0.3,1.0,35.0,29522,8856.6,20665.4
8169,2025-06-20,제주,생활용품,1,111795,0.15,5.0,52.0,111795,16769.25,95025.75
8170,2025-07-17,서울,의류,6,55021,0.05,1.0,19.0,330126,16506.3,313619.7
8171,2025-11-18,서울,식품,3,68324,0.3,3.0,39.0,204972,61491.6,143480.4
8172,2025-12-03,서울,식품,3,96108,0.25,2.0,62.0,288324,72081.0,216243.0
8173,2025-04-19,대구,의류,3,37169,0.05,3.0,31.0,111507,5575.35,105931.65
8174,2025-07-16,부산,전자제품,5,53305,0.2,4.0,62.0,266525,53305.0,213220.0
8175,2025-01-09,대구,전자제품,4,11225,0.1,2.0,27.0,44900,4490.0,40410.0
8176,2025-08-14,제주,전자제품,4,116352,0.0,5.0,55.0,465408,0.0,465408.0
8177,2025-02-25,서울,식품,2,78734,0.0,5.0,32.0,157468,0.0,157468.0
8178,2025-01-27,대구,식품,3,32536,0.15,3.0,36.0,97608,14641.2,82966.8
8179,2025-09-03,광주,식품,7,91434,0.25,2.0,45.0,640038,160009.5,480028.5
8180,2025-03-07,대구,전자제품,4,25735,0.3,2.0,55.0,102940,30882.0,72058.0
8181,2025-06-24,제주,식품,7,118200,0.2,5.0,45.0,827400,165480.0,661920.0
8182,2025-02-06,광주,식품,6,38499,0.3,4.0,48.0,230994,69298.2,161695.8
8183,2025-09-30,서울,식품,5,44197,0.05,3.0,33.0,220985,11049.25,209935.75
8184,2025-10-07,대구,의류,4,132033,0.05,4.0,53.0,528132,26406.6,501725.4
8185,2025-07-29,부산,식품,6,112737,0.0,2.0,21.0,676422,0.0,676422.0
8186,2025-11-02,서울,생활용품,1,103736,0.05,4.0,22.0,103736,5186.8,98549.2
8187,2025-06-09,제주,생활용품,4,92267,0.25,5.0,26.0,369068,92267.0,276801.0
8188,2025-03-10,부산,의류,5,80407,0.05,3.0,64.0,402035,20101.75,381933.25
8189,2025-02-25,서울,의류,1,32842,0.15,4.0,50.0,32842,4926.3,27915.7
8190,2025-03-22,부산,전자제품,2,48549,0.25,3.0,36.0,97098,24274.5,72823.5
8191,2025-03-15,제주,의류,1,144588,0.3,1.0,51.0,144588,43376.4,101211.6
8192,2025-04-28,대구,식품,4,138196,0.05,1.0,32.0,552784,27639.2,525144.8
8193,2025-03-20,제주,식품,4,110327,0.05,2.0,56.0,441308,22065.4,419242.6
8194,2025-08-04,대구,생활용품,4,133873,0.0,2.0,38.0,535492,0.0,535492.0
8195,2025-02-24,서울,전자제품,1,121605,0.0,1.0,50.0,121605,0.0,121605.0
8196,2025-08-15,부산,식품,4,62913,0.1,5.0,31.0,251652,25165.2,226486.8
8197,2025-05-02,서울,생활용품,7,108749,0.1,4.0,19.0,761243,76124.3,685118.7
8198,2025-09-08,대구,생활용품,1,114145,0.3,1.0,70.0,114145,34243.5,79901.5
8199,2025-07-07,부산,의류,6,25061,0.15,5.0,52.0,150366,22554.9,127811.1
8200,2025-11-27,제주,의류,2,137467,0.1,2.0,52.0,274934,27493.4,247440.6
8201,2025-06-10,부산,생활용품,1,76490,0.15,5.0,49.0,76490,11473.5,65016.5
8202,2025-04-18,부산,전자제품,1,50436,0.25,2.0,65.0,50436,12609.0,37827.0
8203,2025-08-04,제주,식품,1,73745,0.1,1.0,18.0,73745,7374.5,66370.5
8204,2025-08-29,대구,전자제품,3,52664,0.05,1.0,68.0,157992,7899.6,150092.4
8205,2025-06-10,서울,식품,4,53213,0.1,2.0,42.0,212852,21285.2,191566.8
8206,2025-07-24,대구,생활용품,5,84142,0.2,5.0,48.0,420710,84142.0,336568.0
8207,2025-06-21,부산,의류,1,149658,0.1,3.0,67.0,149658,14965.8,134692.2
8208,2025-04-22,광주,생활용품,5,64213,0.2,1.0,60.0,321065,64213.0,256852.0
8209,2025-04-25,대구,의류,6,36131,0.1,2.0,36.0,216786,21678.6,195107.4
8210,2025-11-28,광주,생활용품,1,115415,0.3,3.0,65.0,115415,34624.5,80790.5
8211,2025-09-04,제주,전자제품,5,47771,0.3,3.0,22.0,238855,71656.5,167198.5
8212,2025-02-04,광주,식품,1,82855,0.25,5.0,25.0,82855,20713.75,62141.25
8213,2025-12-18,부산,식품,4,41756,0.25,1.0,30.0,167024,41756.0,125268.0
8214,2025-09-17,부산,생활용품,5,35719,0.0,1.0,32.0,178595,0.0,178595.0
8215,2025-01-19,대구,의류,7,41539,0.2,4.0,53.0,290773,58154.6,232618.4
8216,2025-09-23,대구,전자제품,4,56676,0.1,1.0,39.0,226704,22670.4,204033.6
8217,2025-08-04,부산,전자제품,4,143557,0.25,4.0,63.0,574228,143557.0,430671.0
8218,2025-12-01,제주,식품,6,102330,0.0,2.0,51.0,613980,0.0,613980.0
8219,2025-06-28,제주,전자제품,2,105876,0.05,2.0,50.0,211752,10587.6,201164.4
8220,2025-07-09,부산,의류,2,12748,0.05,1.0,58.0,25496,1274.8,24221.2
8221,2025-04-25,광주,생활용품,4,6577,0.15,4.0,39.0,26308,3946.2,22361.8
8222,2025-04-28,제주,생활용품,1,54614,0.3,1.0,36.0,54614,16384.2,38229.8
8223,2025-08-14,서울,전자제품,1,133707,0.3,1.0,23.0,133707,40112.1,93594.9
8224,2025-10-30,부산,식품,3,7333,0.15,3.0,62.0,21999,3299.85,18699.15
8225,2025-11-22,광주,의류,2,116089,0.0,1.0,30.0,232178,0.0,232178.0
8226,2025-10-09,대구,식품,5,124026,0.3,1.0,52.0,620130,186039.0,434091.0
8227,2025-08-11,광주,식품,4,45294,0.2,2.0,59.0,181176,36235.2,144940.8
8228,2025-07-02,대구,전자제품,4,21992,0.0,4.0,37.0,87968,0.0,87968.0
8229,2025-05-04,서울,전자제품,4,27252,0.2,4.0,26.0,109008,21801.6,87206.4
8230,2025-10-08,대구,식품,1,16194,0.3,5.0,54.0,16194,4858.2,11335.8
8231,2025-04-27,대구,전자제품,3,127328,0.3,5.0,35.0,381984,114595.2,267388.8
8232,2025-04-08,제주,전자제품,1,119056,0.3,2.0,63.0,119056,35716.8,83339.2
8233,2025-11-13,서울,의류,3,102550,0.3,2.0,41.0,307650,92295.0,215355.0
8234,2025-08-04,서울,생활용품,5,17978,0.2,2.0,35.0,89890,17978.0,71912.0
8235,2025-05-10,서울,의류,7,142776,0.2,1.0,56.0,999432,199886.4,799545.6
8236,2025-11-12,대구,전자제품,3,104218,0.0,1.0,38.0,312654,0.0,312654.0
8237,2025-12-18,제주,생활용품,2,125060,0.2,3.0,60.0,250120,50024.0,200096.0
8238,2025-04-27,광주,의류,5,60080,0.3,1.0,54.0,300400,90120.0,210280.0
8239,2025-07-10,제주,식품,7,33673,0.25,1.0,64.0,235711,58927.75,176783.25
8240,2025-06-26,제주,식품,3,124147,0.3,2.0,40.0,372441,111732.3,260708.7
8241,2025-09-14,광주,생활용품,6,12453,0.05,5.0,22.0,74718,3735.9,70982.1
8242,2025-12-14,광주,식품,3,31513,0.05,3.0,27.0,94539,4726.95,89812.05
8243,2025-07-20,부산,전자제품,5,27281,0.3,2.0,18.0,136405,40921.5,95483.5
8244,2025-10-19,제주,식품,2,17240,0.3,1.0,63.0,34480,10344.0,24136.0
8245,2025-08-06,광주,식품,2,84919,0.15,4.0,30.0,169838,25475.7,144362.3
8246,2025-11-20,제주,식품,7,38119,0.3,2.0,28.0,266833,80049.9,186783.1
8247,2025-05-28,제주,식품,3,145087,0.2,5.0,50.0,435261,87052.2,348208.8
8248,2025-05-21,부산,의류,1,140160,0.05,1.0,31.0,140160,7008.0,133152.0
8249,2025-06-04,서울,식품,6,29423,0.15,4.0,69.0,176538,26480.7,150057.3
8250,2025-12-30,제주,의류,1,125223,0.1,4.0,63.0,125223,12522.3,112700.7
8251,2025-08-12,대구,식품,1,10667,0.25,2.0,41.0,10667,2666.75,8000.25
8252,2025-02-25,제주,생활용품,6,46439,0.1,2.0,52.0,278634,27863.4,250770.6
8253,2025-01-15,광주,생활용품,3,100682,0.05,5.0,38.0,302046,15102.3,286943.7
8254,2025-07-09,부산,식품,1,34886,0.15,4.0,40.0,34886,5232.9,29653.1
8255,2025-10-22,부산,전자제품,7,16310,0.15,1.0,43.0,114170,17125.5,97044.5
8256,2025-06-24,광주,의류,2,27742,0.3,3.0,38.0,55484,16645.2,38838.8
8257,2025-07-24,부산,식품,5,100501,0.0,4.0,41.0,502505,0.0,502505.0
8258,2025-10-19,부산,생활용품,2,37074,0.3,2.0,27.0,74148,22244.4,51903.6
8259,2025-07-08,부산,식품,5,40662,0.05,4.0,52.0,203310,10165.5,193144.5
8260,2025-11-28,광주,식품,5,34731,0.05,4.0,21.0,173655,8682.75,164972.25
8261,2025-08-21,서울,식품,6,132869,0.1,2.0,66.0,797214,79721.4,717492.6
8262,2025-09-24,서울,생활용품,3,133788,0.15,1.0,66.0,401364,60204.6,341159.4
8263,2025-10-13,서울,전자제품,5,121717,0.3,1.0,29.0,608585,182575.5,426009.5
8264,2025-08-17,광주,생활용품,6,7897,0.15,4.0,20.0,47382,7107.3,40274.7
8265,2025-01-19,서울,전자제품,6,41328,0.05,4.0,43.0,247968,12398.4,235569.6
8266,2025-06-06,대구,생활용품,6,132618,0.15,2.0,21.0,795708,119356.2,676351.8
8267,2025-02-21,서울,의류,3,85328,0.3,3.0,39.0,255984,76795.2,179188.8
8268,2025-07-06,대구,의류,4,11006,0.25,3.0,57.0,44024,11006.0,33018.0
8269,2025-02-22,서울,전자제품,7,41117,0.05,5.0,34.0,287819,14390.95,273428.05
8270,2025-07-05,서울,의류,2,0,0.2,3.0,65.0,0,0.0,0.0
8271,2025-05-06,대구,의류,5,132454,0.25,3.0,18.0,662270,165567.5,496702.5
8272,2025-01-08,광주,식품,6,66733,0.05,3.0,55.0,400398,20019.9,380378.1
8273,2025-02-15,서울,식품,4,26981,0.15,1.0,44.0,107924,16188.6,91735.4
8274,2025-07-03,대구,의류,7,16194,0.1,4.0,30.0,113358,11335.8,102022.2
8275,2025-01-29,제주,식품,3,37673,0.05,5.0,40.0,113019,5650.95,107368.05
8276,2025-11-09,광주,생활용품,6,120856,0.3,1.0,32.0,725136,217540.8,507595.2
8277,2025-10-04,광주,전자제품,5,124855,0.1,1.0,50.0,624275,62427.5,561847.5
8278,2025-09-16,부산,식품,1,42184,0.1,3.0,68.0,42184,4218.4,37965.6
8279,2025-03-04,제주,생활용품,6,146713,0.0,4.0,44.0,880278,0.0,880278.0
8280,2025-10-18,서울,생활용품,5,132314,0.15,1.0,55.0,661570,99235.5,562334.5
8281,2025-08-20,광주,식품,2,148190,0.2,4.0,50.0,296380,59276.0,237104.0
8282,2025-05-23,대구,의류,5,114078,0.3,2.0,61.0,570390,171117.0,399273.0
8283,2025-01-01,서울,전자제품,4,88084,0.25,1.0,47.0,352336,88084.0,264252.0
8284,2025-07-13,제주,전자제품,7,147357,0.3,1.0,41.0,1031499,309449.7,722049.3
8285,2025-10-18,광주,생활용품,3,104863,0.3,3.0,24.0,314589,94376.7,220212.3
8286,2025-01-13,부산,의류,2,125622,0.2,3.0,59.0,251244,50248.8,200995.2
8287,2025-01-20,서울,전자제품,1,63414,0.3,3.0,65.0,63414,19024.2,44389.8
8288,2025-05-20,광주,생활용품,6,39939,0.1,4.0,69.0,239634,23963.4,215670.6
8289,2025-07-06,대구,식품,7,88152,0.25,5.0,56.0,617064,154266.0,462798.0
8290,2025-06-23,서울,의류,5,64336,0.2,5.0,36.0,321680,64336.0,257344.0
8291,2025-06-05,제주,생활용품,3,55905,0.15,4.0,55.0,167715,25157.25,142557.75
8292,2025-04-04,광주,생활용품,7,0,0.2,3.0,34.0,0,0.0,0.0
8293,2025-01-22,대구,전자제품,2,93551,0.25,2.0,65.0,187102,46775.5,140326.5
8294,2025-01-12,부산,식품,5,50829,0.1,4.0,20.0,254145,25414.5,228730.5
8295,2025-02-06,부산,식품,5,40031,0.25,4.0,65.0,200155,50038.75,150116.25
8296,2025-09-09,대구,생활용품,6,84243,0.0,5.0,57.0,505458,0.0,505458.0
8297,2025-10-14,서울,생활용품,7,52439,0.1,4.0,65.0,367073,36707.3,330365.7
8298,2025-06-08,부산,의류,3,39459,0.1,1.0,30.0,118377,11837.7,106539.3
8299,2025-01-29,부산,전자제품,1,37205,0.25,3.0,44.0,37205,9301.25,27903.75
8300,2025-06-01,서울,생활용품,2,101128,0.15,4.0,31.0,202256,30338.4,171917.6
8301,2025-12-26,서울,의류,6,65221,0.3,5.0,55.0,391326,117397.8,273928.2
8302,2025-04-02,부산,식품,3,0,0.3,2.0,51.0,0,0.0,0.0
8303,2025-06-29,부산,식품,1,21702,0.15,5.0,54.0,21702,3255.3,18446.7
8304,2025-07-16,부산,식품,6,13000,0.25,2.0,57.0,78000,19500.0,58500.0
8305,2025-05-01,광주,식품,5,105763,0.05,2.0,20.0,528815,26440.75,502374.25
8306,2025-06-09,대구,생활용품,1,145328,0.0,5.0,39.0,145328,0.0,145328.0
8307,2025-06-22,서울,생활용품,5,52090,0.15,1.0,31.0,260450,39067.5,221382.5
8308,2025-06-23,제주,전자제품,5,127366,0.1,2.0,68.0,636830,63683.0,573147.0
8309,2025-09-19,광주,생활용품,7,92223,0.25,5.0,46.0,645561,161390.25,484170.75
8310,2025-08-01,대구,식품,7,49039,0.15,5.0,26.0,343273,51490.95,291782.05
8311,2025-01-20,서울,생활용품,7,87182,0.0,1.0,38.0,610274,0.0,610274.0
8312,2025-01-03,제주,생활용품,7,23795,0.15,5.0,45.0,166565,24984.75,141580.25
8313,2025-05-30,광주,의류,6,53974,0.1,3.0,35.0,323844,32384.4,291459.6
8314,2025-11-28,대구,의류,5,111608,0.0,5.0,50.0,558040,0.0,558040.0
8315,2025-01-14,서울,의류,4,128420,0.15,3.0,58.0,513680,77052.0,436628.0
8316,2025-01-26,서울,생활용품,6,36997,0.3,3.0,50.0,221982,66594.6,155387.4
8317,2025-09-05,부산,식품,7,137059,0.3,2.0,48.0,959413,287823.9,671589.1
8318,2025-06-14,부산,의류,1,92791,0.3,3.0,52.0,92791,27837.3,64953.7
8319,2025-03-26,부산,생활용품,1,38243,0.3,3.0,33.0,38243,11472.9,26770.1
8320,2025-03-17,대구,생활용품,4,117967,0.3,3.0,51.0,471868,141560.4,330307.6
8321,2025-08-31,서울,전자제품,3,132750,0.0,2.0,20.0,398250,0.0,398250.0
8322,2025-07-11,부산,식품,4,44501,0.1,3.0,59.0,178004,17800.4,160203.6
8323,2025-08-21,제주,의류,3,20332,0.15,1.0,38.0,60996,9149.4,51846.6
8324,2025-04-13,제주,의류,6,46272,0.25,5.0,61.0,277632,69408.0,208224.0
8325,2025-07-12,서울,의류,7,114699,0.1,3.0,31.0,802893,80289.3,722603.7
8326,2025-11-10,광주,생활용품,2,13933,0.2,2.0,69.0,27866,5573.2,22292.8
8327,2025-04-26,제주,의류,6,46931,0.25,5.0,45.0,281586,70396.5,211189.5
8328,2025-05-25,대구,의류,1,51378,0.15,3.0,67.0,51378,7706.7,43671.3
8329,2025-03-01,부산,생활용품,6,7420,0.05,4.0,33.0,44520,2226.0,42294.0
8330,2025-08-22,대구,전자제품,5,91631,0.0,5.0,45.0,458155,0.0,458155.0
8331,2025-01-12,부산,의류,5,121876,0.15,5.0,55.0,609380,91407.0,517973.0
8332,2025-04-01,부산,식품,4,27590,0.05,2.0,55.0,110360,5518.0,104842.0
8333,2025-09-18,제주,생활용품,1,133558,0.2,3.0,31.0,133558,26711.6,106846.4
8334,2025-01-08,광주,의류,6,143197,0.05,5.0,39.0,859182,42959.1,816222.9
8335,2025-12-28,대구,의류,1,131246,0.3,3.0,30.0,131246,39373.8,91872.2
8336,2025-05-28,서울,생활용품,4,109751,0.3,,52.0,439004,131701.2,307302.8
8337,2025-05-26,제주,전자제품,2,69966,0.25,3.0,39.0,139932,34983.0,104949.0
8338,2025-07-15,서울,의류,6,34565,0.2,1.0,18.0,207390,41478.0,165912.0
8339,2025-08-22,광주,생활용품,5,137384,0.0,5.0,33.0,686920,0.0,686920.0
8340,2025-06-17,부산,생활용품,4,81939,0.3,3.0,37.0,327756,98326.8,229429.2
8341,2025-11-19,부산,전자제품,3,70541,0.0,2.0,47.0,211623,0.0,211623.0
8342,2025-12-18,서울,생활용품,6,61759,0.15,3.0,66.0,370554,55583.1,314970.9
8343,2025-03-15,부산,전자제품,2,36641,0.25,1.0,70.0,73282,18320.5,54961.5
8344,2025-09-15,광주,식품,6,60441,0.0,4.0,53.0,362646,0.0,362646.0
8345,2025-04-20,대구,생활용품,7,120742,0.15,3.0,65.0,845194,126779.1,718414.9
8346,2025-12-30,서울,의류,2,86198,0.15,1.0,18.0,172396,25859.4,146536.6
8347,2025-04-03,부산,의류,5,62351,0.05,3.0,63.0,311755,15587.75,296167.25
8348,2025-04-18,서울,의류,3,20681,0.0,1.0,45.0,62043,0.0,62043.0
8349,2025-09-18,대구,생활용품,7,65169,0.3,2.0,37.0,456183,136854.9,319328.1
8350,2025-10-16,제주,전자제품,7,36220,0.3,5.0,37.0,253540,76062.0,177478.0
8351,2025-02-16,제주,식품,3,62668,0.0,4.0,36.0,188004,0.0,188004.0
8352,2025-07-22,제주,식품,2,26703,0.05,3.0,60.0,53406,2670.3,50735.7
8353,2025-05-07,서울,생활용품,1,142431,0.1,3.0,42.0,142431,14243.1,128187.9
8354,2025-08-12,대구,의류,5,30227,0.05,3.0,24.0,151135,7556.75,143578.25
8355,2025-07-23,서울,의류,7,23002,0.0,1.0,65.0,161014,0.0,161014.0
8356,2025-12-26,대구,생활용품,2,100007,0.15,2.0,50.0,200014,30002.1,170011.9
8357,2025-12-07,대구,생활용품,6,54851,0.15,5.0,38.0,329106,49365.9,279740.1
8358,2025-08-27,광주,식품,6,149444,0.25,5.0,55.0,896664,224166.0,672498.0
8359,2025-09-05,부산,식품,4,63593,0.1,1.0,36.0,254372,25437.2,228934.8
8360,2025-11-25,서울,전자제품,2,99411,0.15,5.0,49.0,198822,29823.3,168998.7
8361,2025-03-08,대구,전자제품,5,125953,0.1,1.0,18.0,629765,62976.5,566788.5
8362,2025-09-22,대구,식품,5,147785,0.0,3.0,32.0,738925,0.0,738925.0
8363,2025-10-09,광주,의류,6,122394,0.25,5.0,36.0,734364,183591.0,550773.0
8364,2025-02-16,서울,생활용품,4,88666,0.25,2.0,60.0,354664,88666.0,265998.0
8365,2025-11-18,광주,식품,1,123090,0.2,5.0,57.0,123090,24618.0,98472.0
8366,2025-09-13,대구,의류,2,46080,0.0,5.0,60.0,92160,0.0,92160.0
8367,2025-05-07,광주,생활용품,3,131176,0.2,3.0,43.0,393528,78705.6,314822.4
8368,2025-06-26,제주,식품,4,131485,0.2,5.0,37.0,525940,105188.0,420752.0
8369,2025-06-28,부산,전자제품,3,60657,0.15,1.0,46.0,181971,27295.65,154675.35
8370,2025-12-02,광주,생활용품,7,10000000,0.2,3.0,32.0,70000000,14000000.0,56000000.0
8371,2025-12-20,서울,의류,2,104275,0.0,2.0,46.0,208550,0.0,208550.0
8372,2025-10-22,제주,전자제품,5,19852,0.05,4.0,53.0,99260,4963.0,94297.0
8373,2025-08-27,대구,식품,3,7523,0.0,,69.0,22569,0.0,22569.0
8374,2025-02-08,광주,식품,7,142406,0.15,3.0,37.0,996842,149526.3,847315.7
8375,2025-11-30,광주,전자제품,7,87306,0.3,4.0,24.0,611142,183342.6,427799.4
8376,2025-02-18,광주,식품,6,99277,0.0,2.0,36.0,595662,0.0,595662.0
8377,2025-03-02,부산,생활용품,6,132671,0.15,5.0,61.0,796026,119403.9,676622.1
8378,2025-01-26,광주,의류,5,139700,0.05,4.0,41.0,698500,34925.0,663575.0
8379,2025-12-12,대구,생활용품,5,143695,0.3,2.0,40.0,718475,215542.5,502932.5
8380,2025-06-30,광주,생활용품,4,24268,0.2,4.0,42.0,97072,19414.4,77657.6
8381,2025-03-28,광주,식품,1,51969,0.05,2.0,31.0,51969,2598.45,49370.55
8382,2025-01-30,대구,전자제품,7,116398,0.05,3.0,61.0,814786,40739.3,774046.7
8383,2025-05-31,서울,전자제품,7,9173,0.2,4.0,53.0,64211,12842.2,51368.8
8384,2025-09-22,부산,생활용품,4,39047,0.0,5.0,68.0,156188,0.0,156188.0
8385,2025-12-30,제주,식품,7,79643,0.0,2.0,23.0,557501,0.0,557501.0
8386,2025-07-21,대구,의류,3,54786,0.2,3.0,55.0,164358,32871.6,131486.4
8387,2025-08-10,광주,식품,1,30054,0.25,3.0,22.0,30054,7513.5,22540.5
8388,2025-11-02,부산,생활용품,6,135354,0.25,5.0,22.0,812124,203031.0,609093.0
8389,2025-11-26,광주,의류,4,69950,0.05,5.0,62.0,279800,13990.0,265810.0
8390,2025-04-13,대구,생활용품,7,64632,0.3,2.0,35.0,452424,135727.2,316696.8
8391,2025-12-29,부산,식품,2,100330,0.05,1.0,34.0,200660,10033.0,190627.0
8392,2025-07-09,서울,생활용품,4,102228,0.3,5.0,28.0,408912,122673.6,286238.4
8393,2025-12-06,부산,의류,5,76434,0.1,1.0,23.0,382170,38217.0,343953.0
8394,2025-02-12,대구,전자제품,1,133655,0.15,2.0,53.0,133655,20048.25,113606.75
8395,2025-02-05,부산,전자제품,7,47918,0.3,1.0,45.0,335426,100627.8,234798.2
8396,2025-11-19,부산,식품,5,131277,0.1,1.0,49.0,656385,65638.5,590746.5
8397,2025-09-03,부산,전자제품,2,130906,0.2,1.0,26.0,261812,52362.4,209449.6
8398,2025-03-05,부산,생활용품,6,6291,0.2,4.0,70.0,37746,7549.2,30196.8
8399,2025-11-23,광주,전자제품,7,114432,0.0,3.0,18.0,801024,0.0,801024.0
8400,2025-02-07,대구,의류,3,27941,0.25,1.0,41.0,83823,20955.75,62867.25
8401,2025-09-07,대구,의류,5,75411,0.1,4.0,45.0,377055,37705.5,339349.5
8402,2025-03-16,서울,의류,6,138201,0.15,1.0,23.0,829206,124380.9,704825.1
8403,2025-01-26,대구,의류,2,33355,0.1,3.0,48.0,66710,6671.0,60039.0
8404,2025-10-22,제주,생활용품,4,86550,0.3,4.0,49.0,346200,103860.0,242340.0
8405,2025-11-06,광주,생활용품,4,117761,0.15,3.0,46.0,471044,70656.6,400387.4
8406,2025-02-08,대구,생활용품,3,74629,0.2,2.0,37.0,223887,44777.4,179109.6
8407,2025-02-03,부산,식품,3,16331,0.15,5.0,67.0,48993,7348.95,41644.05
8408,2025-08-13,부산,의류,5,14462,0.1,5.0,27.0,72310,7231.0,65079.0
8409,2025-01-11,서울,전자제품,6,80091,0.2,5.0,57.0,480546,96109.2,384436.8
8410,2025-09-30,서울,생활용품,3,8632,0.25,1.0,37.0,25896,6474.0,19422.0
8411,2025-12-01,광주,전자제품,2,7242,0.0,2.0,38.0,14484,0.0,14484.0
8412,2025-10-02,제주,전자제품,6,10000000,0.05,2.0,30.0,60000000,3000000.0,57000000.0
8413,2025-03-26,제주,생활용품,2,82274,0.05,1.0,53.0,164548,8227.4,156320.6
8414,2025-03-11,광주,생활용품,1,73708,0.3,2.0,28.0,73708,22112.4,51595.6
8415,2025-09-06,제주,전자제품,3,19557,0.2,2.0,37.0,58671,11734.2,46936.8
8416,2025-01-23,대구,생활용품,6,119031,0.1,3.0,43.0,714186,71418.6,642767.4
8417,2025-07-16,부산,전자제품,6,79012,0.05,4.0,18.0,474072,23703.6,450368.4
8418,2025-06-13,부산,전자제품,3,36900,0.2,3.0,60.0,110700,22140.0,88560.0
8419,2025-09-29,부산,생활용품,4,114169,0.15,4.0,35.0,456676,68501.4,388174.6
8420,2025-03-15,광주,전자제품,7,39375,0.2,2.0,64.0,275625,55125.0,220500.0
8421,2025-10-06,서울,전자제품,6,77952,0.25,3.0,52.0,467712,116928.0,350784.0
8422,2025-09-13,제주,생활용품,6,86237,0.0,2.0,31.0,517422,0.0,517422.0
8423,2025-03-29,광주,의류,1,45456,0.2,1.0,53.0,45456,9091.2,36364.8
8424,2025-05-11,부산,의류,2,132024,0.25,1.0,41.0,264048,66012.0,198036.0
8425,2025-01-25,광주,생활용품,1,107011,0.05,1.0,43.0,107011,5350.55,101660.45
8426,2025-06-14,서울,전자제품,7,46844,0.1,4.0,62.0,327908,32790.8,295117.2
8427,2025-04-06,대구,생활용품,3,27704,0.2,1.0,51.0,83112,16622.4,66489.6
8428,2025-02-11,서울,식품,4,52676,0.1,3.0,70.0,210704,21070.4,189633.6
8429,2025-07-24,서울,의류,4,72477,0.3,1.0,67.0,289908,86972.4,202935.6
8430,2025-07-27,서울,식품,4,84841,0.0,2.0,63.0,339364,0.0,339364.0
8431,2025-02-01,광주,식품,1,63026,0.05,2.0,42.0,63026,3151.3,59874.7
8432,2025-03-09,광주,식품,7,10800,0.25,2.0,44.0,75600,18900.0,56700.0
8433,2025-01-31,제주,의류,3,103041,0.2,3.0,64.0,309123,61824.6,247298.4
8434,2025-09-05,제주,생활용품,7,59920,0.3,5.0,64.0,419440,125832.0,293608.0
8435,2025-05-04,제주,전자제품,6,53642,0.0,4.0,37.0,321852,0.0,321852.0
8436,2025-01-26,제주,의류,5,85661,0.0,2.0,55.0,428305,0.0,428305.0
8437,2025-03-11,서울,생활용품,5,126112,0.25,5.0,49.0,630560,157640.0,472920.0
8438,2025-12-23,광주,의류,7,5699,0.25,5.0,24.0,39893,9973.25,29919.75
8439,2025-04-04,광주,생활용품,3,144313,0.25,4.0,24.0,432939,108234.75,324704.25
8440,2025-09-07,서울,전자제품,3,97511,0.3,2.0,22.0,292533,87759.9,204773.1
8441,2025-06-20,서울,식품,5,84285,0.05,1.0,31.0,421425,21071.25,400353.75
8442,2025-03-08,제주,식품,2,12389,0.0,5.0,67.0,24778,0.0,24778.0
8443,2025-04-23,제주,의류,6,108128,0.1,5.0,34.0,648768,64876.8,583891.2
8444,2025-01-06,부산,식품,1,109394,0.3,3.0,66.0,109394,32818.2,76575.8
8445,2025-09-30,서울,식품,7,86261,0.15,3.0,41.0,603827,90574.05,513252.95
8446,2025-05-03,부산,생활용품,3,121244,0.0,3.0,42.0,363732,0.0,363732.0
8447,2025-07-02,서울,전자제품,1,126609,0.25,5.0,31.0,126609,31652.25,94956.75
8448,2025-02-25,광주,생활용품,5,126626,0.25,2.0,53.0,633130,158282.5,474847.5
8449,2025-10-28,부산,전자제품,2,52383,0.0,4.0,49.0,104766,0.0,104766.0
8450,2025-03-21,서울,식품,3,102641,0.15,5.0,34.0,307923,46188.45,261734.55
8451,2025-07-26,제주,의류,4,13310,0.25,2.0,59.0,53240,13310.0,39930.0
8452,2025-11-15,제주,생활용품,5,86428,0.3,2.0,55.0,432140,129642.0,302498.0
8453,2025-09-18,제주,생활용품,1,26164,0.2,1.0,55.0,26164,5232.8,20931.2
8454,2025-08-09,제주,전자제품,1,49596,0.1,4.0,41.0,49596,4959.6,44636.4
8455,2025-11-21,서울,의류,4,103117,0.3,2.0,52.0,412468,123740.4,288727.6
8456,2025-03-06,광주,식품,3,66569,0.1,1.0,36.0,199707,19970.7,179736.3
8457,2025-12-18,광주,생활용품,5,130196,0.2,3.0,70.0,650980,130196.0,520784.0
8458,2025-07-23,광주,생활용품,6,17623,0.25,3.0,41.0,105738,26434.5,79303.5
8459,2025-05-30,부산,전자제품,5,145931,0.15,1.0,32.0,729655,109448.25,620206.75
8460,2025-04-04,부산,식품,1,107530,0.2,4.0,42.0,107530,21506.0,86024.0
8461,2025-09-29,제주,생활용품,7,67425,0.25,3.0,67.0,471975,117993.75,353981.25
8462,2025-12-23,서울,생활용품,6,8579,0.2,3.0,67.0,51474,10294.8,41179.2
8463,2025-09-09,광주,의류,1,11058,0.1,2.0,36.0,11058,1105.8,9952.2
8464,2025-01-12,광주,전자제품,6,64948,0.2,4.0,64.0,389688,77937.6,311750.4
8465,2025-06-21,광주,식품,7,88005,0.1,4.0,34.0,616035,61603.5,554431.5
8466,2025-09-25,대구,생활용품,4,78401,0.2,4.0,28.0,313604,62720.8,250883.2
8467,2025-05-26,광주,의류,6,48107,0.0,2.0,29.0,288642,0.0,288642.0
8468,2025-10-10,제주,전자제품,7,99263,0.0,3.0,32.0,694841,0.0,694841.0
8469,2025-09-16,광주,식품,7,94070,0.15,2.0,33.0,658490,98773.5,559716.5
8470,2025-01-25,서울,전자제품,7,54764,0.0,2.0,33.0,383348,0.0,383348.0
8471,2025-07-23,부산,식품,2,52208,0.25,5.0,38.0,104416,26104.0,78312.0
8472,2025-03-04,부산,식품,1,69204,0.05,2.0,18.0,69204,3460.2,65743.8
8473,2025-06-27,부산,의류,5,112767,0.15,2.0,38.0,563835,84575.25,479259.75
8474,2025-05-21,부산,생활용품,5,90170,0.05,4.0,46.0,450850,22542.5,428307.5
8475,2025-10-22,부산,의류,4,23432,0.3,4.0,39.0,93728,28118.4,65609.6
8476,2025-11-13,광주,의류,2,138861,0.25,,43.0,277722,69430.5,208291.5
8477,2025-06-18,서울,식품,7,34311,0.0,1.0,29.0,240177,0.0,240177.0
8478,2025-07-16,광주,의류,3,102436,0.1,4.0,24.0,307308,30730.8,276577.2
8479,2025-08-17,광주,생활용품,6,7433,0.3,5.0,65.0,44598,13379.4,31218.6
8480,2025-08-28,제주,전자제품,5,41893,0.15,1.0,70.0,209465,31419.75,178045.25
8481,2025-08-20,서울,식품,7,86886,0.25,2.0,39.0,608202,152050.5,456151.5
8482,2025-10-13,부산,전자제품,5,127854,0.0,5.0,58.0,639270,0.0,639270.0
8483,2025-12-25,제주,전자제품,5,86600,0.15,4.0,25.0,433000,64950.0,368050.0
8484,2025-10-30,대구,전자제품,6,12984,0.3,4.0,27.0,77904,23371.2,54532.8
8485,2025-02-19,대구,의류,1,143567,0.05,2.0,45.0,143567,7178.35,136388.65
8486,2025-06-23,서울,생활용품,5,44483,0.0,3.0,55.0,222415,0.0,222415.0
8487,2025-06-18,광주,생활용품,5,57873,0.25,1.0,55.0,289365,72341.25,217023.75
8488,2025-07-05,부산,전자제품,6,20682,0.0,5.0,36.0,124092,0.0,124092.0
8489,2025-07-12,제주,의류,2,105959,0.1,3.0,64.0,211918,21191.8,190726.2
8490,2025-09-20,부산,식품,5,69821,0.25,4.0,51.0,349105,87276.25,261828.75
8491,2025-06-03,서울,식품,2,36837,0.3,5.0,34.0,73674,22102.2,51571.8
8492,2025-04-07,대구,의류,1,97355,0.0,1.0,42.0,97355,0.0,97355.0
8493,2025-06-17,대구,의류,5,33418,0.15,5.0,33.0,167090,25063.5,142026.5
8494,2025-11-08,대구,의류,1,81994,0.25,2.0,25.0,81994,20498.5,61495.5
8495,2025-04-24,제주,전자제품,1,101226,0.1,2.0,18.0,101226,10122.6,91103.4
8496,2025-01-08,부산,식품,4,122633,0.1,3.0,42.0,490532,49053.2,441478.8
8497,2025-12-23,부산,식품,7,105747,0.15,2.0,18.0,740229,111034.35,629194.65
8498,2025-03-13,광주,전자제품,6,87286,0.25,2.0,68.0,523716,130929.0,392787.0
8499,2025-08-09,서울,전자제품,1,9928,0.0,4.0,64.0,9928,0.0,9928.0
8500,2025-10-20,제주,식품,1,38736,0.0,2.0,57.0,38736,0.0,38736.0
8501,2025-04-11,부산,전자제품,4,88788,0.0,4.0,57.0,355152,0.0,355152.0
8502,2025-05-05,부산,의류,4,82781,0.1,2.0,51.0,331124,33112.4,298011.6
8503,2025-04-13,서울,전자제품,1,82375,0.05,2.0,56.0,82375,4118.75,78256.25
8504,2025-02-24,부산,전자제품,2,111646,0.15,1.0,62.0,223292,33493.8,189798.2
8505,2025-02-25,대구,생활용품,1,136210,0.1,5.0,45.0,136210,13621.0,122589.0
8506,2025-03-10,광주,의류,4,77928,0.2,1.0,61.0,311712,62342.4,249369.6
8507,2025-06-17,제주,의류,5,24509,0.1,3.0,30.0,122545,12254.5,110290.5
8508,2025-07-13,광주,전자제품,3,69086,0.25,2.0,65.0,207258,51814.5,155443.5
8509,2025-01-06,부산,전자제품,5,41661,0.1,5.0,55.0,208305,20830.5,187474.5
8510,2025-11-05,제주,생활용품,2,81719,0.05,1.0,23.0,163438,8171.9,155266.1
8511,2025-09-04,서울,생활용품,6,90512,0.3,3.0,27.0,543072,162921.6,380150.4
8512,2025-01-26,부산,생활용품,1,84468,0.2,3.0,24.0,84468,16893.6,67574.4
8513,2025-11-04,부산,생활용품,4,89348,0.0,5.0,30.0,357392,0.0,357392.0
8514,2025-01-12,대구,전자제품,3,0,0.05,1.0,60.0,0,0.0,0.0
8515,2025-07-24,부산,생활용품,4,30653,0.0,5.0,61.0,122612,0.0,122612.0
8516,2025-06-19,제주,식품,4,128863,0.25,1.0,70.0,515452,128863.0,386589.0
8517,2025-07-03,부산,의류,5,63219,0.2,2.0,24.0,316095,63219.0,252876.0
8518,2025-12-16,부산,식품,7,35114,0.3,5.0,47.0,245798,73739.4,172058.6
8519,2025-12-05,광주,의류,4,149331,0.1,2.0,61.0,597324,59732.4,537591.6
8520,2025-04-12,대구,생활용품,2,9760,0.0,3.0,69.0,19520,0.0,19520.0
8521,2025-07-31,대구,생활용품,4,55226,0.15,2.0,23.0,220904,33135.6,187768.4
8522,2025-12-17,제주,의류,4,112517,0.0,5.0,53.0,450068,0.0,450068.0
8523,2025-09-24,대구,식품,7,64576,0.05,1.0,22.0,452032,22601.6,429430.4
8524,2025-11-21,서울,의류,4,127136,0.25,5.0,,508544,127136.0,381408.0
8525,2025-06-08,광주,식품,7,57040,0.1,2.0,62.0,399280,39928.0,359352.0
8526,2025-04-14,광주,전자제품,5,98197,0.3,3.0,67.0,490985,147295.5,343689.5
8527,2025-07-06,부산,의류,5,66991,0.15,2.0,27.0,334955,50243.25,284711.75
8528,2025-10-26,제주,전자제품,3,72997,0.2,4.0,62.0,218991,43798.2,175192.8
8529,2025-12-06,부산,식품,2,77200,0.25,4.0,66.0,154400,38600.0,115800.0
8530,2025-09-08,서울,의류,1,146405,0.15,1.0,46.0,146405,21960.75,124444.25
8531,2025-09-15,서울,생활용품,4,115186,0.1,2.0,27.0,460744,46074.4,414669.6
8532,2025-07-06,광주,의류,7,58760,0.25,4.0,57.0,411320,102830.0,308490.0
8533,2025-04-27,부산,생활용품,1,65410,0.25,3.0,47.0,65410,16352.5,49057.5
8534,2025-06-04,대구,생활용품,7,63855,0.1,3.0,36.0,446985,44698.5,402286.5
8535,2025-07-01,광주,전자제품,7,111739,0.25,2.0,63.0,782173,195543.25,586629.75
8536,2025-10-25,제주,생활용품,4,90711,0.3,4.0,50.0,362844,108853.2,253990.8
8537,2025-07-22,대구,식품,3,82493,0.05,5.0,32.0,247479,12373.95,235105.05
8538,2025-10-17,제주,의류,5,67412,0.25,1.0,39.0,337060,84265.0,252795.0
8539,2025-01-10,부산,전자제품,6,62774,0.0,4.0,34.0,376644,0.0,376644.0
8540,2025-10-04,제주,의류,1,85518,0.3,5.0,45.0,85518,25655.4,59862.6
8541,2025-07-05,부산,의류,4,125522,0.3,2.0,32.0,502088,150626.4,351461.6
8542,2025-12-31,서울,생활용품,1,145152,0.25,3.0,51.0,145152,36288.0,108864.0
8543,2025-06-22,광주,생활용품,5,13839,0.1,3.0,41.0,69195,6919.5,62275.5
8544,2025-06-24,광주,생활용품,1,39437,0.3,4.0,20.0,39437,11831.1,27605.9
8545,2025-02-16,제주,의류,3,104353,0.15,4.0,18.0,313059,46958.85,266100.15
8546,2025-10-22,제주,생활용품,6,26541,0.0,5.0,23.0,159246,0.0,159246.0
8547,2025-09-14,서울,전자제품,6,93521,0.25,3.0,26.0,561126,140281.5,420844.5
8548,2025-11-11,광주,생활용품,2,66415,0.3,5.0,22.0,132830,39849.0,92981.0
8549,2025-02-03,광주,전자제품,4,32665,0.1,3.0,53.0,130660,13066.0,117594.0
8550,2025-03-19,광주,식품,2,78080,0.05,2.0,49.0,156160,7808.0,148352.0
8551,2025-11-17,서울,생활용품,5,78813,0.15,4.0,19.0,394065,59109.75,334955.25
8552,2025-01-16,서울,의류,1,108414,0.1,3.0,39.0,108414,10841.4,97572.6
8553,2025-07-05,광주,생활용품,6,124757,0.2,4.0,33.0,748542,149708.4,598833.6
8554,2025-05-28,제주,의류,1,143501,0.1,4.0,44.0,143501,14350.1,129150.9
8555,2025-12-09,서울,의류,5,68668,0.05,1.0,49.0,343340,17167.0,326173.0
8556,2025-11-09,서울,전자제품,3,104857,0.05,3.0,44.0,314571,15728.55,298842.45
8557,2025-11-24,대구,생활용품,2,119146,0.2,1.0,39.0,238292,47658.4,190633.6
8558,2025-04-16,부산,의류,4,148141,0.15,3.0,20.0,592564,88884.6,503679.4
8559,2025-08-03,제주,의류,1,99286,0.0,4.0,60.0,99286,0.0,99286.0
8560,2025-09-13,제주,식품,5,40719,0.15,4.0,60.0,203595,30539.25,173055.75
8561,2025-12-20,대구,생활용품,5,54589,0.25,1.0,63.0,272945,68236.25,204708.75
8562,2025-01-03,제주,식품,4,35289,0.05,5.0,55.0,141156,7057.8,134098.2
8563,2025-12-23,부산,전자제품,3,33672,0.05,4.0,35.0,101016,5050.8,95965.2
8564,2025-05-10,제주,전자제품,4,49447,0.1,2.0,54.0,197788,19778.8,178009.2
8565,2025-02-16,대구,의류,7,77260,0.3,3.0,65.0,540820,162246.0,378574.0
8566,2025-08-13,대구,의류,6,119133,0.1,1.0,19.0,714798,71479.8,643318.2
8567,2025-10-13,서울,전자제품,1,47219,0.25,2.0,44.0,47219,11804.75,35414.25
8568,2025-02-17,서울,의류,3,32044,0.2,4.0,52.0,96132,19226.4,76905.6
8569,2025-01-15,서울,생활용품,1,23348,0.3,5.0,70.0,23348,7004.4,16343.6
8570,2025-11-24,대구,의류,2,33447,0.2,3.0,44.0,66894,13378.8,53515.2
8571,2025-12-07,서울,생활용품,6,67755,0.1,2.0,64.0,406530,40653.0,365877.0
8572,2025-02-27,서울,전자제품,6,64702,0.25,5.0,58.0,388212,97053.0,291159.0
8573,2025-11-26,광주,식품,4,62832,0.0,3.0,59.0,251328,0.0,251328.0
8574,2025-11-29,제주,의류,5,51044,0.25,4.0,23.0,255220,63805.0,191415.0
8575,2025-12-31,서울,식품,3,70720,0.05,4.0,44.0,212160,10608.0,201552.0
8576,2025-03-20,대구,전자제품,4,98739,0.2,2.0,57.0,394956,78991.2,315964.8
8577,2025-07-31,제주,식품,6,11455,0.2,1.0,24.0,68730,13746.0,54984.0
8578,2025-12-29,대구,식품,2,134075,0.05,4.0,68.0,268150,13407.5,254742.5
8579,2025-11-26,서울,전자제품,3,49314,0.15,5.0,54.0,147942,22191.3,125750.7
8580,2025-08-09,서울,식품,1,25105,0.15,5.0,63.0,25105,3765.75,21339.25
8581,2025-03-13,제주,식품,2,30331,0.25,5.0,51.0,60662,15165.5,45496.5
8582,2025-01-31,대구,생활용품,1,84280,0.15,2.0,65.0,84280,12642.0,71638.0
8583,2025-04-05,서울,식품,6,80509,0.0,5.0,65.0,483054,0.0,483054.0
8584,2025-01-24,제주,식품,6,17818,0.0,1.0,22.0,106908,0.0,106908.0
8585,2025-03-13,제주,식품,3,77387,0.2,2.0,67.0,232161,46432.2,185728.8
8586,2025-01-28,광주,의류,5,37116,0.3,4.0,46.0,185580,55674.0,129906.0
8587,2025-10-06,서울,식품,2,137112,0.15,2.0,43.0,274224,41133.6,233090.4
8588,2025-08-04,서울,생활용품,1,49820,0.0,1.0,31.0,49820,0.0,49820.0
8589,2025-07-09,부산,식품,4,149924,0.05,1.0,39.0,599696,29984.8,569711.2
8590,2025-10-23,서울,식품,2,88970,0.3,5.0,46.0,177940,53382.0,124558.0
8591,2025-05-30,대구,전자제품,6,144837,0.2,3.0,46.0,869022,173804.4,695217.6
8592,2025-05-28,부산,생활용품,2,85458,0.0,1.0,55.0,170916,0.0,170916.0
8593,2025-03-17,광주,식품,6,23267,0.05,4.0,53.0,139602,6980.1,132621.9
8594,2025-06-12,서울,전자제품,2,98245,0.25,2.0,57.0,196490,49122.5,147367.5
8595,2025-03-05,광주,전자제품,1,74262,0.2,2.0,48.0,74262,14852.4,59409.6
8596,2025-08-04,제주,식품,4,123742,0.1,5.0,70.0,494968,49496.8,445471.2
8597,2025-12-31,서울,생활용품,2,61750,0.2,3.0,64.0,123500,24700.0,98800.0
8598,2025-07-14,광주,전자제품,3,32148,0.3,1.0,68.0,96444,28933.2,67510.8
8599,2025-04-20,대구,전자제품,3,21473,0.3,5.0,56.0,64419,19325.7,45093.3
8600,2025-09-09,서울,의류,7,112791,0.25,1.0,31.0,789537,197384.25,592152.75
8601,2025-10-27,부산,식품,4,38764,0.1,4.0,69.0,155056,15505.6,139550.4
8602,2025-06-22,광주,생활용품,6,101718,0.0,1.0,66.0,610308,0.0,610308.0
8603,2025-04-02,제주,생활용품,5,24498,0.1,2.0,33.0,122490,12249.0,110241.0
8604,2025-09-18,부산,의류,7,16558,0.0,5.0,64.0,115906,0.0,115906.0
8605,2025-03-10,서울,식품,4,108019,0.15,1.0,45.0,432076,64811.4,367264.6
8606,2025-12-31,부산,의류,7,54981,0.2,5.0,56.0,384867,76973.4,307893.6
8607,2025-04-27,제주,의류,7,87256,0.1,2.0,36.0,610792,61079.2,549712.8
8608,2025-05-08,대구,식품,7,9016,0.05,2.0,31.0,63112,3155.6,59956.4
8609,2025-09-23,대구,식품,5,32271,0.15,5.0,39.0,161355,24203.25,137151.75
8610,2025-01-05,서울,생활용품,7,18076,0.0,4.0,27.0,126532,0.0,126532.0
8611,2025-03-16,광주,의류,6,45578,0.05,2.0,25.0,273468,13673.4,259794.6
8612,2025-02-15,대구,식품,3,46149,0.3,4.0,41.0,138447,41534.1,96912.9
8613,2025-05-23,대구,생활용품,2,59303,0.3,3.0,68.0,118606,35581.8,83024.2
8614,2025-07-22,제주,식품,2,40252,0.2,1.0,20.0,80504,16100.8,64403.2
8615,2025-03-07,대구,전자제품,5,71215,0.1,2.0,35.0,356075,35607.5,320467.5
8616,2025-05-06,제주,생활용품,2,135526,0.0,2.0,33.0,271052,0.0,271052.0
8617,2025-10-09,대구,생활용품,2,17487,0.2,3.0,29.0,34974,6994.8,27979.2
8618,2025-12-10,부산,식품,5,134600,0.15,5.0,21.0,673000,100950.0,572050.0
8619,2025-01-06,제주,생활용품,3,64822,0.2,3.0,27.0,194466,38893.2,155572.8
8620,2025-08-18,광주,식품,5,88791,0.05,1.0,45.0,443955,22197.75,421757.25
8621,2025-01-10,광주,의류,7,102425,0.25,4.0,40.0,716975,179243.75,537731.25
8622,2025-07-09,부산,전자제품,1,111580,0.25,3.0,50.0,111580,27895.0,83685.0
8623,2025-11-18,광주,의류,5,141855,0.1,2.0,63.0,709275,70927.5,638347.5
8624,2025-10-19,대구,전자제품,6,149943,0.0,2.0,23.0,899658,0.0,899658.0
8625,2025-03-26,서울,전자제품,1,19267,0.15,4.0,35.0,19267,2890.05,16376.95
8626,2025-04-05,부산,생활용품,6,64478,0.1,3.0,64.0,386868,38686.8,348181.2
8627,2025-10-13,제주,전자제품,4,83162,0.25,3.0,30.0,332648,83162.0,249486.0
8628,2025-10-27,대구,식품,5,80752,0.05,1.0,23.0,403760,20188.0,383572.0
8629,2025-04-13,광주,생활용품,1,148745,0.0,1.0,30.0,148745,0.0,148745.0
8630,2025-01-02,서울,생활용품,4,99417,0.3,2.0,38.0,397668,119300.4,278367.6
8631,2025-06-12,부산,식품,3,63357,0.05,4.0,31.0,190071,9503.55,180567.45
8632,2025-08-15,제주,전자제품,2,138481,0.0,1.0,44.0,276962,0.0,276962.0
8633,2025-06-11,대구,식품,6,110976,0.25,1.0,28.0,665856,166464.0,499392.0
8634,2025-12-08,제주,의류,4,120568,0.25,5.0,48.0,482272,120568.0,361704.0
8635,2025-10-24,제주,식품,7,95993,0.05,2.0,63.0,671951,33597.55,638353.45
8636,2025-10-15,부산,의류,2,14341,0.15,1.0,34.0,28682,4302.3,24379.7
8637,2025-01-08,제주,생활용품,6,145736,0.2,5.0,46.0,874416,174883.2,699532.8
8638,2025-11-08,광주,의류,5,108378,0.25,3.0,55.0,541890,135472.5,406417.5
8639,2025-10-03,서울,의류,5,26641,0.1,1.0,,133205,13320.5,119884.5
8640,2025-05-25,서울,의류,3,41530,0.05,3.0,36.0,124590,6229.5,118360.5
8641,2025-08-04,서울,전자제품,5,54426,0.0,1.0,51.0,272130,0.0,272130.0
8642,2025-10-28,광주,의류,2,41961,0.25,2.0,31.0,83922,20980.5,62941.5
8643,2025-11-27,서울,생활용품,6,95031,0.25,5.0,39.0,570186,142546.5,427639.5
8644,2025-07-21,부산,의류,4,84350,0.3,4.0,42.0,337400,101220.0,236180.0
8645,2025-01-16,대구,생활용품,4,35782,0.25,3.0,67.0,143128,35782.0,107346.0
8646,2025-08-14,서울,생활용품,5,105964,0.05,2.0,24.0,529820,26491.0,503329.0
8647,2025-09-06,부산,식품,1,46594,0.05,3.0,51.0,46594,2329.7,44264.3
8648,2025-01-22,광주,식품,3,28088,0.05,4.0,69.0,84264,4213.2,80050.8
8649,2025-10-26,제주,생활용품,2,143713,0.15,4.0,65.0,287426,43113.9,244312.1
8650,2025-03-15,대구,식품,7,50604,0.3,3.0,47.0,354228,106268.4,247959.6
8651,2025-11-22,광주,의류,3,38737,0.2,1.0,38.0,116211,23242.2,92968.8
8652,2025-07-21,대구,의류,1,108838,0.15,5.0,25.0,108838,16325.7,92512.3
8653,2025-04-28,대구,전자제품,1,115708,0.25,2.0,31.0,115708,28927.0,86781.0
8654,2025-01-22,대구,식품,7,27040,0.25,5.0,60.0,189280,47320.0,141960.0
8655,2025-01-07,제주,식품,2,13097,0.1,5.0,19.0,26194,2619.4,23574.6
8656,2025-09-28,서울,전자제품,1,128208,0.25,2.0,56.0,128208,32052.0,96156.0
8657,2025-05-18,대구,생활용품,2,78092,0.0,3.0,67.0,156184,0.0,156184.0
8658,2025-11-03,서울,생활용품,2,71126,0.1,4.0,40.0,142252,14225.2,128026.8
8659,2025-03-26,제주,생활용품,1,65961,0.05,2.0,60.0,65961,3298.05,62662.95
8660,2025-12-02,광주,전자제품,7,89969,0.05,4.0,70.0,629783,31489.15,598293.85
8661,2025-12-10,서울,식품,1,102662,0.05,3.0,58.0,102662,5133.1,97528.9
8662,2025-02-07,광주,전자제품,6,16657,0.1,5.0,44.0,99942,9994.2,89947.8
8663,2025-08-25,대구,전자제품,6,43490,0.25,5.0,47.0,260940,65235.0,195705.0
8664,2025-12-09,서울,의류,5,143403,0.2,5.0,29.0,717015,143403.0,573612.0
8665,2025-04-28,제주,생활용품,1,29209,0.15,2.0,24.0,29209,4381.35,24827.65
8666,2025-01-25,부산,전자제품,6,136593,0.15,4.0,59.0,819558,122933.7,696624.3
8667,2025-11-16,서울,의류,3,63194,0.05,4.0,45.0,189582,9479.1,180102.9
8668,2025-06-23,광주,전자제품,3,32561,0.25,3.0,67.0,97683,24420.75,73262.25
8669,2025-01-10,부산,생활용품,2,91241,0.25,1.0,57.0,182482,45620.5,136861.5
8670,2025-11-03,광주,전자제품,6,101150,0.15,2.0,31.0,606900,91035.0,515865.0
8671,2025-09-05,서울,식품,5,55722,0.25,3.0,69.0,278610,69652.5,208957.5
8672,2025-01-26,제주,전자제품,2,120002,0.25,5.0,18.0,240004,60001.0,180003.0
8673,2025-04-05,대구,식품,3,14256,0.25,5.0,23.0,42768,10692.0,32076.0
8674,2025-01-07,대구,식품,6,22685,0.0,5.0,50.0,136110,0.0,136110.0
8675,2025-12-15,제주,의류,7,95130,0.0,5.0,50.0,665910,0.0,665910.0
8676,2025-01-10,대구,생활용품,7,88731,0.15,1.0,56.0,621117,93167.55,527949.45
8677,2025-10-18,서울,생활용품,1,106368,0.0,5.0,52.0,106368,0.0,106368.0
8678,2025-07-06,대구,식품,7,128316,0.0,3.0,31.0,898212,0.0,898212.0
8679,2025-08-01,광주,생활용품,4,139855,0.0,1.0,25.0,559420,0.0,559420.0
8680,2025-10-24,부산,식품,6,78474,0.0,1.0,69.0,470844,0.0,470844.0
8681,2025-11-23,서울,전자제품,3,77689,0.1,2.0,35.0,233067,23306.7,209760.3
8682,2025-02-16,서울,의류,5,138949,0.1,2.0,26.0,694745,69474.5,625270.5
8683,2025-01-07,제주,의류,2,144316,0.25,1.0,21.0,288632,72158.0,216474.0
8684,2025-02-15,서울,식품,4,11931,0.3,2.0,60.0,47724,14317.2,33406.8
8685,2025-09-07,대구,의류,2,78334,0.05,3.0,62.0,156668,7833.4,148834.6
8686,2025-07-27,제주,식품,3,138286,0.1,2.0,64.0,414858,41485.8,373372.2
8687,2025-01-31,부산,전자제품,3,12409,0.15,4.0,63.0,37227,5584.05,31642.95
8688,2025-03-27,부산,식품,7,146697,0.05,4.0,27.0,1026879,51343.95,975535.05
8689,2025-07-16,광주,식품,5,113615,0.1,2.0,18.0,568075,56807.5,511267.5
8690,2025-09-24,광주,식품,5,27611,0.2,1.0,44.0,138055,27611.0,110444.0
8691,2025-05-06,서울,생활용품,2,97918,0.1,2.0,44.0,195836,19583.6,176252.4
8692,2025-12-13,대구,식품,4,67488,0.2,4.0,19.0,269952,53990.4,215961.6
8693,2025-12-29,서울,의류,4,53487,0.0,2.0,64.0,213948,0.0,213948.0
8694,2025-10-07,부산,전자제품,6,95011,0.15,3.0,52.0,570066,85509.9,484556.1
8695,2025-06-15,부산,식품,2,111605,0.1,5.0,54.0,223210,22321.0,200889.0
8696,2025-11-17,제주,생활용품,1,134520,0.1,4.0,46.0,134520,13452.0,121068.0
8697,2025-09-23,제주,생활용품,4,65533,0.15,4.0,70.0,262132,39319.8,222812.2
8698,2025-07-09,광주,생활용품,6,28131,0.1,1.0,59.0,168786,16878.6,151907.4
8699,2025-06-11,광주,전자제품,6,130249,0.25,4.0,48.0,781494,195373.5,586120.5
8700,2025-10-31,서울,생활용품,6,53434,0.05,2.0,44.0,320604,16030.2,304573.8
8701,2025-07-23,서울,식품,3,115101,0.3,3.0,62.0,345303,103590.9,241712.1
8702,2025-03-08,광주,전자제품,2,120700,0.1,4.0,36.0,241400,24140.0,217260.0
8703,2025-12-31,대구,전자제품,5,13476,0.15,5.0,63.0,67380,10107.0,57273.0
8704,2025-01-25,대구,생활용품,1,64451,0.05,4.0,25.0,64451,3222.55,61228.45
8705,2025-09-11,광주,의류,7,17299,0.3,2.0,19.0,121093,36327.9,84765.1
8706,2025-08-28,부산,의류,5,92717,0.2,3.0,20.0,463585,92717.0,370868.0
8707,2025-08-02,광주,생활용품,4,120265,0.25,2.0,37.0,481060,120265.0,360795.0
8708,2025-01-19,광주,전자제품,2,86201,0.3,3.0,46.0,172402,51720.6,120681.4
8709,2025-06-29,부산,전자제품,2,51957,0.3,4.0,65.0,103914,31174.2,72739.8
8710,2025-11-22,광주,생활용품,7,146110,0.05,5.0,66.0,1022770,51138.5,971631.5
8711,2025-03-29,서울,의류,1,17409,0.1,2.0,19.0,17409,1740.9,15668.1
8712,2025-09-10,부산,생활용품,1,25522,0.05,2.0,58.0,25522,1276.1,24245.9
8713,2025-11-10,광주,의류,3,58094,0.15,5.0,28.0,174282,26142.3,148139.7
8714,2025-12-14,제주,전자제품,2,142524,0.3,1.0,38.0,285048,85514.4,199533.6
8715,2025-07-08,서울,의류,5,134694,0.25,2.0,63.0,673470,168367.5,505102.5
8716,2025-04-25,광주,생활용품,1,86802,0.15,5.0,70.0,86802,13020.3,73781.7
8717,2025-09-13,대구,전자제품,6,143066,0.15,5.0,60.0,858396,128759.4,729636.6
8718,2025-06-27,광주,전자제품,6,136102,0.25,5.0,27.0,816612,204153.0,612459.0
8719,2025-08-17,광주,식품,2,90112,0.15,5.0,20.0,180224,27033.6,153190.4
8720,2025-09-28,서울,식품,5,22101,0.3,2.0,70.0,110505,33151.5,77353.5
8721,2025-09-17,광주,의류,5,135435,0.15,1.0,30.0,677175,101576.25,575598.75
8722,2025-03-30,부산,전자제품,6,98018,0.2,5.0,30.0,588108,117621.6,470486.4
8723,2025-10-03,서울,생활용품,6,25472,0.2,3.0,45.0,152832,30566.4,122265.6
8724,2025-07-17,대구,전자제품,7,126816,0.25,2.0,26.0,887712,221928.0,665784.0
8725,2025-12-06,서울,전자제품,1,62825,0.15,3.0,53.0,62825,9423.75,53401.25
8726,2025-08-29,광주,생활용품,5,119098,0.1,5.0,63.0,595490,59549.0,535941.0
8727,2025-11-22,대구,식품,6,42944,0.1,3.0,36.0,257664,25766.4,231897.6
8728,2025-12-24,대구,의류,2,6441,0.3,4.0,42.0,12882,3864.6,9017.4
8729,2025-12-29,서울,식품,2,70806,0.0,3.0,65.0,141612,0.0,141612.0
8730,2025-09-29,광주,식품,1,70570,0.2,3.0,65.0,70570,14114.0,56456.0
8731,2025-08-07,서울,의류,7,130231,0.3,5.0,22.0,911617,273485.1,638131.9
8732,2025-02-13,부산,생활용품,7,21725,0.0,5.0,57.0,152075,0.0,152075.0
8733,2025-05-21,부산,전자제품,1,137394,0.2,3.0,19.0,137394,27478.8,109915.2
8734,2025-06-23,광주,생활용품,2,27159,0.2,5.0,26.0,54318,10863.6,43454.4
8735,2025-10-12,대구,전자제품,4,140501,0.1,4.0,51.0,562004,56200.4,505803.6
8736,2025-08-03,제주,생활용품,7,107412,0.0,1.0,24.0,751884,0.0,751884.0
8737,2025-06-10,제주,생활용품,6,57194,0.2,5.0,27.0,343164,68632.8,274531.2
8738,2025-02-23,광주,생활용품,7,143704,0.15,4.0,41.0,1005928,150889.2,855038.8
8739,2025-09-19,서울,의류,6,57074,0.25,5.0,40.0,342444,85611.0,256833.0
8740,2025-06-07,광주,생활용품,5,96944,0.0,4.0,47.0,484720,0.0,484720.0
8741,2025-01-14,부산,생활용품,3,7347,0.3,5.0,66.0,22041,6612.3,15428.7
8742,2025-04-14,제주,의류,5,19844,0.2,3.0,40.0,99220,19844.0,79376.0
8743,2025-11-18,제주,생활용품,4,56238,0.15,1.0,34.0,224952,33742.8,191209.2
8744,2025-02-13,서울,식품,7,40379,0.15,2.0,29.0,282653,42397.95,240255.05
8745,2025-05-29,서울,생활용품,4,37976,0.3,1.0,,151904,45571.2,106332.8
8746,2025-07-06,광주,생활용품,6,59937,0.15,2.0,29.0,359622,53943.3,305678.7
8747,2025-01-31,서울,의류,2,93250,0.2,3.0,18.0,186500,37300.0,149200.0
8748,2025-03-02,제주,전자제품,5,23176,0.2,5.0,45.0,115880,23176.0,92704.0
8749,2025-12-10,대구,전자제품,4,114050,0.1,4.0,56.0,456200,45620.0,410580.0
8750,2025-08-04,대구,전자제품,4,127956,0.05,3.0,18.0,511824,25591.2,486232.8
8751,2025-03-18,제주,의류,6,126178,0.25,3.0,,757068,189267.0,567801.0
8752,2025-03-03,부산,식품,4,33203,0.1,3.0,41.0,132812,13281.2,119530.8
8753,2025-06-05,대구,생활용품,1,10000000,0.0,3.0,59.0,10000000,0.0,10000000.0
8754,2025-09-22,제주,식품,3,23785,0.15,3.0,19.0,71355,10703.25,60651.75
8755,2025-09-24,서울,전자제품,7,20510,0.0,5.0,65.0,143570,0.0,143570.0
8756,2025-03-13,서울,의류,7,110225,0.15,1.0,64.0,771575,115736.25,655838.75
8757,2025-09-22,서울,전자제품,5,115260,0.2,2.0,54.0,576300,115260.0,461040.0
8758,2025-11-24,부산,생활용품,5,23390,0.3,1.0,50.0,116950,35085.0,81865.0
8759,2025-03-24,서울,전자제품,2,65272,0.2,5.0,55.0,130544,26108.8,104435.2
8760,2025-01-10,서울,식품,6,64496,0.1,1.0,26.0,386976,38697.6,348278.4
8761,2025-12-16,제주,생활용품,5,109788,0.2,4.0,65.0,548940,109788.0,439152.0
8762,2025-07-10,대구,의류,1,79749,0.2,1.0,58.0,79749,15949.8,63799.2
8763,2025-10-11,부산,생활용품,7,92111,0.25,3.0,58.0,644777,161194.25,483582.75
8764,2025-04-27,대구,식품,6,16633,0.3,5.0,44.0,99798,29939.4,69858.6
8765,2025-04-20,제주,생활용품,1,146652,0.0,5.0,25.0,146652,0.0,146652.0
8766,2025-03-24,대구,의류,3,85589,0.25,1.0,45.0,256767,64191.75,192575.25
8767,2025-03-21,대구,의류,6,101950,0.25,4.0,46.0,611700,152925.0,458775.0
8768,2025-06-22,제주,전자제품,6,74624,0.1,2.0,31.0,447744,44774.4,402969.6
8769,2025-02-08,서울,생활용품,2,40712,0.1,4.0,66.0,81424,8142.4,73281.6
8770,2025-11-04,대구,전자제품,1,101921,0.1,3.0,38.0,101921,10192.1,91728.9
8771,2025-07-06,광주,식품,7,46819,0.1,4.0,68.0,327733,32773.3,294959.7
8772,2025-12-01,대구,의류,7,36776,0.3,5.0,64.0,257432,77229.6,180202.4
8773,2025-07-03,제주,생활용품,6,85099,0.1,2.0,21.0,510594,51059.4,459534.6
8774,2025-04-21,제주,의류,5,56711,0.15,1.0,25.0,283555,42533.25,241021.75
8775,2025-07-07,부산,식품,5,134688,0.2,2.0,38.0,673440,134688.0,538752.0
8776,2025-02-26,제주,식품,4,100650,0.05,2.0,51.0,402600,20130.0,382470.0
8777,2025-10-28,부산,생활용품,5,59148,0.2,1.0,24.0,295740,59148.0,236592.0
8778,2025-09-20,부산,식품,3,10161,0.15,4.0,29.0,30483,4572.45,25910.55
8779,2025-02-23,제주,생활용품,1,54451,0.05,5.0,63.0,54451,2722.55,51728.45
8780,2025-08-01,서울,전자제품,3,21790,0.05,3.0,41.0,65370,3268.5,62101.5
8781,2025-07-16,부산,의류,3,36783,0.0,3.0,47.0,110349,0.0,110349.0
8782,2025-03-15,광주,의류,3,46115,0.2,3.0,46.0,138345,27669.0,110676.0
8783,2025-02-14,대구,의류,4,99616,0.25,5.0,69.0,398464,99616.0,298848.0
8784,2025-10-05,제주,식품,1,20421,0.3,1.0,24.0,20421,6126.3,14294.7
8785,2025-04-07,부산,의류,3,28492,0.2,3.0,45.0,85476,17095.2,68380.8
8786,2025-07-09,대구,식품,4,10729,0.3,5.0,22.0,42916,12874.8,30041.2
8787,2025-04-01,서울,의류,2,137973,0.3,1.0,20.0,275946,82783.8,193162.2
8788,2025-08-27,부산,생활용품,4,148171,0.2,3.0,43.0,592684,118536.8,474147.2
8789,2025-01-18,서울,의류,5,48232,0.1,1.0,65.0,241160,24116.0,217044.0
8790,2025-05-12,광주,의류,3,71085,0.3,5.0,39.0,213255,63976.5,149278.5
8791,2025-07-19,부산,생활용품,1,48670,0.2,4.0,56.0,48670,9734.0,38936.0
8792,2025-06-10,광주,전자제품,5,82384,0.25,,66.0,411920,102980.0,308940.0
8793,2025-08-12,부산,의류,5,84921,0.05,2.0,18.0,424605,21230.25,403374.75
8794,2025-03-07,대구,의류,3,41961,0.3,4.0,54.0,125883,37764.9,88118.1
8795,2025-06-11,제주,의류,1,98511,0.15,4.0,65.0,98511,14776.65,83734.35
8796,2025-10-04,제주,전자제품,1,6114,0.3,1.0,65.0,6114,1834.2,4279.8
8797,2025-05-02,서울,생활용품,1,98436,0.1,4.0,56.0,98436,9843.6,88592.4
8798,2025-02-27,광주,전자제품,6,113855,0.3,4.0,67.0,683130,204939.0,478191.0
8799,2025-11-06,제주,식품,3,12675,0.2,4.0,49.0,38025,7605.0,30420.0
8800,2025-10-12,광주,의류,3,109944,0.05,3.0,19.0,329832,16491.6,313340.4
8801,2025-09-06,서울,식품,5,111938,0.05,5.0,70.0,559690,27984.5,531705.5
8802,2025-10-19,광주,전자제품,5,146019,0.05,1.0,64.0,730095,36504.75,693590.25
8803,2025-10-12,광주,의류,1,121894,0.1,2.0,28.0,121894,12189.4,109704.6
8804,2025-09-30,광주,식품,7,8059,0.0,2.0,68.0,56413,0.0,56413.0
8805,2025-07-05,대구,생활용품,2,16852,0.15,5.0,52.0,33704,5055.6,28648.4
8806,2025-01-08,대구,생활용품,6,24868,0.2,1.0,41.0,149208,29841.6,119366.4
8807,2025-08-06,광주,식품,6,89349,0.25,1.0,61.0,536094,134023.5,402070.5
8808,2025-04-10,대구,의류,4,108261,0.3,5.0,51.0,433044,129913.2,303130.8
8809,2025-10-10,광주,전자제품,2,100416,0.25,2.0,59.0,200832,50208.0,150624.0
8810,2025-06-20,광주,생활용품,4,52861,0.3,4.0,36.0,211444,63433.2,148010.8
8811,2025-11-27,부산,전자제품,2,34123,0.2,2.0,38.0,68246,13649.2,54596.8
8812,2025-08-06,광주,생활용품,6,14247,0.25,4.0,23.0,85482,21370.5,64111.5
8813,2025-07-20,광주,생활용품,6,59231,0.25,5.0,65.0,355386,88846.5,266539.5
8814,2025-12-02,대구,식품,6,48639,0.25,4.0,31.0,291834,72958.5,218875.5
8815,2025-06-23,광주,생활용품,6,49036,0.1,2.0,25.0,294216,29421.6,264794.4
8816,2025-05-18,서울,의류,2,17719,0.15,4.0,22.0,35438,5315.7,30122.3
8817,2025-05-16,부산,의류,1,47226,0.3,5.0,38.0,47226,14167.8,33058.2
8818,2025-11-16,광주,식품,5,126453,0.15,5.0,43.0,632265,94839.75,537425.25
8819,2025-10-04,제주,전자제품,5,39922,0.2,2.0,62.0,199610,39922.0,159688.0
8820,2025-03-01,광주,의류,7,132156,0.2,2.0,,925092,185018.4,740073.6
8821,2025-06-29,광주,전자제품,5,17539,0.05,3.0,60.0,87695,4384.75,83310.25
8822,2025-05-16,부산,식품,6,97349,0.0,2.0,18.0,584094,0.0,584094.0
8823,2025-08-25,광주,전자제품,3,20638,0.2,4.0,19.0,61914,12382.8,49531.2
8824,2025-01-20,부산,전자제품,1,60911,0.25,3.0,30.0,60911,15227.75,45683.25
8825,2025-09-18,서울,전자제품,1,143295,0.2,3.0,38.0,143295,28659.0,114636.0
8826,2025-09-29,부산,전자제품,4,116475,0.2,5.0,21.0,465900,93180.0,372720.0
8827,2025-03-24,광주,생활용품,1,79477,0.0,2.0,63.0,79477,0.0,79477.0
8828,2025-02-24,제주,생활용품,4,96581,0.05,5.0,69.0,386324,19316.2,367007.8
8829,2025-08-18,대구,생활용품,3,100755,0.25,3.0,43.0,302265,75566.25,226698.75
8830,2025-04-04,제주,전자제품,2,119838,0.2,5.0,60.0,239676,47935.2,191740.8
8831,2025-12-10,광주,생활용품,5,90971,0.05,3.0,28.0,454855,22742.75,432112.25
8832,2025-10-10,대구,의류,5,79082,0.2,4.0,,395410,79082.0,316328.0
8833,2025-12-15,제주,생활용품,1,15980,0.0,1.0,65.0,15980,0.0,15980.0
8834,2025-07-15,대구,생활용품,4,143960,0.25,2.0,61.0,575840,143960.0,431880.0
8835,2025-12-09,대구,식품,7,87091,0.0,3.0,58.0,609637,0.0,609637.0
8836,2025-01-06,광주,의류,3,47055,0.25,2.0,61.0,141165,35291.25,105873.75
8837,2025-04-16,광주,의류,6,24554,0.05,1.0,55.0,147324,7366.2,139957.8
8838,2025-01-01,대구,식품,3,92607,0.05,3.0,60.0,277821,13891.05,263929.95
8839,2025-09-05,대구,식품,2,118456,0.3,2.0,69.0,236912,71073.6,165838.4
8840,2025-07-06,제주,전자제품,6,122168,0.25,4.0,64.0,733008,183252.0,549756.0
8841,2025-04-15,서울,전자제품,3,133456,0.1,3.0,65.0,400368,40036.8,360331.2
8842,2025-04-22,서울,생활용품,7,134612,0.05,3.0,42.0,942284,47114.2,895169.8
8843,2025-08-23,대구,의류,5,95337,0.0,5.0,61.0,476685,0.0,476685.0
8844,2025-03-07,서울,의류,6,142279,0.1,1.0,30.0,853674,85367.4,768306.6
8845,2025-07-07,부산,의류,6,15750,0.2,4.0,34.0,94500,18900.0,75600.0
8846,2025-08-12,대구,식품,7,62276,0.15,3.0,64.0,435932,65389.8,370542.2
8847,2025-03-29,대구,전자제품,4,75156,0.3,4.0,37.0,300624,90187.2,210436.8
8848,2025-03-25,부산,생활용품,7,106405,0.25,5.0,62.0,744835,186208.75,558626.25
8849,2025-05-10,부산,생활용품,1,48377,0.05,2.0,44.0,48377,2418.85,45958.15
8850,2025-08-05,광주,전자제품,4,47078,0.3,2.0,32.0,188312,56493.6,131818.4
8851,2025-04-03,제주,생활용품,3,135976,0.15,4.0,39.0,407928,61189.2,346738.8
8852,2025-05-19,광주,식품,1,99160,0.0,4.0,48.0,99160,0.0,99160.0
8853,2025-07-18,대구,의류,7,97083,0.25,1.0,21.0,679581,169895.25,509685.75
8854,2025-03-10,서울,전자제품,6,31712,0.25,2.0,47.0,190272,47568.0,142704.0
8855,2025-07-27,부산,식품,6,77549,0.1,5.0,23.0,465294,46529.4,418764.6
8856,2025-02-20,대구,전자제품,5,66110,0.3,3.0,43.0,330550,99165.0,231385.0
8857,2025-02-22,부산,생활용품,5,94974,0.3,5.0,35.0,474870,142461.0,332409.0
8858,2025-03-28,광주,식품,3,138435,0.3,4.0,50.0,415305,124591.5,290713.5
8859,2025-04-15,부산,식품,5,45376,0.3,2.0,62.0,226880,68064.0,158816.0
8860,2025-01-11,제주,의류,7,122582,0.05,2.0,22.0,858074,42903.7,815170.3
8861,2025-12-17,부산,생활용품,2,96881,0.15,5.0,22.0,193762,29064.3,164697.7
8862,2025-04-23,대구,식품,3,76993,0.05,4.0,42.0,230979,11548.95,219430.05
8863,2025-10-21,광주,의류,1,142760,0.2,3.0,57.0,142760,28552.0,114208.0
8864,2025-11-26,부산,의류,7,26292,0.15,4.0,32.0,184044,27606.6,156437.4
8865,2025-10-20,광주,식품,4,103357,0.3,3.0,59.0,413428,124028.4,289399.6
8866,2025-10-31,대구,생활용품,5,62793,0.3,2.0,18.0,313965,94189.5,219775.5
8867,2025-02-06,광주,전자제품,2,103892,0.1,5.0,33.0,207784,20778.4,187005.6
8868,2025-05-16,대구,생활용품,1,25108,0.1,5.0,45.0,25108,2510.8,22597.2
8869,2025-09-30,제주,식품,6,111763,0.0,5.0,51.0,670578,0.0,670578.0
8870,2025-07-30,광주,전자제품,7,14936,0.15,4.0,37.0,104552,15682.8,88869.2
8871,2025-01-03,서울,생활용품,3,55583,0.1,5.0,64.0,166749,16674.9,150074.1
8872,2025-07-27,대구,생활용품,6,136445,0.3,3.0,40.0,818670,245601.0,573069.0
8873,2025-10-21,제주,생활용품,5,96741,0.25,2.0,51.0,483705,120926.25,362778.75
8874,2025-10-30,부산,전자제품,5,76258,0.15,1.0,23.0,381290,57193.5,324096.5
8875,2025-05-21,대구,생활용품,2,52998,0.15,2.0,67.0,105996,15899.4,90096.6
8876,2025-03-28,광주,의류,5,17961,0.2,3.0,44.0,89805,17961.0,71844.0
8877,2025-04-23,부산,생활용품,2,21114,0.3,1.0,42.0,42228,12668.4,29559.6
8878,2025-04-19,대구,식품,2,108917,0.3,2.0,32.0,217834,65350.2,152483.8
8879,2025-05-07,대구,생활용품,3,44755,0.1,5.0,50.0,134265,13426.5,120838.5
8880,2025-04-21,서울,의류,2,15756,0.1,2.0,18.0,31512,3151.2,28360.8
8881,2025-06-16,서울,식품,7,68543,0.2,2.0,41.0,479801,95960.2,383840.8
8882,2025-01-15,대구,전자제품,1,62444,0.05,4.0,59.0,62444,3122.2,59321.8
8883,2025-04-11,서울,생활용품,7,143901,0.0,5.0,59.0,1007307,0.0,1007307.0
8884,2025-04-25,제주,의류,2,38392,0.05,5.0,51.0,76784,3839.2,72944.8
8885,2025-02-25,대구,전자제품,7,43796,0.1,5.0,37.0,306572,30657.2,275914.8
8886,2025-11-17,광주,전자제품,3,28871,0.2,1.0,45.0,86613,17322.6,69290.4
8887,2025-09-04,부산,생활용품,7,32289,0.25,1.0,26.0,226023,56505.75,169517.25
8888,2025-11-29,부산,전자제품,4,82365,0.05,4.0,50.0,329460,16473.0,312987.0
8889,2025-07-24,대구,전자제품,4,37322,0.0,5.0,29.0,149288,0.0,149288.0
8890,2025-02-10,광주,의류,1,109355,0.05,4.0,35.0,109355,5467.75,103887.25
8891,2025-11-27,부산,생활용품,4,123540,0.3,5.0,56.0,494160,148248.0,345912.0
8892,2025-06-17,부산,식품,4,75642,0.05,4.0,24.0,302568,15128.4,287439.6
8893,2025-09-07,서울,의류,7,39719,0.15,2.0,35.0,278033,41704.95,236328.05
8894,2025-05-20,대구,의류,2,124017,0.15,5.0,36.0,248034,37205.1,210828.9
8895,2025-06-30,광주,의류,1,145123,0.05,4.0,68.0,145123,7256.15,137866.85
8896,2025-06-28,대구,의류,2,138022,0.25,2.0,59.0,276044,69011.0,207033.0
8897,2025-04-14,부산,전자제품,2,138406,0.0,3.0,37.0,276812,0.0,276812.0
8898,2025-07-22,부산,의류,7,122042,0.15,3.0,50.0,854294,128144.1,726149.9
8899,2025-09-25,부산,전자제품,2,112054,0.1,1.0,30.0,224108,22410.8,201697.2
8900,2025-01-08,부산,의류,7,143692,0.25,2.0,59.0,1005844,251461.0,754383.0
8901,2025-02-17,부산,생활용품,1,54218,0.05,2.0,36.0,54218,2710.9,51507.1
8902,2025-11-04,제주,생활용품,6,139711,0.3,2.0,65.0,838266,251479.8,586786.2
8903,2025-07-27,부산,전자제품,3,7980,0.25,3.0,65.0,23940,5985.0,17955.0
8904,2025-12-22,부산,생활용품,1,125715,0.25,3.0,31.0,125715,31428.75,94286.25
8905,2025-08-09,광주,식품,5,53438,0.15,5.0,39.0,267190,40078.5,227111.5
8906,2025-08-27,제주,전자제품,6,47432,0.2,1.0,66.0,284592,56918.4,227673.6
8907,2025-11-25,대구,의류,6,102925,0.05,5.0,23.0,617550,30877.5,586672.5
8908,2025-08-30,광주,의류,2,30278,0.0,2.0,53.0,60556,0.0,60556.0
8909,2025-05-01,서울,식품,5,149103,0.25,2.0,45.0,745515,186378.75,559136.25
8910,2025-07-12,대구,의류,4,110417,0.15,1.0,47.0,441668,66250.2,375417.8
8911,2025-03-27,서울,의류,4,7782,0.1,1.0,48.0,31128,3112.8,28015.2
8912,2025-05-03,서울,전자제품,7,127602,0.05,1.0,44.0,893214,44660.7,848553.3
8913,2025-09-06,대구,의류,3,20646,0.2,2.0,36.0,61938,12387.6,49550.4
8914,2025-02-24,부산,식품,3,124353,0.15,2.0,42.0,373059,55958.85,317100.15
8915,2025-09-03,서울,전자제품,4,122865,0.2,2.0,69.0,491460,98292.0,393168.0
8916,2025-08-02,서울,식품,7,98325,0.3,1.0,21.0,688275,206482.5,481792.5
8917,2025-04-23,광주,생활용품,7,92061,0.25,2.0,26.0,644427,161106.75,483320.25
8918,2025-01-17,대구,의류,5,125331,0.1,1.0,20.0,626655,62665.5,563989.5
8919,2025-09-15,부산,식품,1,128316,0.05,4.0,51.0,128316,6415.8,121900.2
8920,2025-10-28,제주,식품,3,107539,0.05,4.0,35.0,322617,16130.85,306486.15
8921,2025-09-24,부산,생활용품,1,29780,0.15,1.0,20.0,29780,4467.0,25313.0
8922,2025-06-03,제주,의류,1,101478,0.25,4.0,28.0,101478,25369.5,76108.5
8923,2025-08-27,부산,생활용품,6,34210,0.05,5.0,31.0,205260,10263.0,194997.0
8924,2025-06-01,서울,의류,6,11753,0.3,5.0,22.0,70518,21155.4,49362.6
8925,2025-05-11,서울,생활용품,1,27007,0.15,1.0,58.0,27007,4051.05,22955.95
8926,2025-04-30,부산,의류,4,71769,0.25,5.0,19.0,287076,71769.0,215307.0
8927,2025-03-18,서울,식품,2,144741,0.1,3.0,64.0,289482,28948.2,260533.8
8928,2025-12-20,서울,식품,1,9907,0.0,5.0,69.0,9907,0.0,9907.0
8929,2025-09-01,부산,전자제품,3,15754,0.15,2.0,66.0,47262,7089.3,40172.7
8930,2025-03-05,제주,생활용품,1,18393,0.15,4.0,29.0,18393,2758.95,15634.05
8931,2025-11-12,부산,생활용품,6,32623,0.15,5.0,30.0,195738,29360.7,166377.3
8932,2025-02-25,부산,의류,7,83446,0.1,2.0,70.0,584122,58412.2,525709.8
8933,2025-08-05,제주,식품,3,124100,0.2,4.0,51.0,372300,74460.0,297840.0
8934,2025-03-02,부산,전자제품,2,11884,0.2,1.0,46.0,23768,4753.6,19014.4
8935,2025-05-12,제주,의류,4,121642,0.05,4.0,63.0,486568,24328.4,462239.6
8936,2025-08-29,광주,전자제품,7,137417,0.2,5.0,28.0,961919,192383.8,769535.2
8937,2025-12-31,제주,의류,2,16507,0.1,2.0,39.0,33014,3301.4,29712.6
8938,2025-12-29,대구,식품,5,70299,0.25,5.0,25.0,351495,87873.75,263621.25
8939,2025-11-23,대구,생활용품,1,123128,0.15,4.0,60.0,123128,18469.2,104658.8
8940,2025-03-27,부산,생활용품,3,106495,0.05,3.0,28.0,319485,15974.25,303510.75
8941,2025-02-04,대구,전자제품,4,31842,0.05,2.0,24.0,127368,6368.4,120999.6
8942,2025-11-27,광주,식품,3,26430,0.3,3.0,37.0,79290,23787.0,55503.0
8943,2025-12-03,제주,생활용품,2,69634,0.25,5.0,47.0,139268,34817.0,104451.0
8944,2025-04-12,서울,전자제품,6,127902,0.05,1.0,28.0,767412,38370.6,729041.4
8945,2025-01-07,서울,의류,5,142552,0.15,5.0,65.0,712760,106914.0,605846.0
8946,2025-08-25,서울,전자제품,4,74320,0.0,1.0,61.0,297280,0.0,297280.0
8947,2025-01-28,광주,식품,3,81788,0.25,5.0,66.0,245364,61341.0,184023.0
8948,2025-01-15,서울,전자제품,1,86023,0.25,3.0,37.0,86023,21505.75,64517.25
8949,2025-12-09,제주,전자제품,5,76070,0.25,5.0,38.0,380350,95087.5,285262.5
8950,2025-06-30,부산,식품,2,99030,0.15,1.0,45.0,198060,29709.0,168351.0
8951,2025-02-10,부산,전자제품,3,44693,0.05,1.0,66.0,134079,6703.95,127375.05
8952,2025-08-27,제주,생활용품,7,83285,0.15,3.0,44.0,582995,87449.25,495545.75
8953,2025-05-15,광주,의류,5,93873,0.15,4.0,38.0,469365,70404.75,398960.25
8954,2025-07-15,대구,식품,5,86662,0.1,4.0,52.0,433310,43331.0,389979.0
8955,2025-11-25,제주,식품,2,146362,0.1,4.0,25.0,292724,29272.4,263451.6
8956,2025-03-28,광주,생활용품,4,112956,0.0,5.0,70.0,451824,0.0,451824.0
8957,2025-08-24,광주,생활용품,1,111463,0.15,4.0,54.0,111463,16719.45,94743.55
8958,2025-10-30,부산,전자제품,2,121939,0.05,5.0,41.0,243878,12193.9,231684.1
8959,2025-06-04,제주,의류,6,81514,0.25,1.0,22.0,489084,122271.0,366813.0
8960,2025-12-21,광주,식품,4,49394,0.25,2.0,35.0,197576,49394.0,148182.0
8961,2025-06-13,제주,생활용품,5,82687,0.2,1.0,48.0,413435,82687.0,330748.0
8962,2025-06-17,제주,생활용품,6,138698,0.05,3.0,69.0,832188,41609.4,790578.6
8963,2025-11-19,대구,의류,7,132494,0.2,2.0,43.0,927458,185491.6,741966.4
8964,2025-08-21,부산,의류,1,56315,0.3,4.0,70.0,56315,16894.5,39420.5
8965,2025-11-14,제주,전자제품,5,75050,0.2,3.0,45.0,375250,75050.0,300200.0
8966,2025-10-16,제주,생활용품,7,44487,0.25,3.0,59.0,311409,77852.25,233556.75
8967,2025-09-18,서울,의류,2,6766,0.3,4.0,23.0,13532,4059.6,9472.4
8968,2025-03-30,광주,식품,7,50157,0.25,5.0,60.0,351099,87774.75,263324.25
8969,2025-05-26,광주,전자제품,5,19647,0.05,1.0,30.0,98235,4911.75,93323.25
8970,2025-11-12,광주,의류,3,56985,0.3,2.0,39.0,170955,51286.5,119668.5
8971,2025-08-13,제주,식품,6,12785,0.25,3.0,35.0,76710,19177.5,57532.5
8972,2025-04-13,부산,의류,7,50955,0.25,1.0,46.0,356685,89171.25,267513.75
8973,2025-04-30,제주,식품,1,108590,0.05,5.0,50.0,108590,5429.5,103160.5
8974,2025-10-11,광주,전자제품,5,127344,0.15,2.0,36.0,636720,95508.0,541212.0
8975,2025-03-07,서울,식품,7,133684,0.3,1.0,21.0,935788,280736.4,655051.6
8976,2025-02-10,대구,생활용품,5,86367,0.3,3.0,50.0,431835,129550.5,302284.5
8977,2025-10-07,서울,생활용품,4,84223,0.0,1.0,40.0,336892,0.0,336892.0
8978,2025-04-16,제주,식품,1,145309,0.1,2.0,61.0,145309,14530.9,130778.1
8979,2025-10-07,광주,생활용품,4,85563,0.2,4.0,54.0,342252,68450.4,273801.6
8980,2025-07-14,제주,전자제품,7,17173,0.0,2.0,37.0,120211,0.0,120211.0
8981,2025-12-31,광주,생활용품,6,140709,0.05,5.0,20.0,844254,42212.7,802041.3
8982,2025-07-11,부산,생활용품,4,94027,0.2,2.0,46.0,376108,75221.6,300886.4
8983,2025-11-13,대구,전자제품,3,101665,0.2,1.0,60.0,304995,60999.0,243996.0
8984,2025-11-07,제주,의류,6,18923,0.0,3.0,59.0,113538,0.0,113538.0
8985,2025-03-19,서울,식품,7,73106,0.1,1.0,35.0,511742,51174.2,460567.8
8986,2025-12-30,제주,생활용품,3,71533,0.2,4.0,29.0,214599,42919.8,171679.2
8987,2025-09-30,대구,전자제품,6,123135,0.3,3.0,21.0,738810,221643.0,517167.0
8988,2025-02-09,대구,생활용품,3,60496,0.3,1.0,50.0,181488,54446.4,127041.6
8989,2025-01-03,광주,생활용품,6,54746,0.1,2.0,31.0,328476,32847.6,295628.4
8990,2025-04-10,서울,식품,7,103713,0.2,5.0,59.0,725991,145198.2,580792.8
8991,2025-01-06,서울,식품,5,7256,0.15,5.0,49.0,36280,5442.0,30838.0
8992,2025-05-11,서울,의류,4,113090,0.05,4.0,20.0,452360,22618.0,429742.0
8993,2025-12-30,광주,전자제품,3,6069,0.15,5.0,54.0,18207,2731.05,15475.95
8994,2025-06-24,서울,생활용품,1,39523,0.0,1.0,31.0,39523,0.0,39523.0
8995,2025-01-09,광주,전자제품,1,77133,0.0,4.0,64.0,77133,0.0,77133.0
8996,2025-06-30,서울,전자제품,6,33088,0.1,1.0,19.0,198528,19852.8,178675.2
8997,2025-03-21,광주,의류,5,10124,0.05,3.0,37.0,50620,2531.0,48089.0
8998,2025-11-09,제주,식품,2,65829,0.05,1.0,18.0,131658,6582.9,125075.1
8999,2025-02-03,대구,전자제품,4,107540,0.0,2.0,51.0,430160,0.0,430160.0
9000,2025-10-09,부산,생활용품,7,40088,0.15,1.0,43.0,280616,42092.4,238523.6
9001,2025-06-12,대구,전자제품,5,44742,0.0,2.0,46.0,223710,0.0,223710.0
9002,2025-01-07,광주,전자제품,7,103111,0.25,4.0,55.0,721777,180444.25,541332.75
9003,2025-09-03,광주,의류,1,142406,0.0,4.0,65.0,142406,0.0,142406.0
9004,2025-06-16,광주,생활용품,1,80066,0.2,5.0,38.0,80066,16013.2,64052.8
9005,2025-10-09,대구,전자제품,5,86049,0.05,5.0,48.0,430245,21512.25,408732.75
9006,2025-08-14,광주,식품,5,124912,0.2,1.0,50.0,624560,124912.0,499648.0
9007,2025-10-15,부산,생활용품,5,14575,0.0,5.0,64.0,72875,0.0,72875.0
9008,2025-06-18,부산,생활용품,7,147285,0.15,2.0,28.0,1030995,154649.25,876345.75
9009,2025-01-03,제주,전자제품,1,73997,0.2,5.0,45.0,73997,14799.4,59197.6
9010,2025-02-17,대구,의류,7,59826,0.05,5.0,62.0,418782,20939.1,397842.9
9011,2025-06-17,제주,생활용품,1,94605,0.0,5.0,32.0,94605,0.0,94605.0
9012,2025-05-26,광주,의류,4,137240,0.2,3.0,37.0,548960,109792.0,439168.0
9013,2025-10-17,대구,의류,6,140870,0.2,4.0,41.0,845220,169044.0,676176.0
9014,2025-05-31,대구,생활용품,5,117690,0.1,3.0,55.0,588450,58845.0,529605.0
9015,2025-11-10,광주,식품,2,75123,0.0,1.0,53.0,150246,0.0,150246.0
9016,2025-03-10,서울,전자제품,5,26623,0.1,3.0,24.0,133115,13311.5,119803.5
9017,2025-05-21,대구,의류,7,32594,0.05,2.0,28.0,228158,11407.9,216750.1
9018,2025-10-04,광주,의류,2,126210,0.2,1.0,61.0,252420,50484.0,201936.0
9019,2025-02-15,서울,생활용품,7,23141,0.1,1.0,53.0,161987,16198.7,145788.3
9020,2025-04-28,서울,생활용품,5,74819,0.1,2.0,45.0,374095,37409.5,336685.5
9021,2025-10-02,서울,식품,1,64116,0.05,4.0,40.0,64116,3205.8,60910.2
9022,2025-08-03,대구,생활용품,3,107829,0.05,5.0,69.0,323487,16174.35,307312.65
9023,2025-10-11,부산,전자제품,7,54764,0.25,5.0,64.0,383348,95837.0,287511.0
9024,2025-07-08,대구,생활용품,3,106879,0.15,4.0,39.0,320637,48095.55,272541.45
9025,2025-11-10,서울,전자제품,7,78682,0.15,5.0,36.0,550774,82616.1,468157.9
9026,2025-11-17,부산,의류,3,133465,0.1,2.0,64.0,400395,40039.5,360355.5
9027,2025-12-22,서울,의류,3,32088,0.0,5.0,36.0,96264,0.0,96264.0
9028,2025-02-14,제주,의류,6,115369,0.25,5.0,39.0,692214,173053.5,519160.5
9029,2025-08-04,대구,생활용품,6,109634,0.25,1.0,66.0,657804,164451.0,493353.0
9030,2025-02-11,서울,의류,2,124571,0.0,2.0,23.0,249142,0.0,249142.0
9031,2025-03-25,대구,전자제품,6,76085,0.3,2.0,55.0,456510,136953.0,319557.0
9032,2025-04-20,제주,의류,2,51532,0.25,1.0,54.0,103064,25766.0,77298.0
9033,2025-08-24,제주,식품,7,79983,0.25,1.0,38.0,559881,139970.25,419910.75
9034,2025-06-07,제주,의류,1,146105,0.15,5.0,27.0,146105,21915.75,124189.25
9035,2025-11-12,대구,식품,5,33270,0.2,1.0,63.0,166350,33270.0,133080.0
9036,2025-04-19,부산,전자제품,2,100931,0.0,4.0,60.0,201862,0.0,201862.0
9037,2025-08-14,부산,의류,5,37528,0.2,5.0,63.0,187640,37528.0,150112.0
9038,2025-10-06,부산,전자제품,7,117186,0.0,4.0,35.0,820302,0.0,820302.0
9039,2025-12-24,제주,식품,5,66410,0.3,3.0,69.0,332050,99615.0,232435.0
9040,2025-03-31,서울,의류,4,129538,0.3,1.0,58.0,518152,155445.6,362706.4
9041,2025-09-25,제주,생활용품,6,28693,0.05,3.0,30.0,172158,8607.9,163550.1
9042,2025-01-31,제주,식품,2,22948,0.15,2.0,43.0,45896,6884.4,39011.6
9043,2025-07-18,제주,식품,4,142857,0.2,5.0,34.0,571428,114285.6,457142.4
9044,2025-06-01,광주,식품,7,53779,0.25,5.0,46.0,376453,94113.25,282339.75
9045,2025-12-16,제주,의류,3,17302,0.15,2.0,27.0,51906,7785.9,44120.1
9046,2025-10-10,서울,전자제품,1,126211,0.3,1.0,56.0,126211,37863.3,88347.7
9047,2025-12-05,제주,의류,4,65033,0.1,5.0,42.0,260132,26013.2,234118.8
9048,2025-11-07,대구,생활용품,4,138688,0.1,5.0,53.0,554752,55475.2,499276.8
9049,2025-05-30,제주,전자제품,6,68483,0.25,5.0,52.0,410898,102724.5,308173.5
9050,2025-09-25,서울,생활용품,6,114634,0.15,4.0,53.0,687804,103170.6,584633.4
9051,2025-01-12,제주,의류,3,88923,0.0,3.0,58.0,266769,0.0,266769.0
9052,2025-07-23,대구,의류,6,74935,0.2,2.0,52.0,449610,89922.0,359688.0
9053,2025-01-18,서울,의류,2,75469,0.05,1.0,45.0,150938,7546.9,143391.1
9054,2025-09-22,대구,생활용품,2,41412,0.25,5.0,49.0,82824,20706.0,62118.0
9055,2025-12-19,서울,의류,5,111810,0.25,5.0,51.0,559050,139762.5,419287.5
9056,2025-09-06,서울,생활용품,5,81129,0.1,5.0,60.0,405645,40564.5,365080.5
9057,2025-11-03,대구,식품,6,5220,0.25,3.0,43.0,31320,7830.0,23490.0
9058,2025-03-27,제주,전자제품,5,62608,0.3,5.0,33.0,313040,93912.0,219128.0
9059,2025-12-29,서울,의류,1,63865,0.25,1.0,31.0,63865,15966.25,47898.75
9060,2025-07-21,부산,전자제품,5,133417,0.2,3.0,27.0,667085,133417.0,533668.0
9061,2025-09-04,부산,전자제품,4,66900,0.3,1.0,49.0,267600,80280.0,187320.0
9062,2025-10-09,대구,전자제품,2,87253,0.3,3.0,56.0,174506,52351.8,122154.2
9063,2025-08-22,서울,식품,3,17015,0.15,1.0,34.0,51045,7656.75,43388.25
9064,2025-04-26,광주,전자제품,6,61850,0.0,2.0,46.0,371100,0.0,371100.0
9065,2025-08-12,대구,의류,2,46189,0.2,3.0,37.0,92378,18475.6,73902.4
9066,2025-08-27,제주,의류,4,77280,0.15,1.0,65.0,309120,46368.0,262752.0
9067,2025-11-09,부산,전자제품,1,135290,0.1,1.0,66.0,135290,13529.0,121761.0
9068,2025-06-25,대구,식품,6,140368,0.05,5.0,69.0,842208,42110.4,800097.6
9069,2025-07-03,서울,생활용품,2,46614,0.25,2.0,63.0,93228,23307.0,69921.0
9070,2025-07-03,제주,생활용품,7,93923,0.3,5.0,63.0,657461,197238.3,460222.7
9071,2025-02-11,제주,전자제품,7,143380,0.2,2.0,47.0,1003660,200732.0,802928.0
9072,2025-02-02,부산,의류,6,38202,0.05,1.0,47.0,229212,11460.6,217751.4
9073,2025-01-08,대구,식품,3,68546,0.0,1.0,33.0,205638,0.0,205638.0
9074,2025-09-01,제주,식품,6,77511,0.2,4.0,57.0,465066,93013.2,372052.8
9075,2025-06-02,부산,의류,1,5480,0.05,1.0,34.0,5480,274.0,5206.0
9076,2025-11-12,부산,생활용품,3,72520,0.0,5.0,35.0,217560,0.0,217560.0
9077,2025-09-14,부산,의류,1,22594,0.05,2.0,68.0,22594,1129.7,21464.3
9078,2025-02-21,광주,생활용품,1,50008,0.05,4.0,18.0,50008,2500.4,47507.6
9079,2025-02-06,부산,생활용품,3,21742,0.1,3.0,24.0,65226,6522.6,58703.4
9080,2025-05-14,서울,생활용품,5,111764,0.1,1.0,59.0,558820,55882.0,502938.0
9081,2025-12-03,서울,생활용품,7,126041,0.05,4.0,54.0,882287,44114.35,838172.65
9082,2025-01-18,제주,생활용품,1,43901,0.25,1.0,59.0,43901,10975.25,32925.75
9083,2025-03-10,제주,식품,3,10849,0.25,4.0,42.0,32547,8136.75,24410.25
9084,2025-01-11,제주,생활용품,5,76420,0.05,3.0,18.0,382100,19105.0,362995.0
9085,2025-05-31,부산,생활용품,2,21637,0.1,2.0,33.0,43274,4327.4,38946.6
9086,2025-12-28,대구,의류,6,68952,0.25,5.0,63.0,413712,103428.0,310284.0
9087,2025-09-07,대구,의류,4,83875,0.3,2.0,53.0,335500,100650.0,234850.0
9088,2025-06-30,대구,생활용품,4,72695,0.25,2.0,64.0,290780,72695.0,218085.0
9089,2025-02-22,서울,전자제품,1,80694,0.15,4.0,18.0,80694,12104.1,68589.9
9090,2025-05-10,대구,전자제품,2,87183,0.3,2.0,34.0,174366,52309.8,122056.2
9091,2025-07-11,서울,생활용품,7,28721,0.25,3.0,54.0,201047,50261.75,150785.25
9092,2025-04-11,부산,의류,7,104078,0.2,4.0,18.0,728546,145709.2,582836.8
9093,2025-09-15,부산,의류,4,101929,0.0,5.0,41.0,407716,0.0,407716.0
9094,2025-12-24,광주,의류,5,25735,0.2,5.0,64.0,128675,25735.0,102940.0
9095,2025-03-17,제주,의류,4,67905,0.1,1.0,26.0,271620,27162.0,244458.0
9096,2025-04-03,광주,전자제품,4,46807,0.2,5.0,21.0,187228,37445.6,149782.4
9097,2025-02-16,대구,식품,5,62614,0.2,3.0,51.0,313070,62614.0,250456.0
9098,2025-09-22,대구,전자제품,4,117062,0.0,5.0,30.0,468248,0.0,468248.0
9099,2025-06-18,대구,식품,1,91496,0.15,2.0,27.0,91496,13724.4,77771.6
9100,2025-04-14,서울,전자제품,1,136623,0.15,3.0,46.0,136623,20493.45,116129.55
9101,2025-03-22,제주,생활용품,6,87518,0.0,5.0,50.0,525108,0.0,525108.0
9102,2025-01-26,제주,식품,6,11475,0.25,5.0,61.0,68850,17212.5,51637.5
9103,2025-06-23,부산,의류,2,108132,0.3,4.0,23.0,216264,64879.2,151384.8
9104,2025-09-07,서울,전자제품,1,15638,0.0,4.0,59.0,15638,0.0,15638.0
9105,2025-03-27,서울,전자제품,2,54578,0.0,1.0,53.0,109156,0.0,109156.0
9106,2025-01-01,광주,식품,5,140406,0.0,4.0,54.0,702030,0.0,702030.0
9107,2025-06-22,서울,생활용품,5,148511,0.15,3.0,30.0,742555,111383.25,631171.75
9108,2025-09-04,서울,생활용품,2,26451,0.2,1.0,61.0,52902,10580.4,42321.6
9109,2025-05-06,광주,의류,2,147848,0.05,5.0,24.0,295696,14784.8,280911.2
9110,2025-04-02,서울,의류,2,146997,0.25,3.0,54.0,293994,73498.5,220495.5
9111,2025-02-26,서울,의류,4,132360,0.1,4.0,25.0,529440,52944.0,476496.0
9112,2025-09-30,서울,의류,2,125093,0.1,1.0,51.0,250186,25018.6,225167.4
9113,2025-11-11,광주,의류,4,15892,0.2,2.0,41.0,63568,12713.6,50854.4
9114,2025-10-08,부산,전자제품,1,22502,0.3,5.0,26.0,22502,6750.6,15751.4
9115,2025-07-09,부산,식품,7,93990,0.05,5.0,28.0,657930,32896.5,625033.5
9116,2025-09-22,광주,생활용품,7,19866,0.1,1.0,41.0,139062,13906.2,125155.8
9117,2025-05-25,서울,식품,3,41372,0.1,5.0,37.0,124116,12411.6,111704.4
9118,2025-01-09,대구,전자제품,6,146709,0.15,2.0,41.0,880254,132038.1,748215.9
9119,2025-05-15,대구,의류,4,137023,0.15,2.0,40.0,548092,82213.8,465878.2
9120,2025-09-14,광주,식품,1,41949,0.3,5.0,18.0,41949,12584.7,29364.3
9121,2025-08-25,광주,의류,2,83114,0.05,3.0,40.0,166228,8311.4,157916.6
9122,2025-12-28,광주,의류,1,83107,0.1,4.0,39.0,83107,8310.7,74796.3
9123,2025-12-31,부산,의류,5,43091,0.05,1.0,38.0,215455,10772.75,204682.25
9124,2025-03-30,서울,생활용품,6,39254,0.2,4.0,30.0,235524,47104.8,188419.2
9125,2025-01-04,대구,의류,5,68385,0.25,2.0,28.0,341925,85481.25,256443.75
9126,2025-04-11,서울,생활용품,1,92098,0.3,4.0,22.0,92098,27629.4,64468.6
9127,2025-11-16,대구,전자제품,2,121628,0.15,4.0,51.0,243256,36488.4,206767.6
9128,2025-10-24,광주,생활용품,4,126804,0.05,1.0,46.0,507216,25360.8,481855.2
9129,2025-02-06,제주,식품,2,7961,0.3,5.0,61.0,15922,4776.6,11145.4
9130,2025-02-28,광주,의류,1,100252,0.0,2.0,30.0,100252,0.0,100252.0
9131,2025-07-25,제주,전자제품,3,94323,0.0,2.0,39.0,282969,0.0,282969.0
9132,2025-08-30,대구,의류,5,11759,0.3,4.0,28.0,58795,17638.5,41156.5
9133,2025-12-25,대구,전자제품,1,126026,0.3,5.0,67.0,126026,37807.8,88218.2
9134,2025-10-03,부산,의류,7,91303,0.15,5.0,59.0,639121,95868.15,543252.85
9135,2025-03-19,광주,전자제품,4,109232,0.1,3.0,25.0,436928,43692.8,393235.2
9136,2025-01-14,제주,전자제품,2,100848,0.3,2.0,60.0,201696,60508.8,141187.2
9137,2025-08-20,부산,전자제품,1,53472,0.3,5.0,66.0,53472,16041.6,37430.4
9138,2025-07-22,서울,식품,7,34130,0.3,2.0,53.0,238910,71673.0,167237.0
9139,2025-12-03,서울,생활용품,5,59793,0.25,4.0,70.0,298965,74741.25,224223.75
9140,2025-07-30,광주,생활용품,7,115507,0.2,2.0,28.0,808549,161709.8,646839.2
9141,2025-07-02,광주,전자제품,6,97333,0.1,2.0,33.0,583998,58399.8,525598.2
9142,2025-04-21,서울,생활용품,7,95900,0.15,3.0,51.0,671300,100695.0,570605.0
9143,2025-02-01,서울,의류,7,23906,0.15,5.0,46.0,167342,25101.3,142240.7
9144,2025-11-16,광주,식품,6,6384,0.15,2.0,55.0,38304,5745.6,32558.4
9145,2025-10-29,부산,생활용품,6,101832,0.3,4.0,69.0,610992,183297.6,427694.4
9146,2025-03-01,대구,전자제품,6,142831,0.05,1.0,30.0,856986,42849.3,814136.7
9147,2025-09-14,부산,전자제품,2,56998,0.0,4.0,64.0,113996,0.0,113996.0
9148,2025-05-13,광주,전자제품,5,69609,0.15,2.0,25.0,348045,52206.75,295838.25
9149,2025-06-09,광주,전자제품,7,143892,0.05,1.0,42.0,1007244,50362.2,956881.8
9150,2025-11-06,서울,식품,7,38695,0.25,3.0,40.0,270865,67716.25,203148.75
9151,2025-11-04,서울,전자제품,1,80675,0.25,2.0,60.0,80675,20168.75,60506.25
9152,2025-03-11,대구,전자제품,1,17498,0.3,4.0,40.0,17498,5249.4,12248.6
9153,2025-04-23,광주,식품,2,43227,0.1,1.0,62.0,86454,8645.4,77808.6
9154,2025-10-27,서울,의류,6,59292,0.3,2.0,26.0,355752,106725.6,249026.4
9155,2025-12-01,서울,생활용품,3,104397,0.0,2.0,70.0,313191,0.0,313191.0
9156,2025-01-29,광주,전자제품,5,49626,0.3,2.0,28.0,248130,74439.0,173691.0
9157,2025-11-01,대구,의류,1,71779,0.05,1.0,49.0,71779,3588.95,68190.05
9158,2025-06-28,서울,전자제품,1,48203,0.0,2.0,44.0,48203,0.0,48203.0
9159,2025-08-04,광주,생활용품,6,25461,0.25,1.0,22.0,152766,38191.5,114574.5
9160,2025-01-28,서울,식품,3,120014,0.15,4.0,45.0,360042,54006.3,306035.7
9161,2025-09-06,부산,생활용품,1,102574,0.1,3.0,64.0,102574,10257.4,92316.6
9162,2025-09-05,광주,생활용품,2,98659,0.05,2.0,46.0,197318,9865.9,187452.1
9163,2025-08-30,부산,식품,3,89534,0.1,4.0,55.0,268602,26860.2,241741.8
9164,2025-10-16,서울,식품,3,24292,0.2,5.0,70.0,72876,14575.2,58300.8
9165,2025-12-12,제주,식품,7,79705,0.05,3.0,34.0,557935,27896.75,530038.25
9166,2025-11-07,부산,식품,2,107671,0.3,2.0,20.0,215342,64602.6,150739.4
9167,2025-09-29,대구,식품,5,76691,0.25,3.0,54.0,383455,95863.75,287591.25
9168,2025-12-25,제주,의류,2,109905,0.3,4.0,59.0,219810,65943.0,153867.0
9169,2025-09-04,제주,식품,4,52718,0.0,1.0,25.0,210872,0.0,210872.0
9170,2025-09-03,제주,생활용품,3,79569,0.3,2.0,36.0,238707,71612.1,167094.9
9171,2025-07-17,부산,식품,3,60207,0.3,3.0,36.0,180621,54186.3,126434.7
9172,2025-10-08,제주,식품,5,149387,0.1,4.0,57.0,746935,74693.5,672241.5
9173,2025-01-27,서울,식품,5,30963,0.15,3.0,64.0,154815,23222.25,131592.75
9174,2025-07-04,부산,의류,1,46104,0.15,4.0,56.0,46104,6915.6,39188.4
9175,2025-06-05,서울,전자제품,2,103753,0.25,5.0,33.0,207506,51876.5,155629.5
9176,2025-11-30,대구,식품,2,13476,0.05,1.0,50.0,26952,1347.6,25604.4
9177,2025-01-27,제주,식품,7,79350,0.3,3.0,32.0,555450,166635.0,388815.0
9178,2025-08-23,광주,의류,3,9176,0.15,2.0,51.0,27528,4129.2,23398.8
9179,2025-03-09,제주,전자제품,5,81537,0.0,1.0,69.0,407685,0.0,407685.0
9180,2025-11-19,서울,식품,4,51479,0.1,1.0,53.0,205916,20591.6,185324.4
9181,2025-11-07,광주,의류,3,32539,0.0,4.0,59.0,97617,0.0,97617.0
9182,2025-03-27,광주,생활용품,1,77198,0.25,3.0,57.0,77198,19299.5,57898.5
9183,2025-11-15,대구,식품,4,53006,0.1,2.0,43.0,212024,21202.4,190821.6
9184,2025-07-01,서울,생활용품,7,16343,0.15,5.0,24.0,114401,17160.15,97240.85
9185,2025-12-21,서울,의류,7,82237,0.1,2.0,69.0,575659,57565.9,518093.1
9186,2025-09-24,제주,생활용품,3,87041,0.2,3.0,37.0,261123,52224.6,208898.4
9187,2025-01-13,부산,전자제품,4,100973,0.3,5.0,64.0,403892,121167.6,282724.4
9188,2025-03-15,광주,생활용품,3,135627,0.3,4.0,62.0,406881,122064.3,284816.7
9189,2025-05-28,제주,식품,7,106861,0.3,4.0,54.0,748027,224408.1,523618.9
9190,2025-03-19,대구,전자제품,4,120545,0.1,2.0,47.0,482180,48218.0,433962.0
9191,2025-02-18,부산,전자제품,7,98970,0.2,5.0,32.0,692790,138558.0,554232.0
9192,2025-12-23,대구,의류,6,102508,0.2,3.0,25.0,615048,123009.6,492038.4
9193,2025-11-14,부산,의류,3,120033,0.1,2.0,64.0,360099,36009.9,324089.1
9194,2025-06-08,서울,전자제품,4,100951,0.25,4.0,68.0,403804,100951.0,302853.0
9195,2025-03-20,제주,생활용품,4,77828,0.3,3.0,53.0,311312,93393.6,217918.4
9196,2025-03-08,부산,식품,2,110894,0.3,1.0,70.0,221788,66536.4,155251.6
9197,2025-12-01,광주,의류,6,144974,0.3,1.0,29.0,869844,260953.2,608890.8
9198,2025-05-01,광주,의류,4,76660,0.05,1.0,45.0,306640,15332.0,291308.0
9199,2025-01-05,대구,의류,2,37770,0.05,1.0,27.0,75540,3777.0,71763.0
9200,2025-05-26,대구,의류,4,63261,0.2,2.0,46.0,253044,50608.8,202435.2
9201,2025-06-15,서울,생활용품,6,7059,0.25,2.0,65.0,42354,10588.5,31765.5
9202,2025-08-16,대구,의류,3,49465,0.15,2.0,33.0,148395,22259.25,126135.75
9203,2025-05-04,광주,생활용품,5,133626,0.05,5.0,40.0,668130,33406.5,634723.5
9204,2025-12-03,서울,생활용품,7,19444,0.05,5.0,45.0,136108,6805.4,129302.6
9205,2025-08-23,부산,식품,3,133766,0.0,5.0,42.0,401298,0.0,401298.0
9206,2025-12-27,광주,의류,7,86514,0.05,1.0,69.0,605598,30279.9,575318.1
9207,2025-05-14,제주,전자제품,3,51175,0.05,3.0,40.0,153525,7676.25,145848.75
9208,2025-08-26,부산,생활용품,4,73515,0.2,1.0,31.0,294060,58812.0,235248.0
9209,2025-05-14,제주,생활용품,6,132396,0.15,4.0,35.0,794376,119156.4,675219.6
9210,2025-09-13,서울,생활용품,1,22241,0.1,1.0,34.0,22241,2224.1,20016.9
9211,2025-09-30,대구,의류,5,87033,0.15,2.0,34.0,435165,65274.75,369890.25
9212,2025-04-28,제주,생활용품,4,43899,0.2,2.0,65.0,175596,35119.2,140476.8
9213,2025-12-09,대구,생활용품,5,83463,0.0,3.0,45.0,417315,0.0,417315.0
9214,2025-11-09,대구,전자제품,7,119145,0.05,2.0,38.0,834015,41700.75,792314.25
9215,2025-11-23,서울,식품,4,138594,0.05,3.0,25.0,554376,27718.8,526657.2
9216,2025-03-21,대구,의류,7,42062,0.0,1.0,69.0,294434,0.0,294434.0
9217,2025-09-20,대구,식품,4,101229,0.0,3.0,26.0,404916,0.0,404916.0
9218,2025-02-08,제주,의류,2,66729,0.25,1.0,36.0,133458,33364.5,100093.5
9219,2025-02-08,부산,의류,5,77897,0.3,1.0,55.0,389485,116845.5,272639.5
9220,2025-12-22,부산,생활용품,2,28389,0.05,1.0,18.0,56778,2838.9,53939.1
9221,2025-02-25,광주,생활용품,7,129213,0.25,2.0,34.0,904491,226122.75,678368.25
9222,2025-11-12,제주,전자제품,2,29627,0.05,4.0,68.0,59254,2962.7,56291.3
9223,2025-06-07,부산,식품,4,10779,0.0,2.0,19.0,43116,0.0,43116.0
9224,2025-04-21,광주,식품,6,114670,0.05,3.0,30.0,688020,34401.0,653619.0
9225,2025-01-27,제주,의류,1,63812,0.3,4.0,22.0,63812,19143.6,44668.4
9226,2025-09-04,광주,식품,4,14667,0.1,4.0,54.0,58668,5866.8,52801.2
9227,2025-09-21,대구,생활용품,4,103724,0.25,3.0,18.0,414896,103724.0,311172.0
9228,2025-06-20,부산,식품,3,46329,0.15,1.0,20.0,138987,20848.05,118138.95
9229,2025-10-23,부산,식품,5,146545,0.15,4.0,43.0,732725,109908.75,622816.25
9230,2025-04-28,서울,생활용품,3,147223,0.25,2.0,57.0,441669,110417.25,331251.75
9231,2025-07-21,서울,식품,3,84807,0.3,3.0,65.0,254421,76326.3,178094.7
9232,2025-04-15,대구,전자제품,2,74004,0.2,5.0,29.0,148008,29601.6,118406.4
9233,2025-08-01,서울,식품,5,69500,0.25,1.0,48.0,347500,86875.0,260625.0
9234,2025-02-19,서울,식품,7,92901,0.05,1.0,60.0,650307,32515.35,617791.65
9235,2025-06-23,광주,의류,2,136812,0.3,2.0,56.0,273624,82087.2,191536.8
9236,2025-07-20,서울,의류,3,97915,0.05,3.0,69.0,293745,14687.25,279057.75
9237,2025-07-23,서울,의류,2,19387,0.05,3.0,22.0,38774,1938.7,36835.3
9238,2025-06-13,대구,식품,2,33440,0.25,2.0,20.0,66880,16720.0,50160.0
9239,2025-08-23,제주,의류,7,96273,0.15,5.0,54.0,673911,101086.65,572824.35
9240,2025-07-06,광주,전자제품,5,58554,0.05,1.0,37.0,292770,14638.5,278131.5
9241,2025-04-14,서울,전자제품,7,74511,0.0,3.0,57.0,521577,0.0,521577.0
9242,2025-03-20,서울,의류,5,63102,0.05,3.0,55.0,315510,15775.5,299734.5
9243,2025-08-25,광주,생활용품,5,91413,0.25,4.0,41.0,457065,114266.25,342798.75
9244,2025-12-09,광주,의류,6,38449,0.0,3.0,70.0,230694,0.0,230694.0
9245,2025-10-02,부산,전자제품,5,15687,0.3,1.0,64.0,78435,23530.5,54904.5
9246,2025-08-22,제주,생활용품,6,38927,0.25,2.0,37.0,233562,58390.5,175171.5
9247,2025-12-03,제주,식품,3,101856,0.05,1.0,18.0,305568,15278.4,290289.6
9248,2025-11-25,광주,의류,1,93141,0.25,3.0,70.0,93141,23285.25,69855.75
9249,2025-07-04,광주,생활용품,4,122327,0.15,5.0,69.0,489308,73396.2,415911.8
9250,2025-02-09,광주,생활용품,1,20729,0.1,2.0,65.0,20729,2072.9,18656.1
9251,2025-08-20,서울,전자제품,1,25529,0.15,2.0,20.0,25529,3829.35,21699.65
9252,2025-08-16,광주,전자제품,1,23726,0.0,3.0,56.0,23726,0.0,23726.0
9253,2025-04-12,제주,의류,1,86592,0.3,1.0,68.0,86592,25977.6,60614.4
9254,2025-11-07,부산,생활용품,5,88129,0.25,5.0,38.0,440645,110161.25,330483.75
9255,2025-11-14,서울,생활용품,5,28099,0.05,4.0,57.0,140495,7024.75,133470.25
9256,2025-05-01,부산,의류,7,70154,0.0,4.0,46.0,491078,0.0,491078.0
9257,2025-06-24,부산,전자제품,3,12461,0.1,2.0,42.0,37383,3738.3,33644.7
9258,2025-03-13,제주,의류,3,93730,0.15,2.0,56.0,281190,42178.5,239011.5
9259,2025-03-07,대구,의류,4,87648,0.25,3.0,48.0,350592,87648.0,262944.0
9260,2025-04-07,광주,식품,6,8909,0.25,2.0,54.0,53454,13363.5,40090.5
9261,2025-05-14,제주,의류,7,17830,0.0,1.0,29.0,124810,0.0,124810.0
9262,2025-04-10,광주,전자제품,6,107213,0.05,4.0,33.0,643278,32163.9,611114.1
9263,2025-02-25,광주,생활용품,4,135378,0.2,5.0,51.0,541512,108302.4,433209.6
9264,2025-06-13,제주,전자제품,7,128234,0.1,2.0,47.0,897638,89763.8,807874.2
9265,2025-08-16,광주,생활용품,2,87228,0.3,4.0,38.0,174456,52336.8,122119.2
9266,2025-04-29,부산,생활용품,4,0,0.2,5.0,62.0,0,0.0,0.0
9267,2025-07-14,광주,의류,2,122227,0.1,4.0,36.0,244454,24445.4,220008.6
9268,2025-04-10,부산,생활용품,2,126922,0.2,5.0,43.0,253844,50768.8,203075.2
9269,2025-09-14,부산,생활용품,3,136443,0.15,5.0,34.0,409329,61399.35,347929.65
9270,2025-08-25,광주,전자제품,6,62951,0.15,2.0,48.0,377706,56655.9,321050.1
9271,2025-12-17,부산,의류,3,74028,0.25,1.0,47.0,222084,55521.0,166563.0
9272,2025-01-20,서울,의류,6,16444,0.15,5.0,35.0,98664,14799.6,83864.4
9273,2025-11-08,제주,생활용품,5,30396,0.2,4.0,59.0,151980,30396.0,121584.0
9274,2025-05-05,대구,의류,5,59744,0.1,1.0,26.0,298720,29872.0,268848.0
9275,2025-01-25,광주,의류,2,122385,0.2,5.0,58.0,244770,48954.0,195816.0
9276,2025-09-09,제주,의류,7,69723,0.15,1.0,21.0,488061,73209.15,414851.85
9277,2025-03-04,광주,전자제품,2,90159,0.2,2.0,31.0,180318,36063.6,144254.4
9278,2025-03-06,광주,식품,3,130503,0.1,5.0,39.0,391509,39150.9,352358.1
9279,2025-12-24,광주,식품,6,73965,0.0,2.0,40.0,443790,0.0,443790.0
9280,2025-03-22,부산,생활용품,5,53534,0.05,4.0,51.0,267670,13383.5,254286.5
9281,2025-07-19,제주,생활용품,3,110894,0.1,1.0,67.0,332682,33268.2,299413.8
9282,2025-03-15,광주,의류,2,50689,0.1,3.0,58.0,101378,10137.8,91240.2
9283,2025-02-15,서울,전자제품,4,61295,0.1,4.0,46.0,245180,24518.0,220662.0
9284,2025-01-01,서울,의류,4,133763,0.15,5.0,22.0,535052,80257.8,454794.2
9285,2025-01-06,제주,식품,1,68412,0.05,3.0,70.0,68412,3420.6,64991.4
9286,2025-06-22,제주,의류,2,41390,0.1,1.0,34.0,82780,8278.0,74502.0
9287,2025-06-08,제주,식품,2,126025,0.05,3.0,50.0,252050,12602.5,239447.5
9288,2025-01-15,서울,의류,2,98155,0.2,4.0,60.0,196310,39262.0,157048.0
9289,2025-05-08,제주,전자제품,3,116328,0.15,3.0,55.0,348984,52347.6,296636.4
9290,2025-04-10,제주,전자제품,1,52362,0.2,5.0,23.0,52362,10472.4,41889.6
9291,2025-07-28,광주,전자제품,5,118379,0.15,2.0,31.0,591895,88784.25,503110.75
9292,2025-12-30,대구,생활용품,5,142962,0.3,5.0,70.0,714810,214443.0,500367.0
9293,2025-09-10,대구,전자제품,2,28703,0.15,4.0,58.0,57406,8610.9,48795.1
9294,2025-12-02,대구,식품,7,32495,0.2,3.0,51.0,227465,45493.0,181972.0
9295,2025-03-12,서울,식품,5,86797,0.15,1.0,41.0,433985,65097.75,368887.25
9296,2025-03-20,대구,생활용품,3,109971,0.25,2.0,67.0,329913,82478.25,247434.75
9297,2025-10-02,부산,식품,2,5067,0.15,4.0,56.0,10134,1520.1,8613.9
9298,2025-04-24,부산,생활용품,4,84759,0.0,5.0,56.0,339036,0.0,339036.0
9299,2025-11-06,서울,생활용품,7,23467,0.25,3.0,66.0,164269,41067.25,123201.75
9300,2025-06-19,대구,의류,1,146913,0.25,2.0,69.0,146913,36728.25,110184.75
9301,2025-03-15,서울,식품,1,110331,0.1,4.0,63.0,110331,11033.1,99297.9
9302,2025-11-05,제주,의류,3,149139,0.15,5.0,53.0,447417,67112.55,380304.45
9303,2025-07-20,제주,의류,7,36624,0.0,1.0,30.0,256368,0.0,256368.0
9304,2025-10-20,제주,전자제품,2,120087,0.3,2.0,32.0,240174,72052.2,168121.8
9305,2025-06-15,부산,생활용품,6,60403,0.25,4.0,26.0,362418,90604.5,271813.5
9306,2025-02-16,서울,식품,5,20001,0.3,1.0,60.0,100005,30001.5,70003.5
9307,2025-09-06,대구,생활용품,2,74616,0.2,5.0,35.0,149232,29846.4,119385.6
9308,2025-02-15,광주,의류,7,73006,0.05,2.0,29.0,511042,25552.1,485489.9
9309,2025-08-31,서울,생활용품,2,77539,0.1,3.0,56.0,155078,15507.8,139570.2
9310,2025-06-02,제주,전자제품,4,128905,0.3,3.0,47.0,515620,154686.0,360934.0
9311,2025-10-16,대구,전자제품,5,45520,0.0,2.0,31.0,227600,0.0,227600.0
9312,2025-11-14,제주,전자제품,5,97580,0.2,1.0,37.0,487900,97580.0,390320.0
9313,2025-05-29,서울,생활용품,6,33892,0.0,1.0,43.0,203352,0.0,203352.0
9314,2025-11-18,대구,생활용품,5,132451,0.25,2.0,60.0,662255,165563.75,496691.25
9315,2025-02-10,대구,생활용품,5,71418,0.2,2.0,18.0,357090,71418.0,285672.0
9316,2025-02-09,서울,식품,2,120908,0.15,5.0,58.0,241816,36272.4,205543.6
9317,2025-12-29,광주,식품,3,43999,0.2,4.0,22.0,131997,26399.4,105597.6
9318,2025-07-29,제주,식품,3,50379,0.1,1.0,63.0,151137,15113.7,136023.3
9319,2025-06-14,대구,생활용품,3,147525,0.2,4.0,24.0,442575,88515.0,354060.0
9320,2025-02-26,부산,식품,1,33284,0.25,4.0,31.0,33284,8321.0,24963.0
9321,2025-04-16,광주,의류,1,86392,0.15,1.0,37.0,86392,12958.8,73433.2
9322,2025-09-08,부산,의류,4,51772,0.0,3.0,70.0,207088,0.0,207088.0
9323,2025-10-27,부산,식품,6,61569,0.3,4.0,39.0,369414,110824.2,258589.8
9324,2025-12-01,광주,식품,7,105912,0.15,4.0,60.0,741384,111207.6,630176.4
9325,2025-05-29,대구,의류,7,118380,0.15,3.0,31.0,828660,124299.0,704361.0
9326,2025-06-15,부산,생활용품,4,74754,0.0,3.0,38.0,299016,0.0,299016.0
9327,2025-03-01,대구,전자제품,7,97515,0.0,4.0,45.0,682605,0.0,682605.0
9328,2025-01-31,제주,의류,4,11358,0.05,5.0,24.0,45432,2271.6,43160.4
9329,2025-06-09,대구,전자제품,4,38921,0.3,1.0,19.0,155684,46705.2,108978.8
9330,2025-07-31,서울,전자제품,2,112659,0.25,3.0,36.0,225318,56329.5,168988.5
9331,2025-02-08,제주,의류,5,101557,0.1,5.0,59.0,507785,50778.5,457006.5
9332,2025-05-30,광주,식품,3,11481,0.25,3.0,23.0,34443,8610.75,25832.25
9333,2025-08-23,부산,식품,4,134215,0.1,1.0,61.0,536860,53686.0,483174.0
9334,2025-10-23,제주,전자제품,7,64349,0.3,1.0,50.0,450443,135132.9,315310.1
9335,2025-12-09,제주,생활용품,4,49044,0.1,4.0,32.0,196176,19617.6,176558.4
9336,2025-05-05,제주,생활용품,3,72031,0.25,3.0,23.0,216093,54023.25,162069.75
9337,2025-05-23,부산,생활용품,5,62246,0.15,4.0,47.0,311230,46684.5,264545.5
9338,2025-11-16,제주,전자제품,6,77939,0.2,1.0,40.0,467634,93526.8,374107.2
9339,2025-09-11,제주,전자제품,5,28803,0.05,4.0,23.0,144015,7200.75,136814.25
9340,2025-04-10,제주,전자제품,1,25168,0.3,3.0,53.0,25168,7550.4,17617.6
9341,2025-09-08,대구,전자제품,2,148503,0.1,3.0,62.0,297006,29700.6,267305.4
9342,2025-02-27,부산,식품,1,113430,0.15,3.0,42.0,113430,17014.5,96415.5
9343,2025-06-13,부산,의류,7,57379,0.2,2.0,41.0,401653,80330.6,321322.4
9344,2025-04-22,제주,전자제품,3,128159,0.2,4.0,64.0,384477,76895.4,307581.6
9345,2025-12-29,대구,식품,4,120338,0.15,2.0,38.0,481352,72202.8,409149.2
9346,2025-01-13,제주,의류,7,106196,0.3,3.0,30.0,743372,223011.6,520360.4
9347,2025-11-09,대구,식품,7,109599,0.3,5.0,62.0,767193,230157.9,537035.1
9348,2025-04-13,대구,식품,2,142906,0.25,4.0,45.0,285812,71453.0,214359.0
9349,2025-01-14,서울,의류,7,125953,0.05,1.0,67.0,881671,44083.55,837587.45
9350,2025-08-29,대구,생활용품,6,42337,0.25,1.0,,254022,63505.5,190516.5
9351,2025-09-05,대구,식품,5,110375,0.15,3.0,60.0,551875,82781.25,469093.75
9352,2025-02-21,서울,전자제품,2,28306,0.15,4.0,36.0,56612,8491.8,48120.2
9353,2025-01-14,서울,생활용품,5,77889,0.3,3.0,56.0,389445,116833.5,272611.5
9354,2025-02-10,대구,의류,5,14757,0.15,5.0,43.0,73785,11067.75,62717.25
9355,2025-05-30,부산,식품,4,29566,0.25,5.0,58.0,118264,29566.0,88698.0
9356,2025-02-18,광주,의류,5,109621,0.2,3.0,67.0,548105,109621.0,438484.0
9357,2025-09-14,대구,생활용품,2,58889,0.0,2.0,56.0,117778,0.0,117778.0
9358,2025-01-29,대구,전자제품,5,28505,0.2,1.0,44.0,142525,28505.0,114020.0
9359,2025-10-15,서울,생활용품,2,147009,0.15,1.0,70.0,294018,44102.7,249915.3
9360,2025-11-16,대구,의류,3,141037,0.15,4.0,63.0,423111,63466.65,359644.35
9361,2025-09-19,대구,의류,4,38237,0.1,2.0,30.0,152948,15294.8,137653.2
9362,2025-12-11,대구,생활용품,2,91761,0.05,1.0,67.0,183522,9176.1,174345.9
9363,2025-12-09,부산,식품,7,47605,0.25,1.0,43.0,333235,83308.75,249926.25
9364,2025-01-17,서울,생활용품,7,121600,0.05,3.0,31.0,851200,42560.0,808640.0
9365,2025-05-05,제주,의류,4,104749,0.0,3.0,33.0,418996,0.0,418996.0
9366,2025-10-05,제주,생활용품,4,68031,0.15,1.0,59.0,272124,40818.6,231305.4
9367,2025-05-04,제주,식품,3,139981,0.2,3.0,38.0,419943,83988.6,335954.4
9368,2025-09-27,부산,의류,2,111553,0.05,3.0,52.0,223106,11155.3,211950.7
9369,2025-10-10,광주,식품,7,26945,0.1,1.0,41.0,188615,18861.5,169753.5
9370,2025-12-30,서울,식품,3,69329,0.1,5.0,70.0,207987,20798.7,187188.3
9371,2025-05-01,제주,식품,7,125302,0.3,2.0,25.0,877114,263134.2,613979.8
9372,2025-05-07,서울,생활용품,1,83121,0.05,1.0,49.0,83121,4156.05,78964.95
9373,2025-01-09,대구,생활용품,1,19481,0.3,1.0,36.0,19481,5844.3,13636.7
9374,2025-04-15,제주,전자제품,4,117170,0.05,3.0,60.0,468680,23434.0,445246.0
9375,2025-04-13,광주,생활용품,6,74756,0.2,4.0,67.0,448536,89707.2,358828.8
9376,2025-06-15,제주,의류,3,39532,0.25,2.0,36.0,118596,29649.0,88947.0
9377,2025-06-03,대구,전자제품,6,123261,0.3,4.0,66.0,739566,221869.8,517696.2
9378,2025-11-09,서울,생활용품,1,133254,0.15,2.0,50.0,133254,19988.1,113265.9
9379,2025-10-10,서울,전자제품,6,90200,0.15,1.0,20.0,541200,81180.0,460020.0
9380,2025-09-23,서울,생활용품,4,108864,0.25,4.0,59.0,435456,108864.0,326592.0
9381,2025-01-02,서울,식품,2,39958,0.3,4.0,47.0,79916,23974.8,55941.2
9382,2025-06-22,대구,생활용품,5,113249,0.0,4.0,69.0,566245,0.0,566245.0
9383,2025-09-24,서울,식품,6,136119,0.05,3.0,42.0,816714,40835.7,775878.3
9384,2025-03-31,서울,전자제품,7,39533,0.05,5.0,31.0,276731,13836.55,262894.45
9385,2025-06-05,대구,생활용품,1,141722,0.25,5.0,27.0,141722,35430.5,106291.5
9386,2025-09-23,광주,의류,5,18068,0.0,2.0,22.0,90340,0.0,90340.0
9387,2025-10-18,광주,식품,3,69650,0.0,4.0,55.0,208950,0.0,208950.0
9388,2025-11-08,서울,전자제품,4,15564,0.0,1.0,69.0,62256,0.0,62256.0
9389,2025-06-06,제주,생활용품,4,69881,0.3,1.0,52.0,279524,83857.2,195666.8
9390,2025-05-26,대구,생활용품,6,98818,0.0,3.0,49.0,592908,0.0,592908.0
9391,2025-05-20,부산,식품,3,131225,0.05,4.0,19.0,393675,19683.75,373991.25
9392,2025-09-02,부산,의류,2,26750,0.15,3.0,18.0,53500,8025.0,45475.0
9393,2025-06-03,제주,전자제품,4,133676,0.1,1.0,44.0,534704,53470.4,481233.6
9394,2025-05-27,대구,전자제품,5,149883,0.0,4.0,45.0,749415,0.0,749415.0
9395,2025-03-03,부산,의류,6,14656,0.1,4.0,40.0,87936,8793.6,79142.4
9396,2025-06-24,대구,생활용품,1,144352,0.25,4.0,67.0,144352,36088.0,108264.0
9397,2025-03-28,서울,생활용품,4,136452,0.1,4.0,35.0,545808,54580.8,491227.2
9398,2025-07-11,서울,식품,1,9230,0.15,,70.0,9230,1384.5,7845.5
9399,2025-11-21,부산,전자제품,5,14178,0.15,2.0,31.0,70890,10633.5,60256.5
9400,2025-10-11,부산,의류,5,110134,0.05,1.0,35.0,550670,27533.5,523136.5
9401,2025-06-24,부산,의류,6,65875,0.0,3.0,33.0,395250,0.0,395250.0
9402,2025-12-23,서울,생활용품,2,42812,0.25,5.0,59.0,85624,21406.0,64218.0
9403,2025-12-24,광주,전자제품,6,63604,0.3,1.0,35.0,381624,114487.2,267136.8
9404,2025-06-12,서울,의류,5,54430,0.15,5.0,42.0,272150,40822.5,231327.5
9405,2025-10-06,부산,의류,5,146403,0.25,4.0,23.0,732015,183003.75,549011.25
9406,2025-05-05,제주,의류,5,39845,0.1,1.0,39.0,199225,19922.5,179302.5
9407,2025-11-17,서울,전자제품,4,17843,0.3,3.0,28.0,71372,21411.6,49960.4
9408,2025-05-17,부산,전자제품,1,125429,0.15,2.0,58.0,125429,18814.35,106614.65
9409,2025-04-05,대구,의류,6,126774,0.25,4.0,61.0,760644,190161.0,570483.0
9410,2025-02-18,부산,전자제품,3,134594,0.2,4.0,32.0,403782,80756.4,323025.6
9411,2025-11-04,부산,의류,1,145831,0.3,,70.0,145831,43749.3,102081.7
9412,2025-04-19,서울,전자제품,5,10858,0.15,3.0,40.0,54290,8143.5,46146.5
9413,2025-10-24,대구,생활용품,7,116503,0.25,1.0,62.0,815521,203880.25,611640.75
9414,2025-02-01,광주,식품,5,44155,0.3,1.0,31.0,220775,66232.5,154542.5
9415,2025-07-02,대구,식품,2,66141,0.25,4.0,63.0,132282,33070.5,99211.5
9416,2025-06-06,제주,식품,6,70061,0.1,2.0,25.0,420366,42036.6,378329.4
9417,2025-06-10,광주,식품,6,147912,0.0,5.0,37.0,887472,0.0,887472.0
9418,2025-03-03,광주,의류,3,80664,0.1,3.0,38.0,241992,24199.2,217792.8
9419,2025-01-27,대구,의류,4,37289,0.2,2.0,27.0,149156,29831.2,119324.8
9420,2025-05-07,광주,의류,6,17708,0.3,5.0,68.0,106248,31874.4,74373.6
9421,2025-06-21,대구,생활용품,2,90397,0.25,1.0,33.0,180794,45198.5,135595.5
9422,2025-10-17,제주,전자제품,3,125354,0.2,5.0,40.0,376062,75212.4,300849.6
9423,2025-06-18,대구,생활용품,4,108008,0.15,1.0,18.0,432032,64804.8,367227.2
9424,2025-03-31,대구,의류,1,140428,0.3,5.0,54.0,140428,42128.4,98299.6
9425,2025-04-06,서울,식품,2,11071,0.05,3.0,27.0,22142,1107.1,21034.9
9426,2025-08-12,제주,생활용품,5,63415,0.25,3.0,33.0,317075,79268.75,237806.25
9427,2025-06-09,대구,의류,2,93694,0.15,4.0,66.0,187388,28108.2,159279.8
9428,2025-11-25,광주,전자제품,2,129299,0.15,4.0,63.0,258598,38789.7,219808.3
9429,2025-06-10,광주,전자제품,3,50339,0.1,2.0,24.0,151017,15101.7,135915.3
9430,2025-07-26,서울,의류,1,103072,0.2,1.0,51.0,103072,20614.4,82457.6
9431,2025-01-24,광주,의류,5,35150,0.3,5.0,57.0,175750,52725.0,123025.0
9432,2025-03-12,대구,전자제품,2,90803,0.1,3.0,68.0,181606,18160.6,163445.4
9433,2025-11-07,부산,의류,5,117399,0.0,2.0,30.0,586995,0.0,586995.0
9434,2025-05-06,부산,의류,6,123763,0.0,5.0,35.0,742578,0.0,742578.0
9435,2025-06-03,광주,생활용품,4,70512,0.05,1.0,30.0,282048,14102.4,267945.6
9436,2025-08-04,서울,의류,7,73589,0.1,5.0,46.0,515123,51512.3,463610.7
9437,2025-01-22,광주,생활용품,2,132877,0.0,1.0,49.0,265754,0.0,265754.0
9438,2025-07-04,제주,전자제품,7,84419,0.05,4.0,28.0,590933,29546.65,561386.35
9439,2025-05-07,서울,생활용품,3,55772,0.2,1.0,19.0,167316,33463.2,133852.8
9440,2025-02-24,서울,식품,3,44826,0.2,1.0,25.0,134478,26895.6,107582.4
9441,2025-06-02,서울,의류,7,108204,0.2,2.0,29.0,757428,151485.6,605942.4
9442,2025-06-13,광주,생활용품,4,108267,0.2,1.0,49.0,433068,86613.6,346454.4
9443,2025-03-10,제주,생활용품,6,82973,0.0,1.0,28.0,497838,0.0,497838.0
9444,2025-07-18,제주,전자제품,6,28064,0.3,4.0,60.0,168384,50515.2,117868.8
9445,2025-09-30,서울,전자제품,4,28419,0.1,4.0,52.0,113676,11367.6,102308.4
9446,2025-04-08,대구,의류,3,40258,0.0,2.0,28.0,120774,0.0,120774.0
9447,2025-12-19,서울,생활용품,4,6731,0.25,4.0,70.0,26924,6731.0,20193.0
9448,2025-08-12,부산,의류,3,74589,0.15,2.0,55.0,223767,33565.05,190201.95
9449,2025-10-10,부산,전자제품,3,65149,0.1,2.0,64.0,195447,19544.7,175902.3
9450,2025-01-26,광주,전자제품,2,60870,0.1,5.0,53.0,121740,12174.0,109566.0
9451,2025-10-08,제주,의류,7,140573,0.2,3.0,52.0,984011,196802.2,787208.8
9452,2025-05-03,제주,의류,5,39739,0.15,1.0,43.0,198695,29804.25,168890.75
9453,2025-09-17,서울,생활용품,6,122289,0.0,4.0,52.0,733734,0.0,733734.0
9454,2025-10-21,부산,의류,5,32824,0.0,2.0,58.0,164120,0.0,164120.0
9455,2025-04-02,부산,식품,3,93701,0.3,1.0,70.0,281103,84330.9,196772.1
9456,2025-04-05,부산,전자제품,3,129830,0.15,2.0,49.0,389490,58423.5,331066.5
9457,2025-01-22,부산,생활용품,7,126482,0.3,2.0,57.0,885374,265612.2,619761.8
9458,2025-08-09,광주,생활용품,1,90675,0.2,1.0,68.0,90675,18135.0,72540.0
9459,2025-10-10,광주,전자제품,3,35049,0.25,4.0,50.0,105147,26286.75,78860.25
9460,2025-05-30,제주,식품,6,59722,0.1,2.0,58.0,358332,35833.2,322498.8
9461,2025-02-28,광주,식품,4,66575,0.25,1.0,28.0,266300,66575.0,199725.0
9462,2025-04-26,부산,의류,5,127639,0.2,1.0,64.0,638195,127639.0,510556.0
9463,2025-05-28,서울,생활용품,1,59734,0.25,4.0,69.0,59734,14933.5,44800.5
9464,2025-12-01,부산,전자제품,2,124649,0.05,3.0,37.0,249298,12464.9,236833.1
9465,2025-02-15,광주,생활용품,5,142987,0.2,5.0,65.0,714935,142987.0,571948.0
9466,2025-05-06,제주,전자제품,3,21078,0.1,3.0,60.0,63234,6323.4,56910.6
9467,2025-08-21,부산,생활용품,4,140677,0.3,4.0,30.0,562708,168812.4,393895.6
9468,2025-03-28,서울,의류,7,87256,0.3,3.0,70.0,610792,183237.6,427554.4
9469,2025-11-19,서울,전자제품,5,92128,0.1,3.0,48.0,460640,46064.0,414576.0
9470,2025-11-28,서울,의류,5,49314,0.0,5.0,26.0,246570,0.0,246570.0
9471,2025-05-19,광주,식품,2,53415,0.05,4.0,23.0,106830,5341.5,101488.5
9472,2025-09-30,대구,식품,5,83421,0.05,3.0,45.0,417105,20855.25,396249.75
9473,2025-10-03,광주,전자제품,7,33851,0.0,5.0,45.0,236957,0.0,236957.0
9474,2025-09-06,서울,의류,5,109110,0.3,4.0,63.0,545550,163665.0,381885.0
9475,2025-03-10,대구,생활용품,6,101698,0.15,5.0,45.0,610188,91528.2,518659.8
9476,2025-01-19,서울,의류,7,6233,0.05,4.0,39.0,43631,2181.55,41449.45
9477,2025-05-07,부산,생활용품,7,35557,0.2,4.0,34.0,248899,49779.8,199119.2
9478,2025-02-17,광주,식품,3,79467,0.1,3.0,44.0,238401,23840.1,214560.9
9479,2025-04-17,부산,의류,3,112613,0.05,5.0,32.0,337839,16891.95,320947.05
9480,2025-08-21,광주,생활용품,2,47301,0.15,2.0,57.0,94602,14190.3,80411.7
9481,2025-08-03,부산,식품,6,133581,0.2,3.0,25.0,801486,160297.2,641188.8
9482,2025-03-18,대구,의류,3,82432,0.2,5.0,61.0,247296,49459.2,197836.8
9483,2025-01-07,대구,전자제품,6,83153,0.05,2.0,29.0,498918,24945.9,473972.1
9484,2025-03-24,부산,의류,6,20927,0.2,3.0,28.0,125562,25112.4,100449.6
9485,2025-06-16,서울,생활용품,5,96095,0.25,1.0,69.0,480475,120118.75,360356.25
9486,2025-10-12,대구,생활용품,1,123547,0.2,3.0,38.0,123547,24709.4,98837.6
9487,2025-05-14,제주,식품,5,35649,0.3,2.0,54.0,178245,53473.5,124771.5
9488,2025-04-15,광주,의류,2,83832,0.3,3.0,38.0,167664,50299.2,117364.8
9489,2025-07-21,광주,의류,4,5926,0.15,2.0,70.0,23704,3555.6,20148.4
9490,2025-01-27,제주,생활용품,2,35604,0.1,5.0,26.0,71208,7120.8,64087.2
9491,2025-03-24,서울,생활용품,1,15291,0.15,5.0,42.0,15291,2293.65,12997.35
9492,2025-01-14,광주,생활용품,5,116605,0.15,3.0,22.0,583025,87453.75,495571.25
9493,2025-07-11,부산,생활용품,4,149374,0.05,4.0,48.0,597496,29874.8,567621.2
9494,2025-06-11,광주,식품,5,10478,0.3,3.0,57.0,52390,15717.0,36673.0
9495,2025-08-01,제주,식품,4,106824,0.15,2.0,42.0,427296,64094.4,363201.6
9496,2025-08-14,제주,식품,3,90959,0.0,3.0,63.0,272877,0.0,272877.0
9497,2025-05-25,대구,식품,1,106797,0.3,3.0,58.0,106797,32039.1,74757.9
9498,2025-11-14,제주,생활용품,2,77755,0.3,4.0,68.0,155510,46653.0,108857.0
9499,2025-12-02,광주,생활용품,7,148757,0.15,4.0,70.0,1041299,156194.85,885104.15
9500,2025-02-10,서울,생활용품,6,10748,0.3,2.0,68.0,64488,19346.4,45141.6
9501,2025-12-02,부산,의류,4,26633,0.3,4.0,40.0,106532,31959.6,74572.4
9502,2025-03-13,제주,전자제품,1,41207,0.3,5.0,70.0,41207,12362.1,28844.9
9503,2025-04-01,제주,전자제품,7,118455,0.3,3.0,53.0,829185,248755.5,580429.5
9504,2025-07-13,제주,식품,6,16185,0.0,5.0,22.0,97110,0.0,97110.0
9505,2025-01-11,부산,의류,1,22919,0.0,3.0,22.0,22919,0.0,22919.0
9506,2025-05-13,부산,식품,2,111196,0.2,1.0,39.0,222392,44478.4,177913.6
9507,2025-03-13,제주,의류,2,65676,0.25,1.0,47.0,131352,32838.0,98514.0
9508,2025-06-26,서울,생활용품,7,107337,0.25,2.0,22.0,751359,187839.75,563519.25
9509,2025-10-25,제주,식품,7,58165,0.2,3.0,48.0,407155,81431.0,325724.0
9510,2025-12-04,광주,생활용품,3,17948,0.1,5.0,53.0,53844,5384.4,48459.6
9511,2025-03-19,광주,의류,2,91587,0.3,2.0,54.0,183174,54952.2,128221.8
9512,2025-07-18,대구,생활용품,5,20835,0.2,2.0,69.0,104175,20835.0,83340.0
9513,2025-06-23,제주,전자제품,2,74439,0.2,4.0,37.0,148878,29775.6,119102.4
9514,2025-06-01,광주,식품,1,132641,0.05,2.0,19.0,132641,6632.05,126008.95
9515,2025-08-19,서울,생활용품,2,31530,0.25,3.0,68.0,63060,15765.0,47295.0
9516,2025-12-28,대구,생활용품,2,34123,0.0,2.0,45.0,68246,0.0,68246.0
9517,2025-05-28,제주,의류,1,142494,0.3,2.0,51.0,142494,42748.2,99745.8
9518,2025-01-24,서울,전자제품,5,49031,0.25,1.0,46.0,245155,61288.75,183866.25
9519,2025-12-01,광주,전자제품,3,59025,0.2,3.0,43.0,177075,35415.0,141660.0
9520,2025-12-07,부산,식품,4,104221,0.3,3.0,26.0,416884,125065.2,291818.8
9521,2025-04-28,대구,생활용품,4,23570,0.3,1.0,47.0,94280,28284.0,65996.0
9522,2025-07-03,제주,식품,6,13804,0.0,4.0,62.0,82824,0.0,82824.0
9523,2025-11-11,대구,생활용품,6,127273,0.05,2.0,24.0,763638,38181.9,725456.1
9524,2025-07-03,서울,의류,4,142411,0.0,4.0,38.0,569644,0.0,569644.0
9525,2025-06-25,서울,전자제품,6,148118,0.1,1.0,67.0,888708,88870.8,799837.2
9526,2025-12-03,광주,의류,4,8336,0.2,1.0,40.0,33344,6668.8,26675.2
9527,2025-10-30,제주,식품,1,81819,0.05,1.0,26.0,81819,4090.95,77728.05
9528,2025-07-05,부산,전자제품,7,128126,0.0,3.0,68.0,896882,0.0,896882.0
9529,2025-02-28,제주,의류,6,127488,0.2,1.0,25.0,764928,152985.6,611942.4
9530,2025-06-10,대구,전자제품,3,57331,0.2,2.0,31.0,171993,34398.6,137594.4
9531,2025-09-04,서울,생활용품,3,76091,0.1,3.0,42.0,228273,22827.3,205445.7
9532,2025-04-10,대구,생활용품,7,26755,0.25,4.0,38.0,187285,46821.25,140463.75
9533,2025-07-16,제주,생활용품,3,25182,0.2,4.0,40.0,75546,15109.2,60436.8
9534,2025-08-29,부산,전자제품,3,59736,0.1,3.0,58.0,179208,17920.8,161287.2
9535,2025-02-01,제주,생활용품,6,38400,0.0,1.0,47.0,230400,0.0,230400.0
9536,2025-07-27,광주,식품,3,146062,0.25,5.0,43.0,438186,109546.5,328639.5
9537,2025-09-27,부산,의류,3,16617,0.2,4.0,55.0,49851,9970.2,39880.8
9538,2025-03-20,광주,전자제품,6,81702,0.0,5.0,49.0,490212,0.0,490212.0
9539,2025-07-20,대구,생활용품,2,85694,0.05,5.0,51.0,171388,8569.4,162818.6
9540,2025-09-16,서울,식품,1,13595,0.1,4.0,43.0,13595,1359.5,12235.5
9541,2025-01-17,제주,의류,3,68899,0.05,5.0,47.0,206697,10334.85,196362.15
9542,2025-08-24,부산,식품,2,141524,0.25,3.0,33.0,283048,70762.0,212286.0
9543,2025-04-05,대구,생활용품,3,20885,0.3,3.0,39.0,62655,18796.5,43858.5
9544,2025-05-26,광주,의류,1,25816,0.0,3.0,26.0,25816,0.0,25816.0
9545,2025-08-25,서울,식품,5,28964,0.05,3.0,22.0,144820,7241.0,137579.0
9546,2025-01-02,광주,식품,4,12929,0.05,3.0,63.0,51716,2585.8,49130.2
9547,2025-01-07,부산,전자제품,2,133316,0.3,2.0,60.0,266632,79989.6,186642.4
9548,2025-06-13,대구,식품,5,11586,0.2,4.0,32.0,57930,11586.0,46344.0
9549,2025-12-13,대구,생활용품,2,45753,0.3,2.0,42.0,91506,27451.8,64054.2
9550,2025-01-03,광주,생활용품,1,124819,0.05,5.0,70.0,124819,6240.95,118578.05
9551,2025-10-15,서울,생활용품,4,149318,0.0,4.0,46.0,597272,0.0,597272.0
9552,2025-01-28,서울,전자제품,2,27187,0.15,5.0,18.0,54374,8156.1,46217.9
9553,2025-06-28,대구,식품,6,57220,0.25,4.0,48.0,343320,85830.0,257490.0
9554,2025-06-07,서울,생활용품,3,30952,0.25,3.0,64.0,92856,23214.0,69642.0
9555,2025-06-20,부산,식품,4,32903,0.15,2.0,30.0,131612,19741.8,111870.2
9556,2025-01-30,광주,전자제품,3,141897,0.05,4.0,68.0,425691,21284.55,404406.45
9557,2025-10-03,제주,식품,4,53941,0.0,3.0,58.0,215764,0.0,215764.0
9558,2025-04-11,광주,생활용품,1,93684,0.15,2.0,21.0,93684,14052.6,79631.4
9559,2025-10-09,부산,생활용품,7,27720,0.15,1.0,70.0,194040,29106.0,164934.0
9560,2025-08-28,제주,전자제품,2,46386,0.0,1.0,51.0,92772,0.0,92772.0
9561,2025-07-21,대구,생활용품,3,57342,0.3,2.0,29.0,172026,51607.8,120418.2
9562,2025-04-23,서울,의류,6,90036,0.2,4.0,59.0,540216,108043.2,432172.8
9563,2025-08-27,광주,생활용품,3,135501,0.1,5.0,61.0,406503,40650.3,365852.7
9564,2025-12-31,대구,의류,5,40248,0.1,5.0,50.0,201240,20124.0,181116.0
9565,2025-12-03,부산,의류,1,98537,0.1,3.0,69.0,98537,9853.7,88683.3
9566,2025-12-01,광주,의류,3,76668,0.3,5.0,64.0,230004,69001.2,161002.8
9567,2025-03-22,광주,의류,6,120288,0.25,1.0,34.0,721728,180432.0,541296.0
9568,2025-08-02,부산,생활용품,2,53520,0.0,5.0,25.0,107040,0.0,107040.0
9569,2025-05-26,서울,의류,3,66427,0.1,5.0,60.0,199281,19928.1,179352.9
9570,2025-12-19,대구,전자제품,1,95281,0.25,3.0,68.0,95281,23820.25,71460.75
9571,2025-12-13,서울,전자제품,4,69237,0.1,1.0,33.0,276948,27694.8,249253.2
9572,2025-11-13,광주,식품,3,115028,0.25,4.0,47.0,345084,86271.0,258813.0
9573,2025-03-01,대구,식품,7,7011,0.15,1.0,45.0,49077,7361.55,41715.45
9574,2025-04-27,부산,생활용품,3,55533,0.25,4.0,36.0,166599,41649.75,124949.25
9575,2025-09-17,대구,전자제품,6,30293,0.15,2.0,46.0,181758,27263.7,154494.3
9576,2025-10-01,부산,생활용품,7,25867,0.25,3.0,45.0,181069,45267.25,135801.75
9577,2025-05-08,부산,전자제품,6,12731,0.15,5.0,70.0,76386,11457.9,64928.1
9578,2025-02-19,부산,식품,6,56582,0.05,1.0,35.0,339492,16974.6,322517.4
9579,2025-02-19,광주,식품,5,36550,0.3,1.0,25.0,182750,54825.0,127925.0
9580,2025-09-07,제주,의류,4,114933,0.1,3.0,42.0,459732,45973.2,413758.8
9581,2025-06-15,광주,전자제품,1,77798,0.0,4.0,25.0,77798,0.0,77798.0
9582,2025-06-29,부산,생활용품,1,119127,0.1,2.0,26.0,119127,11912.7,107214.3
9583,2025-10-25,제주,전자제품,3,133382,0.1,1.0,51.0,400146,40014.6,360131.4
9584,2025-01-07,서울,생활용품,5,118905,0.05,4.0,62.0,594525,29726.25,564798.75
9585,2025-10-03,부산,의류,1,66033,0.3,4.0,24.0,66033,19809.9,46223.1
9586,2025-04-11,서울,생활용품,7,146313,0.15,5.0,38.0,1024191,153628.65,870562.35
9587,2025-12-06,제주,생활용품,7,60856,0.1,5.0,27.0,425992,42599.2,383392.8
9588,2025-12-15,서울,생활용품,1,124594,0.2,4.0,42.0,124594,24918.8,99675.2
9589,2025-07-03,대구,식품,1,30034,0.2,1.0,49.0,30034,6006.8,24027.2
9590,2025-04-26,서울,식품,6,145444,0.15,2.0,66.0,872664,130899.6,741764.4
9591,2025-03-27,부산,의류,2,48969,0.3,4.0,65.0,97938,29381.4,68556.6
9592,2025-03-08,광주,의류,2,95885,0.3,3.0,66.0,191770,57531.0,134239.0
9593,2025-12-31,제주,생활용품,2,56319,0.15,1.0,40.0,112638,16895.7,95742.3
9594,2025-03-10,서울,식품,5,38255,0.2,3.0,59.0,191275,38255.0,153020.0
9595,2025-06-12,서울,식품,1,52764,0.0,4.0,33.0,52764,0.0,52764.0
9596,2025-06-24,부산,전자제품,2,93189,0.15,4.0,19.0,186378,27956.7,158421.3
9597,2025-09-05,제주,전자제품,3,21207,0.15,5.0,67.0,63621,9543.15,54077.85
9598,2025-11-04,서울,생활용품,5,33686,0.1,1.0,66.0,168430,16843.0,151587.0
9599,2025-07-23,서울,생활용품,7,138383,0.25,5.0,27.0,968681,242170.25,726510.75
9600,2025-10-04,대구,의류,2,17372,0.2,3.0,28.0,34744,6948.8,27795.2
9601,2025-07-26,부산,식품,2,109746,0.15,2.0,66.0,219492,32923.8,186568.2
9602,2025-06-09,서울,전자제품,4,48692,0.15,5.0,41.0,194768,29215.2,165552.8
9603,2025-02-27,대구,전자제품,3,51302,0.2,1.0,59.0,153906,30781.2,123124.8
9604,2025-03-18,광주,의류,5,57602,0.05,1.0,65.0,288010,14400.5,273609.5
9605,2025-06-07,서울,의류,2,60489,0.05,4.0,46.0,120978,6048.9,114929.1
9606,2025-01-17,광주,식품,5,107789,0.15,4.0,23.0,538945,80841.75,458103.25
9607,2025-04-26,서울,전자제품,7,121663,0.1,1.0,49.0,851641,85164.1,766476.9
9608,2025-06-18,광주,전자제품,5,57646,0.2,5.0,25.0,288230,57646.0,230584.0
9609,2025-06-22,부산,의류,6,29867,0.3,5.0,54.0,179202,53760.6,125441.4
9610,2025-10-25,부산,의류,1,5456,0.1,4.0,48.0,5456,545.6,4910.4
9611,2025-12-20,서울,식품,7,110065,0.2,2.0,41.0,770455,154091.0,616364.0
9612,2025-09-24,제주,의류,5,137957,0.05,5.0,42.0,689785,34489.25,655295.75
9613,2025-01-30,대구,생활용품,5,9965,0.25,1.0,68.0,49825,12456.25,37368.75
9614,2025-05-30,광주,의류,2,90464,0.05,4.0,38.0,180928,9046.4,171881.6
9615,2025-09-24,부산,식품,4,36652,0.15,5.0,62.0,146608,21991.2,124616.8
9616,2025-08-06,서울,전자제품,5,35560,0.1,3.0,60.0,177800,17780.0,160020.0
9617,2025-06-17,서울,생활용품,5,125120,0.25,2.0,70.0,625600,156400.0,469200.0
9618,2025-06-09,대구,의류,1,41581,0.05,3.0,65.0,41581,2079.05,39501.95
9619,2025-05-29,부산,식품,1,49051,0.05,1.0,50.0,49051,2452.55,46598.45
9620,2025-07-31,광주,전자제품,4,23000,0.25,1.0,70.0,92000,23000.0,69000.0
9621,2025-03-07,광주,생활용품,6,136085,0.15,2.0,55.0,816510,122476.5,694033.5
9622,2025-07-08,부산,생활용품,3,136450,0.2,1.0,24.0,409350,81870.0,327480.0
9623,2025-03-17,대구,식품,5,137415,0.25,4.0,23.0,687075,171768.75,515306.25
9624,2025-09-06,부산,식품,7,38380,0.1,4.0,53.0,268660,26866.0,241794.0
9625,2025-11-12,광주,의류,7,32216,0.05,5.0,46.0,225512,11275.6,214236.4
9626,2025-07-05,광주,생활용품,5,141394,0.3,2.0,64.0,706970,212091.0,494879.0
9627,2025-05-22,광주,의류,6,93879,0.0,5.0,46.0,563274,0.0,563274.0
9628,2025-12-10,서울,전자제품,1,43325,0.2,2.0,30.0,43325,8665.0,34660.0
9629,2025-08-29,부산,전자제품,1,11773,0.1,3.0,63.0,11773,1177.3,10595.7
9630,2025-06-06,제주,전자제품,5,120892,0.0,5.0,43.0,604460,0.0,604460.0
9631,2025-01-11,부산,식품,6,121321,0.3,2.0,68.0,727926,218377.8,509548.2
9632,2025-01-06,서울,식품,2,6515,0.25,1.0,18.0,13030,3257.5,9772.5
9633,2025-03-22,서울,의류,5,74349,0.05,5.0,18.0,371745,18587.25,353157.75
9634,2025-03-28,서울,생활용품,3,75075,0.25,2.0,25.0,225225,56306.25,168918.75
9635,2025-09-21,광주,전자제품,1,72290,0.25,2.0,68.0,72290,18072.5,54217.5
9636,2025-07-02,서울,생활용품,3,58536,0.15,4.0,24.0,175608,26341.2,149266.8
9637,2025-12-31,대구,식품,4,52611,0.3,3.0,55.0,210444,63133.2,147310.8
9638,2025-07-17,부산,의류,6,53515,0.05,1.0,55.0,321090,16054.5,305035.5
9639,2025-11-26,서울,전자제품,7,138446,0.0,5.0,64.0,969122,0.0,969122.0
9640,2025-07-21,제주,식품,7,148863,0.25,3.0,50.0,1042041,260510.25,781530.75
9641,2025-05-11,광주,생활용품,1,21214,0.1,2.0,19.0,21214,2121.4,19092.6
9642,2025-09-18,제주,전자제품,7,109526,0.0,1.0,20.0,766682,0.0,766682.0
9643,2025-06-14,제주,식품,4,88153,0.3,4.0,18.0,352612,105783.6,246828.4
9644,2025-04-11,제주,의류,2,42088,0.1,4.0,49.0,84176,8417.6,75758.4
9645,2025-06-22,광주,의류,5,31964,0.3,4.0,40.0,159820,47946.0,111874.0
9646,2025-08-31,대구,식품,1,114104,0.25,4.0,21.0,114104,28526.0,85578.0
9647,2025-05-18,광주,식품,4,57870,0.1,5.0,19.0,231480,23148.0,208332.0
9648,2025-09-14,대구,생활용품,6,23787,0.25,4.0,28.0,142722,35680.5,107041.5
9649,2025-12-24,서울,전자제품,7,145527,0.15,2.0,43.0,1018689,152803.35,865885.65
9650,2025-05-31,부산,식품,3,139260,0.2,2.0,65.0,417780,83556.0,334224.0
9651,2025-04-18,대구,식품,2,65706,0.1,2.0,61.0,131412,13141.2,118270.8
9652,2025-05-27,서울,생활용품,5,66826,0.0,4.0,41.0,334130,0.0,334130.0
9653,2025-11-02,제주,생활용품,2,65970,0.05,1.0,33.0,131940,6597.0,125343.0
9654,2025-03-07,제주,생활용품,7,32646,0.1,2.0,59.0,228522,22852.2,205669.8
9655,2025-12-22,대구,전자제품,3,20302,0.15,3.0,67.0,60906,9135.9,51770.1
9656,2025-06-01,대구,전자제품,2,44559,0.25,3.0,34.0,89118,22279.5,66838.5
9657,2025-11-04,제주,식품,2,61100,0.05,1.0,44.0,122200,6110.0,116090.0
9658,2025-10-15,대구,식품,3,27496,0.25,1.0,23.0,82488,20622.0,61866.0
9659,2025-10-14,광주,전자제품,6,10146,0.25,5.0,24.0,60876,15219.0,45657.0
9660,2025-11-28,대구,생활용품,7,139931,0.25,1.0,65.0,979517,244879.25,734637.75
9661,2025-03-09,부산,생활용품,6,132255,0.25,1.0,29.0,793530,198382.5,595147.5
9662,2025-08-05,광주,식품,5,49354,0.0,1.0,26.0,246770,0.0,246770.0
9663,2025-02-06,서울,생활용품,2,94101,0.05,2.0,34.0,188202,9410.1,178791.9
9664,2025-04-20,부산,의류,7,25713,0.3,2.0,36.0,179991,53997.3,125993.7
9665,2025-01-15,광주,의류,7,139381,0.2,5.0,28.0,975667,195133.4,780533.6
9666,2025-09-07,광주,생활용품,5,122871,0.05,1.0,55.0,614355,30717.75,583637.25
9667,2025-08-10,제주,전자제품,6,30517,0.3,1.0,48.0,183102,54930.6,128171.4
9668,2025-09-28,광주,전자제품,3,35922,0.1,1.0,49.0,107766,10776.6,96989.4
9669,2025-03-06,서울,식품,4,53255,0.1,4.0,70.0,213020,21302.0,191718.0
9670,2025-05-02,제주,생활용품,6,18651,0.25,5.0,67.0,111906,27976.5,83929.5
9671,2025-09-04,대구,의류,3,55298,0.3,1.0,32.0,165894,49768.2,116125.8
9672,2025-10-29,서울,식품,6,101917,0.1,3.0,70.0,611502,61150.2,550351.8
9673,2025-11-20,대구,전자제품,7,110297,0.2,2.0,53.0,772079,154415.8,617663.2
9674,2025-01-27,서울,의류,7,6073,0.2,4.0,25.0,42511,8502.2,34008.8
9675,2025-05-27,대구,식품,3,56034,0.05,4.0,34.0,168102,8405.1,159696.9
9676,2025-01-04,대구,식품,4,125701,0.15,2.0,30.0,502804,75420.6,427383.4
9677,2025-10-26,서울,생활용품,3,131238,0.0,4.0,60.0,393714,0.0,393714.0
9678,2025-02-14,제주,의류,4,86593,0.3,1.0,51.0,346372,103911.6,242460.4
9679,2025-10-28,대구,전자제품,6,111625,0.25,3.0,59.0,669750,167437.5,502312.5
9680,2025-02-26,제주,전자제품,3,40788,0.05,5.0,25.0,122364,6118.2,116245.8
9681,2025-01-06,대구,식품,2,130907,0.2,5.0,45.0,261814,52362.8,209451.2
9682,2025-11-17,대구,전자제품,2,73671,0.0,1.0,46.0,147342,0.0,147342.0
9683,2025-06-10,제주,식품,6,105296,0.0,1.0,54.0,631776,0.0,631776.0
9684,2025-06-05,부산,식품,7,43050,0.2,5.0,37.0,301350,60270.0,241080.0
9685,2025-08-25,제주,생활용품,1,30070,0.25,2.0,21.0,30070,7517.5,22552.5
9686,2025-04-11,서울,식품,7,82264,0.25,4.0,65.0,575848,143962.0,431886.0
9687,2025-09-10,제주,식품,1,80761,0.1,3.0,40.0,80761,8076.1,72684.9
9688,2025-06-06,광주,의류,4,87888,0.3,3.0,66.0,351552,105465.6,246086.4
9689,2025-04-10,대구,의류,1,122162,0.15,2.0,39.0,122162,18324.3,103837.7
9690,2025-05-25,부산,전자제품,7,116894,0.1,4.0,31.0,818258,81825.8,736432.2
9691,2025-01-03,대구,전자제품,6,48759,0.1,2.0,42.0,292554,29255.4,263298.6
9692,2025-04-21,대구,전자제품,3,72583,0.25,4.0,23.0,217749,54437.25,163311.75
9693,2025-08-04,제주,생활용품,5,17364,0.1,2.0,47.0,86820,8682.0,78138.0
9694,2025-02-20,제주,전자제품,6,119063,0.1,5.0,70.0,714378,71437.8,642940.2
9695,2025-02-13,대구,생활용품,2,24630,0.1,4.0,31.0,49260,4926.0,44334.0
9696,2025-08-28,부산,식품,5,15040,0.1,3.0,,75200,7520.0,67680.0
9697,2025-06-06,부산,생활용품,3,80441,0.1,1.0,25.0,241323,24132.3,217190.7
9698,2025-02-19,부산,전자제품,6,138595,0.0,2.0,27.0,831570,0.0,831570.0
9699,2025-09-30,서울,식품,4,59568,0.3,4.0,38.0,238272,71481.6,166790.4
9700,2025-10-11,서울,전자제품,6,31898,0.05,3.0,31.0,191388,9569.4,181818.6
9701,2025-01-13,광주,생활용품,5,31722,0.15,1.0,55.0,158610,23791.5,134818.5
9702,2025-03-15,부산,의류,5,126304,0.05,1.0,36.0,631520,31576.0,599944.0
9703,2025-05-16,대구,전자제품,1,100772,0.15,4.0,37.0,100772,15115.8,85656.2
9704,2025-09-24,광주,의류,6,76722,0.05,2.0,25.0,460332,23016.6,437315.4
9705,2025-01-28,광주,생활용품,2,139472,0.05,3.0,48.0,278944,13947.2,264996.8
9706,2025-10-22,부산,의류,3,20184,0.1,4.0,35.0,60552,6055.2,54496.8
9707,2025-04-27,광주,생활용품,4,94373,0.3,5.0,55.0,377492,113247.6,264244.4
9708,2025-02-15,서울,식품,6,57171,0.3,2.0,19.0,343026,102907.8,240118.2
9709,2025-11-12,대구,식품,5,38851,0.25,4.0,52.0,194255,48563.75,145691.25
9710,2025-02-01,서울,생활용품,2,138158,0.05,5.0,60.0,276316,13815.8,262500.2
9711,2025-02-17,대구,의류,3,143736,0.2,5.0,55.0,431208,86241.6,344966.4
9712,2025-12-13,서울,의류,2,126034,0.25,5.0,31.0,252068,63017.0,189051.0
9713,2025-07-09,제주,생활용품,5,26524,0.2,1.0,54.0,132620,26524.0,106096.0
9714,2025-06-19,광주,의류,6,109736,0.3,1.0,61.0,658416,197524.8,460891.2
9715,2025-09-08,부산,전자제품,5,56978,0.05,5.0,45.0,284890,14244.5,270645.5
9716,2025-08-19,광주,전자제품,6,60078,0.15,2.0,52.0,360468,54070.2,306397.8
9717,2025-08-12,부산,생활용품,5,33092,0.1,2.0,61.0,165460,16546.0,148914.0
9718,2025-01-09,대구,전자제품,7,90375,0.25,3.0,43.0,632625,158156.25,474468.75
9719,2025-07-21,서울,의류,7,129302,0.0,4.0,25.0,905114,0.0,905114.0
9720,2025-04-12,대구,식품,2,38657,0.1,1.0,69.0,77314,7731.4,69582.6
9721,2025-10-22,서울,의류,3,82950,0.2,4.0,35.0,248850,49770.0,199080.0
9722,2025-07-04,서울,전자제품,1,98937,0.0,1.0,38.0,98937,0.0,98937.0
9723,2025-02-15,대구,식품,2,96427,0.05,2.0,50.0,192854,9642.7,183211.3
9724,2025-11-20,대구,의류,4,42836,0.2,5.0,27.0,171344,34268.8,137075.2
9725,2025-04-14,부산,전자제품,5,9182,0.05,1.0,36.0,45910,2295.5,43614.5
9726,2025-04-10,서울,식품,7,125206,0.2,1.0,48.0,876442,175288.4,701153.6
9727,2025-12-08,대구,생활용품,5,91512,0.1,3.0,56.0,457560,45756.0,411804.0
9728,2025-10-10,제주,전자제품,7,107152,0.15,2.0,25.0,750064,112509.6,637554.4
9729,2025-11-10,광주,의류,4,82127,0.1,2.0,61.0,328508,32850.8,295657.2
9730,2025-08-30,서울,전자제품,7,60983,0.3,3.0,32.0,426881,128064.3,298816.7
9731,2025-11-29,제주,의류,6,41499,0.25,1.0,66.0,248994,62248.5,186745.5
9732,2025-02-12,대구,전자제품,4,100625,0.25,1.0,66.0,402500,100625.0,301875.0
9733,2025-08-07,대구,의류,7,125568,0.25,5.0,55.0,878976,219744.0,659232.0
9734,2025-04-18,서울,식품,7,52145,0.1,5.0,65.0,365015,36501.5,328513.5
9735,2025-05-26,부산,의류,3,8491,0.0,3.0,26.0,25473,0.0,25473.0
9736,2025-03-28,광주,전자제품,2,27569,0.0,5.0,42.0,55138,0.0,55138.0
9737,2025-03-16,부산,의류,1,88981,0.15,5.0,25.0,88981,13347.15,75633.85
9738,2025-06-11,서울,의류,7,39101,0.3,2.0,43.0,273707,82112.1,191594.9
9739,2025-12-02,서울,전자제품,4,123065,0.15,1.0,48.0,492260,73839.0,418421.0
9740,2025-08-20,제주,식품,4,44395,0.3,2.0,48.0,177580,53274.0,124306.0
9741,2025-05-08,제주,의류,2,76603,0.15,5.0,22.0,153206,22980.9,130225.1
9742,2025-06-08,서울,의류,3,37859,0.2,5.0,22.0,113577,22715.4,90861.6
9743,2025-07-13,제주,의류,3,70908,0.0,4.0,70.0,212724,0.0,212724.0
9744,2025-03-31,제주,생활용품,5,103362,0.25,4.0,31.0,516810,129202.5,387607.5
9745,2025-07-10,부산,식품,2,120388,0.3,2.0,44.0,240776,72232.8,168543.2
9746,2025-09-11,광주,생활용품,6,112251,0.15,3.0,48.0,673506,101025.9,572480.1
9747,2025-03-30,부산,생활용품,3,78562,0.3,2.0,26.0,235686,70705.8,164980.2
9748,2025-08-02,부산,의류,2,71285,0.05,2.0,35.0,142570,7128.5,135441.5
9749,2025-09-16,광주,전자제품,1,52206,0.15,4.0,49.0,52206,7830.9,44375.1
9750,2025-07-09,부산,식품,1,148231,0.3,3.0,29.0,148231,44469.3,103761.7
9751,2025-04-17,부산,전자제품,2,111352,0.2,3.0,59.0,222704,44540.8,178163.2
9752,2025-07-22,부산,의류,6,134198,0.2,2.0,52.0,805188,161037.6,644150.4
9753,2025-10-17,서울,식품,6,112252,0.1,4.0,70.0,673512,67351.2,606160.8
9754,2025-03-22,제주,생활용품,7,17622,0.15,3.0,48.0,123354,18503.1,104850.9
9755,2025-07-29,광주,의류,3,43454,0.1,1.0,60.0,130362,13036.2,117325.8
9756,2025-09-06,제주,식품,5,71765,0.2,4.0,35.0,358825,71765.0,287060.0
9757,2025-04-28,대구,전자제품,2,50635,0.0,2.0,54.0,101270,0.0,101270.0
9758,2025-05-22,서울,전자제품,1,136730,0.15,3.0,67.0,136730,20509.5,116220.5
9759,2025-11-21,부산,의류,4,76312,0.3,5.0,61.0,305248,91574.4,213673.6
9760,2025-05-13,부산,생활용품,5,36938,0.0,4.0,59.0,184690,0.0,184690.0
9761,2025-08-07,제주,식품,6,91697,0.15,1.0,41.0,550182,82527.3,467654.7
9762,2025-02-24,부산,전자제품,1,59867,0.2,4.0,49.0,59867,11973.4,47893.6
9763,2025-12-04,광주,식품,6,23548,0.0,2.0,49.0,141288,0.0,141288.0
9764,2025-08-06,서울,생활용품,3,142308,0.0,4.0,29.0,426924,0.0,426924.0
9765,2025-10-05,제주,의류,2,142095,0.05,2.0,31.0,284190,14209.5,269980.5
9766,2025-08-08,광주,전자제품,1,117529,0.05,3.0,52.0,117529,5876.45,111652.55
9767,2025-05-10,대구,전자제품,2,50553,0.3,4.0,51.0,101106,30331.8,70774.2
9768,2025-05-05,부산,전자제품,4,125687,0.05,1.0,54.0,502748,25137.4,477610.6
9769,2025-09-13,부산,생활용품,2,46791,0.2,1.0,49.0,93582,18716.4,74865.6
9770,2025-11-10,부산,생활용품,3,132526,0.1,4.0,48.0,397578,39757.8,357820.2
9771,2025-02-16,대구,식품,4,133209,0.15,1.0,45.0,532836,79925.4,452910.6
9772,2025-11-05,제주,의류,1,29820,0.3,5.0,51.0,29820,8946.0,20874.0
9773,2025-10-30,부산,전자제품,7,50658,0.3,3.0,37.0,354606,106381.8,248224.2
9774,2025-02-09,광주,의류,3,106395,0.0,1.0,26.0,319185,0.0,319185.0
9775,2025-02-09,대구,식품,6,38944,0.0,4.0,53.0,233664,0.0,233664.0
9776,2025-09-11,광주,생활용품,5,121406,0.1,5.0,35.0,607030,60703.0,546327.0
9777,2025-11-04,광주,식품,6,103455,0.25,1.0,58.0,620730,155182.5,465547.5
9778,2025-05-24,서울,생활용품,3,37839,0.25,5.0,65.0,113517,28379.25,85137.75
9779,2025-08-22,서울,의류,2,117487,0.2,3.0,38.0,234974,46994.8,187979.2
9780,2025-12-31,제주,식품,2,11287,0.3,4.0,25.0,22574,6772.2,15801.8
9781,2025-04-28,서울,생활용품,2,60677,0.05,2.0,18.0,121354,6067.7,115286.3
9782,2025-03-24,대구,생활용품,4,30861,0.25,1.0,49.0,123444,30861.0,92583.0
9783,2025-12-28,광주,식품,5,5000,0.3,5.0,64.0,25000,7500.0,17500.0
9784,2025-04-13,대구,식품,6,112504,0.3,4.0,65.0,675024,202507.2,472516.8
9785,2025-06-22,서울,의류,7,27141,0.2,2.0,65.0,189987,37997.4,151989.6
9786,2025-06-11,서울,전자제품,6,105672,0.2,2.0,18.0,634032,126806.4,507225.6
9787,2025-07-10,광주,식품,3,15937,0.05,4.0,20.0,47811,2390.55,45420.45
9788,2025-04-09,제주,생활용품,4,134301,0.25,2.0,69.0,537204,134301.0,402903.0
9789,2025-09-05,부산,생활용품,7,146784,0.05,4.0,53.0,1027488,51374.4,976113.6
9790,2025-09-10,대구,식품,5,50958,0.1,1.0,64.0,254790,25479.0,229311.0
9791,2025-03-15,제주,식품,3,75499,0.0,5.0,69.0,226497,0.0,226497.0
9792,2025-06-25,제주,생활용품,6,95153,0.1,4.0,55.0,570918,57091.8,513826.2
9793,2025-01-21,대구,전자제품,1,90516,0.0,2.0,39.0,90516,0.0,90516.0
9794,2025-03-22,광주,전자제품,5,8885,0.15,3.0,55.0,44425,6663.75,37761.25
9795,2025-12-27,제주,전자제품,7,146985,0.0,1.0,51.0,1028895,0.0,1028895.0
9796,2025-07-04,광주,전자제품,4,140588,0.25,3.0,63.0,562352,140588.0,421764.0
9797,2025-08-16,대구,생활용품,5,75577,0.2,2.0,63.0,377885,75577.0,302308.0
9798,2025-11-21,광주,전자제품,1,85401,0.2,2.0,27.0,85401,17080.2,68320.8
9799,2025-09-18,부산,식품,5,29645,0.2,5.0,64.0,148225,29645.0,118580.0
9800,2025-10-17,제주,의류,3,113516,0.25,3.0,55.0,340548,85137.0,255411.0
9801,2025-09-17,서울,의류,7,79609,0.2,1.0,56.0,557263,111452.6,445810.4
9802,2025-07-02,부산,생활용품,3,46153,0.2,3.0,36.0,138459,27691.8,110767.2
9803,2025-08-19,부산,생활용품,3,49532,0.05,1.0,43.0,148596,7429.8,141166.2
9804,2025-04-16,부산,식품,3,16883,0.25,3.0,64.0,50649,12662.25,37986.75
9805,2025-11-22,대구,전자제품,5,119387,0.15,4.0,25.0,596935,89540.25,507394.75
9806,2025-03-07,광주,전자제품,7,14109,0.05,1.0,46.0,98763,4938.15,93824.85
9807,2025-11-19,제주,생활용품,3,86705,0.15,1.0,69.0,260115,39017.25,221097.75
9808,2025-11-17,대구,식품,2,123126,0.1,2.0,58.0,246252,24625.2,221626.8
9809,2025-02-21,광주,생활용품,6,12592,0.05,3.0,25.0,75552,3777.6,71774.4
9810,2025-09-17,대구,식품,4,27032,0.15,1.0,26.0,108128,16219.2,91908.8
9811,2025-12-28,서울,생활용품,4,115546,0.3,2.0,44.0,462184,138655.2,323528.8
9812,2025-07-28,광주,의류,7,124481,0.0,4.0,30.0,871367,0.0,871367.0
9813,2025-05-05,서울,의류,4,16773,0.0,3.0,64.0,67092,0.0,67092.0
9814,2025-11-17,대구,의류,5,43463,0.3,3.0,62.0,217315,65194.5,152120.5
9815,2025-07-07,제주,식품,7,92920,0.2,1.0,68.0,650440,130088.0,520352.0
9816,2025-02-14,광주,전자제품,2,83484,0.05,4.0,38.0,166968,8348.4,158619.6
9817,2025-04-01,대구,전자제품,7,79927,0.1,3.0,33.0,559489,55948.9,503540.1
9818,2025-09-07,부산,식품,7,42978,0.0,3.0,45.0,300846,0.0,300846.0
9819,2025-06-16,제주,생활용품,4,83153,0.25,4.0,24.0,332612,83153.0,249459.0
9820,2025-03-21,제주,의류,3,12262,0.2,1.0,56.0,36786,7357.2,29428.8
9821,2025-10-19,부산,의류,2,131541,0.05,4.0,64.0,263082,13154.1,249927.9
9822,2025-02-14,서울,식품,1,83630,0.05,2.0,26.0,83630,4181.5,79448.5
9823,2025-03-21,대구,식품,7,59039,0.2,1.0,28.0,413273,82654.6,330618.4
9824,2025-06-19,광주,식품,4,58232,0.15,2.0,34.0,232928,34939.2,197988.8
9825,2025-01-15,제주,전자제품,5,58641,0.25,2.0,60.0,293205,73301.25,219903.75
9826,2025-05-22,제주,의류,2,68091,0.05,3.0,35.0,136182,6809.1,129372.9
9827,2025-11-29,부산,식품,3,32952,0.3,2.0,56.0,98856,29656.8,69199.2
9828,2025-12-10,부산,식품,6,92226,0.05,4.0,66.0,553356,27667.8,525688.2
9829,2025-11-15,제주,의류,5,31638,0.05,2.0,41.0,158190,7909.5,150280.5
9830,2025-04-29,부산,전자제품,2,50481,0.25,1.0,25.0,100962,25240.5,75721.5
9831,2025-01-24,대구,생활용품,1,131271,0.15,2.0,66.0,131271,19690.65,111580.35
9832,2025-10-25,부산,전자제품,6,86752,0.1,3.0,37.0,520512,52051.2,468460.8
9833,2025-05-17,부산,의류,1,135939,0.25,1.0,49.0,135939,33984.75,101954.25
9834,2025-10-01,대구,생활용품,1,100377,0.2,1.0,68.0,100377,20075.4,80301.6
9835,2025-02-13,부산,전자제품,3,118603,0.1,1.0,65.0,355809,35580.9,320228.1
9836,2025-09-01,대구,전자제품,7,17984,0.05,2.0,62.0,125888,6294.4,119593.6
9837,2025-08-03,부산,식품,5,78134,0.25,5.0,36.0,390670,97667.5,293002.5
9838,2025-12-02,서울,생활용품,1,55764,0.15,3.0,53.0,55764,8364.6,47399.4
9839,2025-02-07,광주,의류,7,7480,0.3,1.0,35.0,52360,15708.0,36652.0
9840,2025-05-29,제주,식품,7,18042,0.1,1.0,47.0,126294,12629.4,113664.6
9841,2025-12-28,대구,생활용품,5,32522,0.05,1.0,35.0,162610,8130.5,154479.5
9842,2025-05-23,부산,식품,1,6005,0.0,1.0,62.0,6005,0.0,6005.0
9843,2025-08-29,광주,생활용품,1,68416,0.05,3.0,57.0,68416,3420.8,64995.2
9844,2025-02-28,대구,생활용품,7,12428,0.25,4.0,68.0,86996,21749.0,65247.0
9845,2025-09-23,대구,전자제품,6,124554,0.1,3.0,32.0,747324,74732.4,672591.6
9846,2025-04-11,대구,식품,6,90871,0.15,3.0,66.0,545226,81783.9,463442.1
9847,2025-07-28,광주,전자제품,4,144637,0.05,3.0,31.0,578548,28927.4,549620.6
9848,2025-11-18,서울,전자제품,5,0,0.3,2.0,51.0,0,0.0,0.0
9849,2025-08-30,서울,전자제품,2,16594,0.3,5.0,27.0,33188,9956.4,23231.6
9850,2025-06-23,서울,전자제품,1,130933,0.25,4.0,56.0,130933,32733.25,98199.75
9851,2025-03-11,서울,전자제품,2,61845,0.25,5.0,59.0,123690,30922.5,92767.5
9852,2025-05-05,제주,의류,5,115120,0.15,1.0,59.0,575600,86340.0,489260.0
9853,2025-11-06,광주,식품,3,32540,0.0,3.0,32.0,97620,0.0,97620.0
9854,2025-03-20,광주,식품,5,6278,0.0,5.0,60.0,31390,0.0,31390.0
9855,2025-08-28,광주,생활용품,4,77186,0.15,4.0,26.0,308744,46311.6,262432.4
9856,2025-06-27,서울,생활용품,4,88121,0.25,4.0,56.0,352484,88121.0,264363.0
9857,2025-04-28,부산,의류,7,21149,0.0,3.0,42.0,148043,0.0,148043.0
9858,2025-09-19,광주,식품,5,6486,0.15,2.0,27.0,32430,4864.5,27565.5
9859,2025-05-13,대구,의류,7,35749,0.3,4.0,69.0,250243,75072.9,175170.1
9860,2025-04-15,대구,식품,7,20833,0.25,3.0,58.0,145831,36457.75,109373.25
9861,2025-07-13,광주,식품,5,149449,0.15,3.0,25.0,747245,112086.75,635158.25
9862,2025-10-04,서울,식품,7,148297,0.2,2.0,38.0,1038079,207615.8,830463.2
9863,2025-11-12,광주,전자제품,2,7298,0.0,1.0,57.0,14596,0.0,14596.0
9864,2025-08-18,광주,전자제품,4,71268,0.0,4.0,28.0,285072,0.0,285072.0
9865,2025-08-30,대구,의류,1,60754,0.1,5.0,43.0,60754,6075.4,54678.6
9866,2025-10-15,대구,생활용품,1,8945,0.25,1.0,23.0,8945,2236.25,6708.75
9867,2025-04-09,서울,식품,1,101658,0.0,3.0,19.0,101658,0.0,101658.0
9868,2025-04-02,부산,전자제품,1,128296,0.25,4.0,30.0,128296,32074.0,96222.0
9869,2025-06-26,부산,의류,3,93637,0.05,1.0,55.0,280911,14045.55,266865.45
9870,2025-08-19,제주,생활용품,6,138015,0.0,2.0,44.0,828090,0.0,828090.0
9871,2025-08-24,서울,의류,7,97430,0.0,5.0,34.0,682010,0.0,682010.0
9872,2025-02-26,부산,전자제품,7,84516,0.2,4.0,31.0,591612,118322.4,473289.6
9873,2025-10-12,서울,전자제품,2,142440,0.0,5.0,60.0,284880,0.0,284880.0
9874,2025-05-13,부산,의류,4,107362,0.15,5.0,53.0,429448,64417.2,365030.8
9875,2025-11-17,서울,생활용품,4,115872,0.3,4.0,63.0,463488,139046.4,324441.6
9876,2025-09-22,부산,전자제품,1,118118,0.2,2.0,69.0,118118,23623.6,94494.4
9877,2025-12-25,광주,생활용품,1,9606,0.1,5.0,51.0,9606,960.6,8645.4
9878,2025-08-19,광주,생활용품,3,111528,0.3,3.0,20.0,334584,100375.2,234208.8
9879,2025-07-12,부산,전자제품,6,113535,0.0,3.0,67.0,681210,0.0,681210.0
9880,2025-03-10,광주,전자제품,3,76706,0.05,3.0,24.0,230118,11505.9,218612.1
9881,2025-05-26,광주,전자제품,3,86835,0.05,3.0,55.0,260505,13025.25,247479.75
9882,2025-11-10,제주,의류,7,125740,0.0,3.0,31.0,880180,0.0,880180.0
9883,2025-05-20,제주,전자제품,3,25574,0.3,4.0,58.0,76722,23016.6,53705.4
9884,2025-01-20,부산,생활용품,5,81463,0.05,1.0,60.0,407315,20365.75,386949.25
9885,2025-03-31,대구,전자제품,7,116733,0.0,3.0,60.0,817131,0.0,817131.0
9886,2025-08-06,광주,의류,1,42628,0.3,3.0,32.0,42628,12788.4,29839.6
9887,2025-08-18,부산,생활용품,4,43242,0.3,3.0,52.0,172968,51890.4,121077.6
9888,2025-12-26,대구,전자제품,3,5589,0.05,4.0,28.0,16767,838.35,15928.65
9889,2025-12-07,대구,식품,1,50285,0.1,2.0,65.0,50285,5028.5,45256.5
9890,2025-07-13,부산,생활용품,1,56995,0.2,5.0,26.0,56995,11399.0,45596.0
9891,2025-07-22,서울,전자제품,5,143104,0.1,1.0,62.0,715520,71552.0,643968.0
9892,2025-10-20,서울,식품,5,16975,0.25,4.0,25.0,84875,21218.75,63656.25
9893,2025-01-18,광주,식품,4,98715,0.05,1.0,33.0,394860,19743.0,375117.0
9894,2025-08-06,제주,전자제품,5,14175,0.25,4.0,56.0,70875,17718.75,53156.25
9895,2025-06-23,광주,식품,6,120915,0.15,1.0,68.0,725490,108823.5,616666.5
9896,2025-10-13,부산,식품,1,73037,0.0,2.0,55.0,73037,0.0,73037.0
9897,2025-10-20,서울,식품,1,66743,0.2,2.0,36.0,66743,13348.6,53394.4
9898,2025-08-28,광주,생활용품,3,141833,0.0,1.0,34.0,425499,0.0,425499.0
9899,2025-08-28,서울,전자제품,4,113608,0.25,2.0,51.0,454432,113608.0,340824.0
9900,2025-09-10,대구,식품,7,20299,0.3,4.0,41.0,142093,42627.9,99465.1
9901,2025-07-31,제주,전자제품,7,43598,0.05,1.0,28.0,305186,15259.3,289926.7
9902,2025-03-25,서울,생활용품,6,44694,0.15,4.0,51.0,268164,40224.6,227939.4
9903,2025-04-14,대구,의류,3,93408,0.1,3.0,41.0,280224,28022.4,252201.6
9904,2025-09-28,제주,의류,5,125362,0.0,5.0,69.0,626810,0.0,626810.0
9905,2025-08-14,부산,전자제품,1,97465,0.2,4.0,19.0,97465,19493.0,77972.0
9906,2025-03-28,제주,식품,4,63265,0.0,3.0,57.0,253060,0.0,253060.0
9907,2025-11-17,제주,전자제품,1,113252,0.0,5.0,60.0,113252,0.0,113252.0
9908,2025-12-24,대구,식품,7,115027,0.25,1.0,60.0,805189,201297.25,603891.75
9909,2025-08-17,부산,생활용품,4,16685,0.05,3.0,55.0,66740,3337.0,63403.0
9910,2025-03-25,광주,의류,6,83639,0.3,2.0,69.0,501834,150550.2,351283.8
9911,2025-12-09,광주,전자제품,1,108058,0.2,3.0,34.0,108058,21611.6,86446.4
9912,2025-03-28,대구,식품,7,92570,0.15,3.0,38.0,647990,97198.5,550791.5
9913,2025-06-07,서울,생활용품,4,40511,0.1,3.0,67.0,162044,16204.4,145839.6
9914,2025-11-10,광주,전자제품,1,28365,0.1,2.0,21.0,28365,2836.5,25528.5
9915,2025-07-10,부산,생활용품,3,47177,0.05,4.0,61.0,141531,7076.55,134454.45
9916,2025-03-30,서울,식품,2,56081,0.2,1.0,57.0,112162,22432.4,89729.6
9917,2025-01-30,서울,식품,1,138619,0.2,1.0,49.0,138619,27723.8,110895.2
9918,2025-05-12,대구,생활용품,1,95155,0.0,1.0,24.0,95155,0.0,95155.0
9919,2025-09-03,서울,의류,5,126184,0.1,3.0,50.0,630920,63092.0,567828.0
9920,2025-09-18,부산,식품,7,8881,0.3,3.0,41.0,62167,18650.1,43516.9
9921,2025-03-23,부산,전자제품,5,118667,0.15,5.0,22.0,593335,89000.25,504334.75
9922,2025-02-27,대구,전자제품,5,32307,0.05,2.0,57.0,161535,8076.75,153458.25
9923,2025-09-14,광주,식품,1,87038,0.05,3.0,61.0,87038,4351.9,82686.1
9924,2025-02-28,대구,전자제품,2,61042,0.05,5.0,47.0,122084,6104.2,115979.8
9925,2025-01-24,대구,생활용품,1,130246,0.3,4.0,26.0,130246,39073.8,91172.2
9926,2025-06-27,서울,전자제품,7,102816,0.1,5.0,37.0,719712,71971.2,647740.8
9927,2025-07-28,서울,의류,6,71741,0.1,3.0,46.0,430446,43044.6,387401.4
9928,2025-03-30,제주,생활용품,7,78890,0.0,1.0,45.0,552230,0.0,552230.0
9929,2025-03-19,광주,식품,7,107501,0.3,3.0,49.0,752507,225752.1,526754.9
9930,2025-03-28,서울,의류,2,109216,0.1,4.0,30.0,218432,21843.2,196588.8
9931,2025-05-06,대구,전자제품,4,88120,0.2,1.0,60.0,352480,70496.0,281984.0
9932,2025-01-04,서울,의류,5,110395,0.25,3.0,21.0,551975,137993.75,413981.25
9933,2025-01-05,서울,생활용품,6,119418,0.1,3.0,70.0,716508,71650.8,644857.2
9934,2025-05-16,부산,생활용품,5,9502,0.15,5.0,39.0,47510,7126.5,40383.5
9935,2025-01-08,광주,전자제품,4,58210,0.0,5.0,61.0,232840,0.0,232840.0
9936,2025-04-27,광주,식품,1,135749,0.2,4.0,21.0,135749,27149.8,108599.2
9937,2025-08-01,광주,의류,7,51572,0.2,2.0,53.0,361004,72200.8,288803.2
9938,2025-01-12,서울,생활용품,5,124512,0.05,2.0,69.0,622560,31128.0,591432.0
9939,2025-08-14,서울,식품,6,84638,0.05,3.0,68.0,507828,25391.4,482436.6
9940,2025-08-15,대구,생활용품,2,44305,0.1,1.0,41.0,88610,8861.0,79749.0
9941,2025-07-29,제주,전자제품,1,55782,0.2,4.0,37.0,55782,11156.4,44625.6
9942,2025-08-17,광주,의류,7,75256,0.15,5.0,64.0,526792,79018.8,447773.2
9943,2025-10-23,광주,식품,6,23096,0.0,1.0,51.0,138576,0.0,138576.0
9944,2025-01-26,서울,의류,6,49682,0.2,5.0,68.0,298092,59618.4,238473.6
9945,2025-03-03,제주,의류,4,103748,0.2,1.0,30.0,414992,82998.4,331993.6
9946,2025-04-26,제주,식품,7,136464,0.05,3.0,41.0,955248,47762.4,907485.6
9947,2025-09-09,대구,생활용품,2,142801,0.15,2.0,34.0,285602,42840.3,242761.7
9948,2025-11-15,부산,생활용품,6,60509,0.25,3.0,40.0,363054,90763.5,272290.5
9949,2025-12-02,광주,생활용품,4,120150,0.1,3.0,64.0,480600,48060.0,432540.0
9950,2025-08-01,광주,전자제품,2,62428,0.0,3.0,65.0,124856,0.0,124856.0
9951,2025-05-30,제주,식품,6,121983,0.3,1.0,49.0,731898,219569.4,512328.6
9952,2025-05-31,서울,의류,3,137228,0.0,4.0,19.0,411684,0.0,411684.0
9953,2025-01-22,대구,생활용품,2,69623,0.0,5.0,41.0,139246,0.0,139246.0
9954,2025-06-19,광주,식품,5,92101,0.05,3.0,43.0,460505,23025.25,437479.75
9955,2025-07-07,부산,의류,6,130702,0.25,5.0,55.0,784212,196053.0,588159.0
9956,2025-03-18,제주,의류,3,24991,0.2,1.0,32.0,74973,14994.6,59978.4
9957,2025-10-08,서울,전자제품,7,40783,0.05,4.0,48.0,285481,14274.05,271206.95
9958,2025-10-24,서울,생활용품,5,95773,0.0,2.0,57.0,478865,0.0,478865.0
9959,2025-04-21,광주,식품,1,30963,0.3,4.0,48.0,30963,9288.9,21674.1
9960,2025-11-30,서울,의류,3,120195,0.0,3.0,62.0,360585,0.0,360585.0
9961,2025-02-09,대구,식품,7,43624,0.3,1.0,31.0,305368,91610.4,213757.6
9962,2025-11-29,부산,전자제품,2,53987,0.15,2.0,50.0,107974,16196.1,91777.9
9963,2025-10-08,광주,식품,7,122549,0.05,3.0,42.0,857843,42892.15,814950.85
9964,2025-03-23,서울,의류,4,81416,0.1,5.0,39.0,325664,32566.4,293097.6
9965,2025-08-26,부산,식품,5,119672,0.1,1.0,40.0,598360,59836.0,538524.0
9966,2025-04-24,제주,생활용품,5,95892,0.05,5.0,47.0,479460,23973.0,455487.0
9967,2025-10-19,부산,생활용품,4,79568,0.15,,45.0,318272,47740.8,270531.2
9968,2025-02-28,대구,의류,4,79010,0.2,2.0,48.0,316040,63208.0,252832.0
9969,2025-03-31,제주,생활용품,4,121407,0.15,1.0,68.0,485628,72844.2,412783.8
9970,2025-04-23,광주,생활용품,5,149874,0.2,5.0,51.0,749370,149874.0,599496.0
9971,2025-03-14,광주,의류,6,8526,0.3,3.0,46.0,51156,15346.8,35809.2
9972,2025-05-02,제주,생활용품,4,78485,0.0,4.0,66.0,313940,0.0,313940.0
9973,2025-08-08,광주,의류,4,118581,0.25,4.0,30.0,474324,118581.0,355743.0
9974,2025-08-20,제주,생활용품,6,98289,0.05,3.0,31.0,589734,29486.7,560247.3
9975,2025-07-22,대구,전자제품,6,75178,0.0,2.0,24.0,451068,0.0,451068.0
9976,2025-03-11,제주,식품,5,120071,0.1,1.0,28.0,600355,60035.5,540319.5
9977,2025-03-15,광주,생활용품,4,72894,0.1,3.0,22.0,291576,29157.6,262418.4
9978,2025-12-02,부산,식품,5,24804,0.3,3.0,28.0,124020,37206.0,86814.0
9979,2025-04-02,대구,전자제품,4,44475,0.1,3.0,52.0,177900,17790.0,160110.0
9980,2025-02-07,부산,생활용품,4,11367,0.25,5.0,54.0,45468,11367.0,34101.0
9981,2025-06-15,부산,의류,2,106809,0.3,1.0,52.0,213618,64085.4,149532.6
9982,2025-01-03,부산,생활용품,4,146084,0.1,4.0,65.0,584336,58433.6,525902.4
9983,2025-05-06,대구,전자제품,4,60003,0.05,1.0,63.0,240012,12000.6,228011.4
9984,2025-11-09,부산,전자제품,1,111178,0.3,3.0,35.0,111178,33353.4,77824.6
9985,2025-04-08,광주,의류,7,147457,0.15,4.0,28.0,1032199,154829.85,877369.15
9986,2025-09-14,부산,전자제품,5,62026,0.15,1.0,40.0,310130,46519.5,263610.5
9987,2025-06-28,대구,의류,1,132932,0.25,3.0,67.0,132932,33233.0,99699.0
9988,2025-05-10,서울,식품,2,7561,0.1,2.0,69.0,15122,1512.2,13609.8
9989,2025-08-30,부산,전자제품,4,103259,0.15,3.0,28.0,413036,61955.4,351080.6
9990,2025-08-06,부산,생활용품,7,29128,0.3,3.0,25.0,203896,61168.8,142727.2
9991,2025-04-27,제주,전자제품,4,118320,0.0,3.0,57.0,473280,0.0,473280.0
9992,2025-03-23,대구,생활용품,6,6413,0.25,4.0,64.0,38478,9619.5,28858.5
9993,2025-12-01,서울,전자제품,1,125757,0.1,2.0,68.0,125757,12575.7,113181.3
9994,2025-03-03,부산,의류,4,62486,0.15,5.0,68.0,249944,37491.6,212452.4
9995,2025-12-17,광주,생활용품,6,39355,0.3,5.0,32.0,236130,70839.0,165291.0
9996,2025-06-21,서울,전자제품,6,85454,0.2,3.0,60.0,512724,102544.8,410179.2
9997,2025-12-30,서울,생활용품,2,148503,0.1,5.0,53.0,297006,29700.6,267305.4
9998,2025-05-09,부산,식품,5,28284,0.3,2.0,35.0,141420,42426.0,98994.0
9999,2025-07-26,부산,의류,1,49956,0.2,2.0,18.0,49956,9991.2,39964.8
10000,2025-08-13,대구,생활용품,1,97779,0.05,2.0,52.0,97779,4888.95,92890.05
6253,2025-04-11,대구,생활용품,4,93966,0.1,3.0,63.0,375864,37586.4,338277.6
4685,2025-07-08,광주,의류,7,125496,0.2,1.0,22.0,878472,175694.4,702777.6
1732,2025-11-26,부산,식품,1,44124,0.3,2.0,37.0,44124,13237.2,30886.8
4743,2025-06-06,서울,생활용품,2,127969,0.1,2.0,22.0,255938,25593.8,230344.2
4522,2025-09-12,제주,식품,5,79305,0.25,3.0,24.0,396525,99131.25,297393.75
6341,2025-04-19,제주,생활용품,2,30152,0.15,2.0,63.0,60304,9045.6,51258.4
577,2025-12-04,제주,식품,7,146399,0.0,2.0,50.0,1024793,0.0,1024793.0
5203,2025-11-02,서울,생활용품,5,41123,0.1,2.0,33.0,205615,20561.5,185053.5
6364,2025-04-04,광주,생활용품,3,38249,0.05,1.0,67.0,114747,5737.35,109009.65
440,2025-05-26,서울,의류,4,141760,0.05,2.0,18.0,567040,28352.0,538688.0
2751,2025-03-31,광주,생활용품,1,74532,0.15,4.0,22.0,74532,11179.8,63352.2
7488,2025-07-06,광주,의류,7,26408,0.05,5.0,23.0,184856,9242.8,175613.2
5273,2025-03-30,광주,의류,5,97447,0.15,5.0,37.0,487235,73085.25,414149.75
5654,2025-06-19,광주,생활용품,2,85485,0.05,4.0,45.0,170970,8548.5,162421.5
4000,2025-07-09,광주,의류,4,65902,0.3,3.0,28.0,263608,79082.4,184525.6
6034,2025-12-13,광주,의류,7,28263,0.2,5.0,31.0,197841,39568.2,158272.8
583,2025-02-08,광주,전자제품,7,47905,0.05,1.0,41.0,335335,16766.75,318568.25
9931,2025-05-06,대구,전자제품,4,88120,0.2,1.0,60.0,352480,70496.0,281984.0
7052,2025-06-07,제주,전자제품,3,69470,0.25,2.0,70.0,208410,52102.5,156307.5
8159,2025-12-07,제주,식품,7,145751,0.15,2.0,51.0,1020257,153038.55,867218.45
9897,2025-10-20,서울,식품,1,66743,0.2,2.0,36.0,66743,13348.6,53394.4
2250,2025-06-04,서울,생활용품,5,141324,0.25,4.0,63.0,706620,176655.0,529965.0
4641,2025-11-04,부산,의류,7,7692,0.3,3.0,22.0,53844,16153.2,37690.8
9486,2025-10-12,대구,생활용품,1,123547,0.2,3.0,38.0,123547,24709.4,98837.6
4948,2025-07-09,대구,전자제품,5,27796,0.05,4.0,34.0,138980,6949.0,132031.0
9921,2025-03-23,부산,전자제품,5,118667,0.15,5.0,22.0,593335,89000.25,504334.75
1964,2025-10-26,대구,식품,2,112925,0.2,4.0,39.0,225850,45170.0,180680.0
8244,2025-10-19,제주,식품,2,17240,0.3,1.0,63.0,34480,10344.0,24136.0
6591,2025-01-04,광주,생활용품,6,53982,0.2,2.0,20.0,323892,64778.4,259113.6
8848,2025-03-25,부산,생활용품,7,106405,0.25,5.0,62.0,744835,186208.75,558626.25
322,2025-02-09,제주,전자제품,1,58683,0.3,2.0,29.0,58683,17604.9,41078.1
2679,2025-07-31,대구,생활용품,3,45815,0.15,2.0,60.0,137445,20616.75,116828.25
4626,2025-05-21,대구,전자제품,2,98360,0.25,1.0,65.0,196720,49180.0,147540.0
4950,2025-05-15,부산,의류,4,107101,0.15,4.0,43.0,428404,64260.6,364143.4
8329,2025-03-01,부산,생활용품,6,7420,0.05,4.0,33.0,44520,2226.0,42294.0
3338,2025-01-19,서울,식품,4,34682,0.0,4.0,57.0,138728,0.0,138728.0
5590,2025-11-06,광주,전자제품,5,39664,0.05,4.0,49.0,198320,9916.0,188404.0
252,2025-06-30,서울,식품,4,142424,0.0,1.0,49.0,569696,0.0,569696.0
3974,2025-04-05,대구,전자제품,1,8856,0.0,1.0,36.0,8856,0.0,8856.0
6631,2025-06-27,대구,전자제품,4,80910,0.15,1.0,62.0,323640,48546.0,275094.0
5548,2025-01-18,제주,전자제품,2,7101,0.05,3.0,32.0,14202,710.1,13491.9
36,2025-01-24,대구,생활용품,7,62850,0.0,1.0,59.0,439950,0.0,439950.0
8363,2025-10-09,광주,의류,6,122394,0.25,5.0,36.0,734364,183591.0,550773.0
1514,2025-05-01,서울,생활용품,2,135419,0.0,1.0,66.0,270838,0.0,270838.0
9318,2025-07-29,제주,식품,3,50379,0.1,1.0,63.0,151137,15113.7,136023.3
40,2025-08-19,대구,의류,3,93723,0.25,3.0,64.0,281169,70292.25,210876.75
4820,2025-12-07,부산,의류,6,73062,0.3,3.0,61.0,438372,131511.6,306860.4
3466,2025-10-01,제주,생활용품,5,133375,0.05,1.0,29.0,666875,33343.75,633531.25
1761,2025-05-21,부산,생활용품,2,112061,0.25,3.0,28.0,224122,56030.5,168091.5
2305,2025-12-01,서울,식품,7,39589,0.1,5.0,42.0,277123,27712.3,249410.7
3724,2025-12-29,제주,생활용품,7,130874,0.3,3.0,45.0,916118,274835.4,641282.6
8285,2025-10-18,광주,생활용품,3,104863,0.3,3.0,24.0,314589,94376.7,220212.3
4994,2025-07-21,부산,식품,7,67380,0.05,4.0,33.0,471660,23583.0,448077.0
8128,2025-08-02,광주,식품,7,36763,0.05,1.0,22.0,257341,12867.05,244473.95
3033,2025-07-25,광주,식품,4,147704,0.2,4.0,33.0,590816,118163.2,472652.8
7939,2025-01-26,광주,전자제품,2,65582,0.05,4.0,70.0,131164,6558.2,124605.8
3040,2025-03-14,부산,의류,5,133450,0.15,3.0,52.0,667250,100087.5,567162.5
9656,2025-06-01,대구,전자제품,2,44559,0.25,3.0,34.0,89118,22279.5,66838.5
2546,2025-05-26,대구,생활용품,1,126870,0.1,5.0,68.0,126870,12687.0,114183.0
2593,2025-07-14,부산,생활용품,6,47771,0.0,1.0,52.0,286626,0.0,286626.0
1189,2025-07-26,제주,식품,5,119482,0.3,5.0,35.0,597410,179223.0,418187.0
7967,2025-03-18,제주,식품,1,66079,0.05,3.0,40.0,66079,3303.95,62775.05
6078,2025-03-09,서울,전자제품,7,14595,0.3,2.0,30.0,102165,30649.5,71515.5
108,2025-08-31,서울,식품,4,16146,0.0,4.0,36.0,64584,0.0,64584.0
1316,2025-04-20,광주,생활용품,6,51926,0.1,1.0,22.0,311556,31155.6,280400.4
8188,2025-03-10,부산,의류,5,80407,0.05,3.0,64.0,402035,20101.75,381933.25
2754,2025-08-26,부산,생활용품,2,148263,0.15,5.0,51.0,296526,44478.9,252047.1
9754,2025-03-22,제주,생활용품,7,17622,0.15,3.0,48.0,123354,18503.1,104850.9
6232,2025-08-19,제주,생활용품,1,142297,0.0,3.0,20.0,142297,0.0,142297.0
2877,2025-08-31,제주,식품,7,34751,0.0,5.0,58.0,243257,0.0,243257.0
5324,2025-05-25,제주,식품,2,84664,0.1,2.0,51.0,169328,16932.8,152395.2
800,2025-06-11,서울,생활용품,2,82858,0.15,3.0,42.0,165716,24857.4,140858.6
3571,2025-10-19,서울,식품,4,134746,0.2,4.0,50.0,538984,107796.8,431187.2
2895,2025-04-06,대구,생활용품,1,21765,0.3,3.0,30.0,21765,6529.5,15235.5
2928,2025-04-28,부산,식품,1,139022,0.3,2.0,48.0,139022,41706.6,97315.4
8179,2025-09-03,광주,식품,7,91434,0.25,2.0,45.0,640038,160009.5,480028.5
972,2025-06-02,제주,의류,6,142089,0.05,2.0,26.0,852534,42626.7,809907.3
6688,2025-02-07,부산,전자제품,5,109859,0.25,4.0,37.0,549295,137323.75,411971.25
8576,2025-03-20,대구,전자제품,4,98739,0.2,2.0,57.0,394956,78991.2,315964.8
2021,2025-04-21,부산,의류,5,93771,0.2,1.0,36.0,468855,93771.0,375084.0
9055,2025-12-19,서울,의류,5,111810,0.25,5.0,51.0,559050,139762.5,419287.5
953,2025-08-13,제주,식품,1,140624,0.0,3.0,38.0,140624,0.0,140624.0
5360,2025-05-05,제주,의류,4,104007,0.05,2.0,18.0,416028,20801.4,395226.6
3858,2025-01-07,부산,의류,2,79098,0.3,2.0,44.0,158196,47458.8,110737.2
5862,2025-08-05,부산,의류,3,12505,0.2,4.0,60.0,37515,7503.0,30012.0
3146,2025-07-21,광주,식품,5,116083,0.0,4.0,59.0,580415,0.0,580415.0
3306,2025-04-03,광주,의류,6,29845,0.3,4.0,37.0,179070,53721.0,125349.0
3007,2025-08-07,대구,생활용품,2,71873,0.15,,46.0,143746,21561.9,122184.1
9002,2025-01-07,광주,전자제품,7,103111,0.25,4.0,55.0,721777,180444.25,541332.75
7771,2025-03-24,광주,전자제품,7,144410,0.15,2.0,38.0,1010870,151630.5,859239.5
7439,2025-08-03,제주,전자제품,2,105055,0.3,1.0,67.0,210110,63033.0,147077.0
7943,2025-07-29,제주,전자제품,6,86516,0.0,2.0,30.0,519096,0.0,519096.0
9239,2025-08-23,제주,의류,7,96273,0.15,5.0,54.0,673911,101086.65,572824.35
1057,2025-06-14,서울,전자제품,3,78489,0.3,1.0,47.0,235467,70640.1,164826.9
3155,2025-01-26,제주,생활용품,7,43446,0.15,4.0,45.0,304122,45618.3,258503.7
3788,2025-01-08,부산,생활용품,2,11166,0.2,2.0,32.0,22332,4466.4,17865.6
9190,2025-03-19,대구,전자제품,4,120545,0.1,2.0,47.0,482180,48218.0,433962.0
7826,2025-11-12,광주,생활용품,7,112577,0.05,4.0,62.0,788039,39401.95,748637.05
7540,2025-08-19,서울,식품,7,138492,0.1,1.0,43.0,969444,96944.4,872499.6
7232,2025-09-11,광주,전자제품,3,112369,0.3,4.0,61.0,337107,101132.1,235974.9
